catalog_index,video_id,type,title,title_raw,series_id,series_title,season_number,season_label,episode_number,chapter_start_seconds,chapter_end_seconds,year,studio,genre,genre_secondary,quality,language,subtitled,duration_raw,duration_seconds,views,thumbnail,video_url,embed_url
0,15692556471022,episode,Episodio 1,Hora de Aventura: Con Fionna y Cake - Temporada 1 (Cartoon N.) [1080p] [Español],hora-de-aventura-con-fionna-y-cake,Hora de Aventura: Con Fionna y Cake,1,,1,0,1491,,Cartoon N.,Animación,,1080p,Español,false,4:08:29,1491,173,catalogo_files/i_666_AN8C.webp,https://ok.ru/video/15692556471022,https://ok.ru/videoembed/15692556471022
1,15692556471022,episode,Episodio 2,Hora de Aventura: Con Fionna y Cake - Temporada 1 (Cartoon N.) [1080p] [Español],hora-de-aventura-con-fionna-y-cake,Hora de Aventura: Con Fionna y Cake,1,,2,1491,2982,,Cartoon N.,Animación,,1080p,Español,false,4:08:29,1491,173,catalogo_files/i_666_AN8C.webp,https://ok.ru/video/15692556471022,https://ok.ru/videoembed/15692556471022
2,15692556471022,episode,Episodio 3,Hora de Aventura: Con Fionna y Cake - Temporada 1 (Cartoon N.) [1080p] [Español],hora-de-aventura-con-fionna-y-cake,Hora de Aventura: Con Fionna y Cake,1,,3,2982,4473,,Cartoon N.,Animación,,1080p,Español,false,4:08:29,1491,173,catalogo_files/i_666_AN8C.webp,https://ok.ru/video/15692556471022,https://ok.ru/videoembed/15692556471022
3,15692556471022,episode,Episodio 4,Hora de Aventura: Con Fionna y Cake - Temporada 1 (Cartoon N.) [1080p] [Español],hora-de-aventura-con-fionna-y-cake,Hora de Aventura: Con Fionna y Cake,1,,4,4473,5964,,Cartoon N.,Animación,,1080p,Español,false,4:08:29,1491,173,catalogo_files/i_666_AN8C.webp,https://ok.ru/video/15692556471022,https://ok.ru/videoembed/15692556471022
4,15692556471022,episode,Episodio 5,Hora de Aventura: Con Fionna y Cake - Temporada 1 (Cartoon N.) [1080p] [Español],hora-de-aventura-con-fionna-y-cake,Hora de Aventura: Con Fionna y Cake,1,,5,5964,7454,,Cartoon N.,Animación,,1080p,Español,false,4:08:29,1490,173,catalogo_files/i_666_AN8C.webp,https://ok.ru/video/15692556471022,https://ok.ru/videoembed/15692556471022
5,15692556471022,episode,Episodio 6,Hora de Aventura: Con Fionna y Cake - Temporada 1 (Cartoon N.) [1080p] [Español],hora-de-aventura-con-fionna-y-cake,Hora de Aventura: Con Fionna y Cake,1,,6,7454,8945,,Cartoon N.,Animación,,1080p,Español,false,4:08:29,1491,173,catalogo_files/i_666_AN8C.webp,https://ok.ru/video/15692556471022,https://ok.ru/videoembed/15692556471022
6,15692556471022,episode,Episodio 7,Hora de Aventura: Con Fionna y Cake - Temporada 1 (Cartoon N.) [1080p] [Español],hora-de-aventura-con-fionna-y-cake,Hora de Aventura: Con Fionna y Cake,1,,7,8945,10436,,Cartoon N.,Animación,,1080p,Español,false,4:08:29,1491,173,catalogo_files/i_666_AN8C.webp,https://ok.ru/video/15692556471022,https://ok.ru/videoembed/15692556471022
7,15692556471022,episode,Episodio 8,Hora de Aventura: Con Fionna y Cake - Temporada 1 (Cartoon N.) [1080p] [Español],hora-de-aventura-con-fionna-y-cake,Hora de Aventura: Con Fionna y Cake,1,,8,10436,11927,,Cartoon N.,Animación,,1080p,Español,false,4:08:29,1491,173,catalogo_files/i_666_AN8C.webp,https://ok.ru/video/15692556471022,https://ok.ru/videoembed/15692556471022
8,15692556471022,episode,Episodio 9,Hora de Aventura: Con Fionna y Cake - Temporada 1 (Cartoon N.) [1080p] [Español],hora-de-aventura-con-fionna-y-cake,Hora de Aventura: Con Fionna y Cake,1,,9,11927,13418,,Cartoon N.,Animación,,1080p,Español,false,4:08:29,1491,173,catalogo_files/i_666_AN8C.webp,https://ok.ru/video/15692556471022,https://ok.ru/videoembed/15692556471022
9,15692556471022,episode,Episodio 10,Hora de Aventura: Con Fionna y Cake - Temporada 1 (Cartoon N.) [1080p] [Español],hora-de-aventura-con-fionna-y-cake,Hora de Aventura: Con Fionna y Cake,1,,10,13418,,,Cartoon N.,Animación,,1080p,Español,false,4:08:29,1491,173,catalogo_files/i_666_AN8C.webp,https://ok.ru/video/15692556471022,https://ok.ru/videoembed/15692556471022
10,15692993268462,episode,Episodio 1,Un show más - Temporada 2 (Cartoon N.) [1080p] [Español],un-show-mas,Un show más,2,,1,0,674,,Cartoon N.,Animación,,1080p,Español,false,5:14:41,674,124,catalogo_files/i_571_AN8C.webp,https://ok.ru/video/15692993268462,https://ok.ru/videoembed/15692993268462
11,15692993268462,episode,Episodio 2,Un show más - Temporada 2 (Cartoon N.) [1080p] [Español],un-show-mas,Un show más,2,,2,674,1349,,Cartoon N.,Animación,,1080p,Español,false,5:14:41,675,124,catalogo_files/i_571_AN8C.webp,https://ok.ru/video/15692993268462,https://ok.ru/videoembed/15692993268462
12,15692993268462,episode,Episodio 3,Un show más - Temporada 2 (Cartoon N.) [1080p] [Español],un-show-mas,Un show más,2,,3,1349,2023,,Cartoon N.,Animación,,1080p,Español,false,5:14:41,674,124,catalogo_files/i_571_AN8C.webp,https://ok.ru/video/15692993268462,https://ok.ru/videoembed/15692993268462
13,15692993268462,episode,Episodio 4,Un show más - Temporada 2 (Cartoon N.) [1080p] [Español],un-show-mas,Un show más,2,,4,2023,2697,,Cartoon N.,Animación,,1080p,Español,false,5:14:41,674,124,catalogo_files/i_571_AN8C.webp,https://ok.ru/video/15692993268462,https://ok.ru/videoembed/15692993268462
14,15692993268462,episode,Episodio 5,Un show más - Temporada 2 (Cartoon N.) [1080p] [Español],un-show-mas,Un show más,2,,5,2697,3372,,Cartoon N.,Animación,,1080p,Español,false,5:14:41,675,124,catalogo_files/i_571_AN8C.webp,https://ok.ru/video/15692993268462,https://ok.ru/videoembed/15692993268462
15,15692993268462,episode,Episodio 6,Un show más - Temporada 2 (Cartoon N.) [1080p] [Español],un-show-mas,Un show más,2,,6,3372,4046,,Cartoon N.,Animación,,1080p,Español,false,5:14:41,674,124,catalogo_files/i_571_AN8C.webp,https://ok.ru/video/15692993268462,https://ok.ru/videoembed/15692993268462
16,15692993268462,episode,Episodio 7,Un show más - Temporada 2 (Cartoon N.) [1080p] [Español],un-show-mas,Un show más,2,,7,4046,4720,,Cartoon N.,Animación,,1080p,Español,false,5:14:41,674,124,catalogo_files/i_571_AN8C.webp,https://ok.ru/video/15692993268462,https://ok.ru/videoembed/15692993268462
17,15692993268462,episode,Episodio 8,Un show más - Temporada 2 (Cartoon N.) [1080p] [Español],un-show-mas,Un show más,2,,8,4720,5395,,Cartoon N.,Animación,,1080p,Español,false,5:14:41,675,124,catalogo_files/i_571_AN8C.webp,https://ok.ru/video/15692993268462,https://ok.ru/videoembed/15692993268462
18,15692993268462,episode,Episodio 9,Un show más - Temporada 2 (Cartoon N.) [1080p] [Español],un-show-mas,Un show más,2,,9,5395,6069,,Cartoon N.,Animación,,1080p,Español,false,5:14:41,674,124,catalogo_files/i_571_AN8C.webp,https://ok.ru/video/15692993268462,https://ok.ru/videoembed/15692993268462
19,15692993268462,episode,Episodio 10,Un show más - Temporada 2 (Cartoon N.) [1080p] [Español],un-show-mas,Un show más,2,,10,6069,6743,,Cartoon N.,Animación,,1080p,Español,false,5:14:41,674,124,catalogo_files/i_571_AN8C.webp,https://ok.ru/video/15692993268462,https://ok.ru/videoembed/15692993268462
20,15692993268462,episode,Episodio 11,Un show más - Temporada 2 (Cartoon N.) [1080p] [Español],un-show-mas,Un show más,2,,11,6743,7418,,Cartoon N.,Animación,,1080p,Español,false,5:14:41,675,124,catalogo_files/i_571_AN8C.webp,https://ok.ru/video/15692993268462,https://ok.ru/videoembed/15692993268462
21,15692993268462,episode,Episodio 12,Un show más - Temporada 2 (Cartoon N.) [1080p] [Español],un-show-mas,Un show más,2,,12,7418,8092,,Cartoon N.,Animación,,1080p,Español,false,5:14:41,674,124,catalogo_files/i_571_AN8C.webp,https://ok.ru/video/15692993268462,https://ok.ru/videoembed/15692993268462
22,15692993268462,episode,Episodio 13,Un show más - Temporada 2 (Cartoon N.) [1080p] [Español],un-show-mas,Un show más,2,,13,8092,8766,,Cartoon N.,Animación,,1080p,Español,false,5:14:41,674,124,catalogo_files/i_571_AN8C.webp,https://ok.ru/video/15692993268462,https://ok.ru/videoembed/15692993268462
23,15692993268462,episode,Episodio 14,Un show más - Temporada 2 (Cartoon N.) [1080p] [Español],un-show-mas,Un show más,2,,14,8766,9440,,Cartoon N.,Animación,,1080p,Español,false,5:14:41,674,124,catalogo_files/i_571_AN8C.webp,https://ok.ru/video/15692993268462,https://ok.ru/videoembed/15692993268462
24,15692993268462,episode,Episodio 15,Un show más - Temporada 2 (Cartoon N.) [1080p] [Español],un-show-mas,Un show más,2,,15,9440,10115,,Cartoon N.,Animación,,1080p,Español,false,5:14:41,675,124,catalogo_files/i_571_AN8C.webp,https://ok.ru/video/15692993268462,https://ok.ru/videoembed/15692993268462
25,15692993268462,episode,Episodio 16,Un show más - Temporada 2 (Cartoon N.) [1080p] [Español],un-show-mas,Un show más,2,,16,10115,10789,,Cartoon N.,Animación,,1080p,Español,false,5:14:41,674,124,catalogo_files/i_571_AN8C.webp,https://ok.ru/video/15692993268462,https://ok.ru/videoembed/15692993268462
26,15692993268462,episode,Episodio 17,Un show más - Temporada 2 (Cartoon N.) [1080p] [Español],un-show-mas,Un show más,2,,17,10789,11463,,Cartoon N.,Animación,,1080p,Español,false,5:14:41,674,124,catalogo_files/i_571_AN8C.webp,https://ok.ru/video/15692993268462,https://ok.ru/videoembed/15692993268462
27,15692993268462,episode,Episodio 18,Un show más - Temporada 2 (Cartoon N.) [1080p] [Español],un-show-mas,Un show más,2,,18,11463,12138,,Cartoon N.,Animación,,1080p,Español,false,5:14:41,675,124,catalogo_files/i_571_AN8C.webp,https://ok.ru/video/15692993268462,https://ok.ru/videoembed/15692993268462
28,15692993268462,episode,Episodio 19,Un show más - Temporada 2 (Cartoon N.) [1080p] [Español],un-show-mas,Un show más,2,,19,12138,12812,,Cartoon N.,Animación,,1080p,Español,false,5:14:41,674,124,catalogo_files/i_571_AN8C.webp,https://ok.ru/video/15692993268462,https://ok.ru/videoembed/15692993268462
29,15692993268462,episode,Episodio 20,Un show más - Temporada 2 (Cartoon N.) [1080p] [Español],un-show-mas,Un show más,2,,20,12812,13486,,Cartoon N.,Animación,,1080p,Español,false,5:14:41,674,124,catalogo_files/i_571_AN8C.webp,https://ok.ru/video/15692993268462,https://ok.ru/videoembed/15692993268462
30,15692993268462,episode,Episodio 21,Un show más - Temporada 2 (Cartoon N.) [1080p] [Español],un-show-mas,Un show más,2,,21,13486,14161,,Cartoon N.,Animación,,1080p,Español,false,5:14:41,675,124,catalogo_files/i_571_AN8C.webp,https://ok.ru/video/15692993268462,https://ok.ru/videoembed/15692993268462
31,15692993268462,episode,Episodio 22,Un show más - Temporada 2 (Cartoon N.) [1080p] [Español],un-show-mas,Un show más,2,,22,14161,14835,,Cartoon N.,Animación,,1080p,Español,false,5:14:41,674,124,catalogo_files/i_571_AN8C.webp,https://ok.ru/video/15692993268462,https://ok.ru/videoembed/15692993268462
32,15692993268462,episode,Episodio 23,Un show más - Temporada 2 (Cartoon N.) [1080p] [Español],un-show-mas,Un show más,2,,23,14835,15509,,Cartoon N.,Animación,,1080p,Español,false,5:14:41,674,124,catalogo_files/i_571_AN8C.webp,https://ok.ru/video/15692993268462,https://ok.ru/videoembed/15692993268462
33,15692993268462,episode,Episodio 24,Un show más - Temporada 2 (Cartoon N.) [1080p] [Español],un-show-mas,Un show más,2,,24,15509,16184,,Cartoon N.,Animación,,1080p,Español,false,5:14:41,675,124,catalogo_files/i_571_AN8C.webp,https://ok.ru/video/15692993268462,https://ok.ru/videoembed/15692993268462
34,15692993268462,episode,Episodio 25,Un show más - Temporada 2 (Cartoon N.) [1080p] [Español],un-show-mas,Un show más,2,,25,16184,16858,,Cartoon N.,Animación,,1080p,Español,false,5:14:41,674,124,catalogo_files/i_571_AN8C.webp,https://ok.ru/video/15692993268462,https://ok.ru/videoembed/15692993268462
35,15692993268462,episode,Episodio 26,Un show más - Temporada 2 (Cartoon N.) [1080p] [Español],un-show-mas,Un show más,2,,26,16858,17532,,Cartoon N.,Animación,,1080p,Español,false,5:14:41,674,124,catalogo_files/i_571_AN8C.webp,https://ok.ru/video/15692993268462,https://ok.ru/videoembed/15692993268462
36,15692993268462,episode,Episodio 27,Un show más - Temporada 2 (Cartoon N.) [1080p] [Español],un-show-mas,Un show más,2,,27,17532,18207,,Cartoon N.,Animación,,1080p,Español,false,5:14:41,675,124,catalogo_files/i_571_AN8C.webp,https://ok.ru/video/15692993268462,https://ok.ru/videoembed/15692993268462
37,15692993268462,episode,Episodio 28,Un show más - Temporada 2 (Cartoon N.) [1080p] [Español],un-show-mas,Un show más,2,,28,18207,,,Cartoon N.,Animación,,1080p,Español,false,5:14:41,674,124,catalogo_files/i_571_AN8C.webp,https://ok.ru/video/15692993268462,https://ok.ru/videoembed/15692993268462
38,15692132518638,episode,Episodio 1,Hora de Aventura - Temporada 2 (Cartoon N.) [1080p] [Español],hora-de-aventura,Hora de Aventura,2,,1,0,675,,Cartoon N.,Animación,,1080p,Español,false,4:52:35,675,137,catalogo_files/i_479_AN8C.webp,https://ok.ru/video/15692132518638,https://ok.ru/videoembed/15692132518638
39,15692132518638,episode,Episodio 2,Hora de Aventura - Temporada 2 (Cartoon N.) [1080p] [Español],hora-de-aventura,Hora de Aventura,2,,2,675,1350,,Cartoon N.,Animación,,1080p,Español,false,4:52:35,675,137,catalogo_files/i_479_AN8C.webp,https://ok.ru/video/15692132518638,https://ok.ru/videoembed/15692132518638
40,15692132518638,episode,Episodio 3,Hora de Aventura - Temporada 2 (Cartoon N.) [1080p] [Español],hora-de-aventura,Hora de Aventura,2,,3,1350,2026,,Cartoon N.,Animación,,1080p,Español,false,4:52:35,676,137,catalogo_files/i_479_AN8C.webp,https://ok.ru/video/15692132518638,https://ok.ru/videoembed/15692132518638
41,15692132518638,episode,Episodio 4,Hora de Aventura - Temporada 2 (Cartoon N.) [1080p] [Español],hora-de-aventura,Hora de Aventura,2,,4,2026,2701,,Cartoon N.,Animación,,1080p,Español,false,4:52:35,675,137,catalogo_files/i_479_AN8C.webp,https://ok.ru/video/15692132518638,https://ok.ru/videoembed/15692132518638
42,15692132518638,episode,Episodio 5,Hora de Aventura - Temporada 2 (Cartoon N.) [1080p] [Español],hora-de-aventura,Hora de Aventura,2,,5,2701,3376,,Cartoon N.,Animación,,1080p,Español,false,4:52:35,675,137,catalogo_files/i_479_AN8C.webp,https://ok.ru/video/15692132518638,https://ok.ru/videoembed/15692132518638
43,15692132518638,episode,Episodio 6,Hora de Aventura - Temporada 2 (Cartoon N.) [1080p] [Español],hora-de-aventura,Hora de Aventura,2,,6,3376,4051,,Cartoon N.,Animación,,1080p,Español,false,4:52:35,675,137,catalogo_files/i_479_AN8C.webp,https://ok.ru/video/15692132518638,https://ok.ru/videoembed/15692132518638
44,15692132518638,episode,Episodio 7,Hora de Aventura - Temporada 2 (Cartoon N.) [1080p] [Español],hora-de-aventura,Hora de Aventura,2,,7,4051,4726,,Cartoon N.,Animación,,1080p,Español,false,4:52:35,675,137,catalogo_files/i_479_AN8C.webp,https://ok.ru/video/15692132518638,https://ok.ru/videoembed/15692132518638
45,15692132518638,episode,Episodio 8,Hora de Aventura - Temporada 2 (Cartoon N.) [1080p] [Español],hora-de-aventura,Hora de Aventura,2,,8,4726,5402,,Cartoon N.,Animación,,1080p,Español,false,4:52:35,676,137,catalogo_files/i_479_AN8C.webp,https://ok.ru/video/15692132518638,https://ok.ru/videoembed/15692132518638
46,15692132518638,episode,Episodio 9,Hora de Aventura - Temporada 2 (Cartoon N.) [1080p] [Español],hora-de-aventura,Hora de Aventura,2,,9,5402,6077,,Cartoon N.,Animación,,1080p,Español,false,4:52:35,675,137,catalogo_files/i_479_AN8C.webp,https://ok.ru/video/15692132518638,https://ok.ru/videoembed/15692132518638
47,15692132518638,episode,Episodio 10,Hora de Aventura - Temporada 2 (Cartoon N.) [1080p] [Español],hora-de-aventura,Hora de Aventura,2,,10,6077,6752,,Cartoon N.,Animación,,1080p,Español,false,4:52:35,675,137,catalogo_files/i_479_AN8C.webp,https://ok.ru/video/15692132518638,https://ok.ru/videoembed/15692132518638
48,15692132518638,episode,Episodio 11,Hora de Aventura - Temporada 2 (Cartoon N.) [1080p] [Español],hora-de-aventura,Hora de Aventura,2,,11,6752,7427,,Cartoon N.,Animación,,1080p,Español,false,4:52:35,675,137,catalogo_files/i_479_AN8C.webp,https://ok.ru/video/15692132518638,https://ok.ru/videoembed/15692132518638
49,15692132518638,episode,Episodio 12,Hora de Aventura - Temporada 2 (Cartoon N.) [1080p] [Español],hora-de-aventura,Hora de Aventura,2,,12,7427,8102,,Cartoon N.,Animación,,1080p,Español,false,4:52:35,675,137,catalogo_files/i_479_AN8C.webp,https://ok.ru/video/15692132518638,https://ok.ru/videoembed/15692132518638
50,15692132518638,episode,Episodio 13,Hora de Aventura - Temporada 2 (Cartoon N.) [1080p] [Español],hora-de-aventura,Hora de Aventura,2,,13,8102,8778,,Cartoon N.,Animación,,1080p,Español,false,4:52:35,676,137,catalogo_files/i_479_AN8C.webp,https://ok.ru/video/15692132518638,https://ok.ru/videoembed/15692132518638
51,15692132518638,episode,Episodio 14,Hora de Aventura - Temporada 2 (Cartoon N.) [1080p] [Español],hora-de-aventura,Hora de Aventura,2,,14,8778,9453,,Cartoon N.,Animación,,1080p,Español,false,4:52:35,675,137,catalogo_files/i_479_AN8C.webp,https://ok.ru/video/15692132518638,https://ok.ru/videoembed/15692132518638
52,15692132518638,episode,Episodio 15,Hora de Aventura - Temporada 2 (Cartoon N.) [1080p] [Español],hora-de-aventura,Hora de Aventura,2,,15,9453,10128,,Cartoon N.,Animación,,1080p,Español,false,4:52:35,675,137,catalogo_files/i_479_AN8C.webp,https://ok.ru/video/15692132518638,https://ok.ru/videoembed/15692132518638
53,15692132518638,episode,Episodio 16,Hora de Aventura - Temporada 2 (Cartoon N.) [1080p] [Español],hora-de-aventura,Hora de Aventura,2,,16,10128,10803,,Cartoon N.,Animación,,1080p,Español,false,4:52:35,675,137,catalogo_files/i_479_AN8C.webp,https://ok.ru/video/15692132518638,https://ok.ru/videoembed/15692132518638
54,15692132518638,episode,Episodio 17,Hora de Aventura - Temporada 2 (Cartoon N.) [1080p] [Español],hora-de-aventura,Hora de Aventura,2,,17,10803,11478,,Cartoon N.,Animación,,1080p,Español,false,4:52:35,675,137,catalogo_files/i_479_AN8C.webp,https://ok.ru/video/15692132518638,https://ok.ru/videoembed/15692132518638
55,15692132518638,episode,Episodio 18,Hora de Aventura - Temporada 2 (Cartoon N.) [1080p] [Español],hora-de-aventura,Hora de Aventura,2,,18,11478,12153,,Cartoon N.,Animación,,1080p,Español,false,4:52:35,675,137,catalogo_files/i_479_AN8C.webp,https://ok.ru/video/15692132518638,https://ok.ru/videoembed/15692132518638
56,15692132518638,episode,Episodio 19,Hora de Aventura - Temporada 2 (Cartoon N.) [1080p] [Español],hora-de-aventura,Hora de Aventura,2,,19,12153,12829,,Cartoon N.,Animación,,1080p,Español,false,4:52:35,676,137,catalogo_files/i_479_AN8C.webp,https://ok.ru/video/15692132518638,https://ok.ru/videoembed/15692132518638
57,15692132518638,episode,Episodio 20,Hora de Aventura - Temporada 2 (Cartoon N.) [1080p] [Español],hora-de-aventura,Hora de Aventura,2,,20,12829,13504,,Cartoon N.,Animación,,1080p,Español,false,4:52:35,675,137,catalogo_files/i_479_AN8C.webp,https://ok.ru/video/15692132518638,https://ok.ru/videoembed/15692132518638
58,15692132518638,episode,Episodio 21,Hora de Aventura - Temporada 2 (Cartoon N.) [1080p] [Español],hora-de-aventura,Hora de Aventura,2,,21,13504,14179,,Cartoon N.,Animación,,1080p,Español,false,4:52:35,675,137,catalogo_files/i_479_AN8C.webp,https://ok.ru/video/15692132518638,https://ok.ru/videoembed/15692132518638
59,15692132518638,episode,Episodio 22,Hora de Aventura - Temporada 2 (Cartoon N.) [1080p] [Español],hora-de-aventura,Hora de Aventura,2,,22,14179,14854,,Cartoon N.,Animación,,1080p,Español,false,4:52:35,675,137,catalogo_files/i_479_AN8C.webp,https://ok.ru/video/15692132518638,https://ok.ru/videoembed/15692132518638
60,15692132518638,episode,Episodio 23,Hora de Aventura - Temporada 2 (Cartoon N.) [1080p] [Español],hora-de-aventura,Hora de Aventura,2,,23,14854,15529,,Cartoon N.,Animación,,1080p,Español,false,4:52:35,675,137,catalogo_files/i_479_AN8C.webp,https://ok.ru/video/15692132518638,https://ok.ru/videoembed/15692132518638
61,15692132518638,episode,Episodio 24,Hora de Aventura - Temporada 2 (Cartoon N.) [1080p] [Español],hora-de-aventura,Hora de Aventura,2,,24,15529,16205,,Cartoon N.,Animación,,1080p,Español,false,4:52:35,676,137,catalogo_files/i_479_AN8C.webp,https://ok.ru/video/15692132518638,https://ok.ru/videoembed/15692132518638
62,15692132518638,episode,Episodio 25,Hora de Aventura - Temporada 2 (Cartoon N.) [1080p] [Español],hora-de-aventura,Hora de Aventura,2,,25,16205,16880,,Cartoon N.,Animación,,1080p,Español,false,4:52:35,675,137,catalogo_files/i_479_AN8C.webp,https://ok.ru/video/15692132518638,https://ok.ru/videoembed/15692132518638
63,15692132518638,episode,Episodio 26,Hora de Aventura - Temporada 2 (Cartoon N.) [1080p] [Español],hora-de-aventura,Hora de Aventura,2,,26,16880,,,Cartoon N.,Animación,,1080p,Español,false,4:52:35,675,137,catalogo_files/i_479_AN8C.webp,https://ok.ru/video/15692132518638,https://ok.ru/videoembed/15692132518638
64,15693794446062,episode,Episodio 1,Chowder - Temporada 2 (Cartoon N.) [1080p] [Español],chowder,Chowder,2,,1,0,1378,,Cartoon N.,Animación,,1080p,Español,false,7:39:17,1378,146,catalogo_files/i_870_AN8C.webp,https://ok.ru/video/15693794446062,https://ok.ru/videoembed/15693794446062
65,15693794446062,episode,Episodio 2,Chowder - Temporada 2 (Cartoon N.) [1080p] [Español],chowder,Chowder,2,,2,1378,2756,,Cartoon N.,Animación,,1080p,Español,false,7:39:17,1378,146,catalogo_files/i_870_AN8C.webp,https://ok.ru/video/15693794446062,https://ok.ru/videoembed/15693794446062
66,15693794446062,episode,Episodio 3,Chowder - Temporada 2 (Cartoon N.) [1080p] [Español],chowder,Chowder,2,,3,2756,4134,,Cartoon N.,Animación,,1080p,Español,false,7:39:17,1378,146,catalogo_files/i_870_AN8C.webp,https://ok.ru/video/15693794446062,https://ok.ru/videoembed/15693794446062
67,15693794446062,episode,Episodio 4,Chowder - Temporada 2 (Cartoon N.) [1080p] [Español],chowder,Chowder,2,,4,4134,5511,,Cartoon N.,Animación,,1080p,Español,false,7:39:17,1377,146,catalogo_files/i_870_AN8C.webp,https://ok.ru/video/15693794446062,https://ok.ru/videoembed/15693794446062
68,15693794446062,episode,Episodio 5,Chowder - Temporada 2 (Cartoon N.) [1080p] [Español],chowder,Chowder,2,,5,5511,6889,,Cartoon N.,Animación,,1080p,Español,false,7:39:17,1378,146,catalogo_files/i_870_AN8C.webp,https://ok.ru/video/15693794446062,https://ok.ru/videoembed/15693794446062
69,15693794446062,episode,Episodio 6,Chowder - Temporada 2 (Cartoon N.) [1080p] [Español],chowder,Chowder,2,,6,6889,8267,,Cartoon N.,Animación,,1080p,Español,false,7:39:17,1378,146,catalogo_files/i_870_AN8C.webp,https://ok.ru/video/15693794446062,https://ok.ru/videoembed/15693794446062
70,15693794446062,episode,Episodio 7,Chowder - Temporada 2 (Cartoon N.) [1080p] [Español],chowder,Chowder,2,,7,8267,9645,,Cartoon N.,Animación,,1080p,Español,false,7:39:17,1378,146,catalogo_files/i_870_AN8C.webp,https://ok.ru/video/15693794446062,https://ok.ru/videoembed/15693794446062
71,15693794446062,episode,Episodio 8,Chowder - Temporada 2 (Cartoon N.) [1080p] [Español],chowder,Chowder,2,,8,9645,11023,,Cartoon N.,Animación,,1080p,Español,false,7:39:17,1378,146,catalogo_files/i_870_AN8C.webp,https://ok.ru/video/15693794446062,https://ok.ru/videoembed/15693794446062
72,15693794446062,episode,Episodio 9,Chowder - Temporada 2 (Cartoon N.) [1080p] [Español],chowder,Chowder,2,,9,11023,12401,,Cartoon N.,Animación,,1080p,Español,false,7:39:17,1378,146,catalogo_files/i_870_AN8C.webp,https://ok.ru/video/15693794446062,https://ok.ru/videoembed/15693794446062
73,15693794446062,episode,Episodio 10,Chowder - Temporada 2 (Cartoon N.) [1080p] [Español],chowder,Chowder,2,,10,12401,13778,,Cartoon N.,Animación,,1080p,Español,false,7:39:17,1377,146,catalogo_files/i_870_AN8C.webp,https://ok.ru/video/15693794446062,https://ok.ru/videoembed/15693794446062
74,15693794446062,episode,Episodio 11,Chowder - Temporada 2 (Cartoon N.) [1080p] [Español],chowder,Chowder,2,,11,13778,15156,,Cartoon N.,Animación,,1080p,Español,false,7:39:17,1378,146,catalogo_files/i_870_AN8C.webp,https://ok.ru/video/15693794446062,https://ok.ru/videoembed/15693794446062
75,15693794446062,episode,Episodio 12,Chowder - Temporada 2 (Cartoon N.) [1080p] [Español],chowder,Chowder,2,,12,15156,16534,,Cartoon N.,Animación,,1080p,Español,false,7:39:17,1378,146,catalogo_files/i_870_AN8C.webp,https://ok.ru/video/15693794446062,https://ok.ru/videoembed/15693794446062
76,15693794446062,episode,Episodio 13,Chowder - Temporada 2 (Cartoon N.) [1080p] [Español],chowder,Chowder,2,,13,16534,17912,,Cartoon N.,Animación,,1080p,Español,false,7:39:17,1378,146,catalogo_files/i_870_AN8C.webp,https://ok.ru/video/15693794446062,https://ok.ru/videoembed/15693794446062
77,15693794446062,episode,Episodio 14,Chowder - Temporada 2 (Cartoon N.) [1080p] [Español],chowder,Chowder,2,,14,17912,19290,,Cartoon N.,Animación,,1080p,Español,false,7:39:17,1378,146,catalogo_files/i_870_AN8C.webp,https://ok.ru/video/15693794446062,https://ok.ru/videoembed/15693794446062
78,15693794446062,episode,Episodio 15,Chowder - Temporada 2 (Cartoon N.) [1080p] [Español],chowder,Chowder,2,,15,19290,20668,,Cartoon N.,Animación,,1080p,Español,false,7:39:17,1378,146,catalogo_files/i_870_AN8C.webp,https://ok.ru/video/15693794446062,https://ok.ru/videoembed/15693794446062
79,15693794446062,episode,Episodio 16,Chowder - Temporada 2 (Cartoon N.) [1080p] [Español],chowder,Chowder,2,,16,20668,22046,,Cartoon N.,Animación,,1080p,Español,false,7:39:17,1378,146,catalogo_files/i_870_AN8C.webp,https://ok.ru/video/15693794446062,https://ok.ru/videoembed/15693794446062
80,15693794446062,episode,Episodio 17,Chowder - Temporada 2 (Cartoon N.) [1080p] [Español],chowder,Chowder,2,,17,22046,23423,,Cartoon N.,Animación,,1080p,Español,false,7:39:17,1377,146,catalogo_files/i_870_AN8C.webp,https://ok.ru/video/15693794446062,https://ok.ru/videoembed/15693794446062
81,15693794446062,episode,Episodio 18,Chowder - Temporada 2 (Cartoon N.) [1080p] [Español],chowder,Chowder,2,,18,23423,24801,,Cartoon N.,Animación,,1080p,Español,false,7:39:17,1378,146,catalogo_files/i_870_AN8C.webp,https://ok.ru/video/15693794446062,https://ok.ru/videoembed/15693794446062
82,15693794446062,episode,Episodio 19,Chowder - Temporada 2 (Cartoon N.) [1080p] [Español],chowder,Chowder,2,,19,24801,26179,,Cartoon N.,Animación,,1080p,Español,false,7:39:17,1378,146,catalogo_files/i_870_AN8C.webp,https://ok.ru/video/15693794446062,https://ok.ru/videoembed/15693794446062
83,15693794446062,episode,Episodio 20,Chowder - Temporada 2 (Cartoon N.) [1080p] [Español],chowder,Chowder,2,,20,26179,,,Cartoon N.,Animación,,1080p,Español,false,7:39:17,1378,146,catalogo_files/i_870_AN8C.webp,https://ok.ru/video/15693794446062,https://ok.ru/videoembed/15693794446062
84,15648010144494,season,Love Death & Robots,Love Death & Robots - Temporada 3 [4K] [Español],love-death-robots,Love Death & Robots,3,,,,,,,Ciencia Ficción,Animación,4K,Español,false,2:13:42,8022,1444,catalogo_files/i_599_AN8C.webp,https://ok.ru/video/15648010144494,https://ok.ru/videoembed/15648010144494
85,15618500987630,movie,Crows Zero,Crows Zero (2007) [1080p] [Español],,,,,,,,2007,,Acción,,1080p,Español,false,2:04:46,7486,543,catalogo_files/i_162_AN8C.webp,https://ok.ru/video/15618500987630,https://ok.ru/videoembed/15618500987630
86,15635260508910,movie,Heidi,Heidi (2005) [1080p] [Español],,,,,,,,2005,,Anime,Infantil,1080p,Español,false,1:43:43,6223,517,catalogo_files/i_488_AN8C.webp,https://ok.ru/video/15635260508910,https://ok.ru/videoembed/15635260508910
87,15649028639470,movie,Blue Spring,Blue Spring (2001) [1080p] [Sub Español],,,,,,,,2001,,Drama,,1080p,Español,true,1:22:16,4936,471,catalogo_files/i_814_AN8C.webp,https://ok.ru/video/15649028639470,https://ok.ru/videoembed/15649028639470
88,15633347906286,movie,"Babe, el puerquito valiente","Babe, el puerquito valiente (1995) [4K] [Español]",,,,,,,,1995,,Comedia,Infantil,4K,Español,false,1:31:55,5515,727,catalogo_files/i_147_AN8C.webp,https://ok.ru/video/15633347906286,https://ok.ru/videoembed/15633347906286
89,15626106112750,movie,El final de la Calle Oak,El final de la Calle Oak (WarnerBros) [4K] [Español],,,,,,,,,WarnerBros,Drama,,4K,Español,false,1:39:44,5984,2157,catalogo_files/i_169_AN8C.webp,https://ok.ru/video/15626106112750,https://ok.ru/videoembed/15626106112750
90,15624533641966,movie,Tierra de pesadillas,Tierra de pesadillas (2005) [4K] [Español],,,,,,,,2005,,Terror,,4K,Español,false,2:00:04,7204,913,catalogo_files/i_196_AN8C.webp,https://ok.ru/video/15624533641966,https://ok.ru/videoembed/15624533641966
91,15606811134702,movie,La gran aventura LEGO,La gran aventura LEGO (WarnerBros) [4K] [Español],,,,,,,,,WarnerBros,Animación,Infantil,4K,Español,false,1:40:34,6034,1214,catalogo_files/i_341_AN8C.webp,https://ok.ru/video/15606811134702,https://ok.ru/videoembed/15606811134702
92,15606412217070,movie,Ghost in the Shell: vigilante del futuro,Ghost in the Shell: vigilante del futuro [4K] [Español],,,,,,,,,,Anime,Ciencia Ficción,4K,Español,false,1:46:56,6416,1126,catalogo_files/i_621_AN8C.webp,https://ok.ru/video/15606412217070,https://ok.ru/videoembed/15606412217070
93,15605367114478,movie,Spider-Man: A través del Spider-Verso,Spider-Man: A través del Spider-Verso (Marvel) [4K] [Español],,,,,,,,,Marvel,Superhéroes,Acción,4K,Español,false,2:20:06,8406,1249,catalogo_files/i_686_AN8C.webp,https://ok.ru/video/15605367114478,https://ok.ru/videoembed/15605367114478
94,15591096912622,episode,Episodio 1,Las sombrías aventuras de Billy y Mandy - Temporada 1 (Cartoon N.) [1080p] [Español],las-sombrias-aventuras-de-billy-y-mandy,Las sombrías aventuras de Billy y Mandy,1,,1,0,1503,,Cartoon N.,Animación,,1080p,Español,false,5:25:36,1503,1425,catalogo_files/i_007_AN8C.webp,https://ok.ru/video/15591096912622,https://ok.ru/videoembed/15591096912622
95,15591096912622,episode,Episodio 2,Las sombrías aventuras de Billy y Mandy - Temporada 1 (Cartoon N.) [1080p] [Español],las-sombrias-aventuras-de-billy-y-mandy,Las sombrías aventuras de Billy y Mandy,1,,2,1503,3006,,Cartoon N.,Animación,,1080p,Español,false,5:25:36,1503,1425,catalogo_files/i_007_AN8C.webp,https://ok.ru/video/15591096912622,https://ok.ru/videoembed/15591096912622
96,15591096912622,episode,Episodio 3,Las sombrías aventuras de Billy y Mandy - Temporada 1 (Cartoon N.) [1080p] [Español],las-sombrias-aventuras-de-billy-y-mandy,Las sombrías aventuras de Billy y Mandy,1,,3,3006,4508,,Cartoon N.,Animación,,1080p,Español,false,5:25:36,1502,1425,catalogo_files/i_007_AN8C.webp,https://ok.ru/video/15591096912622,https://ok.ru/videoembed/15591096912622
97,15591096912622,episode,Episodio 4,Las sombrías aventuras de Billy y Mandy - Temporada 1 (Cartoon N.) [1080p] [Español],las-sombrias-aventuras-de-billy-y-mandy,Las sombrías aventuras de Billy y Mandy,1,,4,4508,6011,,Cartoon N.,Animación,,1080p,Español,false,5:25:36,1503,1425,catalogo_files/i_007_AN8C.webp,https://ok.ru/video/15591096912622,https://ok.ru/videoembed/15591096912622
98,15591096912622,episode,Episodio 5,Las sombrías aventuras de Billy y Mandy - Temporada 1 (Cartoon N.) [1080p] [Español],las-sombrias-aventuras-de-billy-y-mandy,Las sombrías aventuras de Billy y Mandy,1,,5,6011,7514,,Cartoon N.,Animación,,1080p,Español,false,5:25:36,1503,1425,catalogo_files/i_007_AN8C.webp,https://ok.ru/video/15591096912622,https://ok.ru/videoembed/15591096912622
99,15591096912622,episode,Episodio 6,Las sombrías aventuras de Billy y Mandy - Temporada 1 (Cartoon N.) [1080p] [Español],las-sombrias-aventuras-de-billy-y-mandy,Las sombrías aventuras de Billy y Mandy,1,,6,7514,9017,,Cartoon N.,Animación,,1080p,Español,false,5:25:36,1503,1425,catalogo_files/i_007_AN8C.webp,https://ok.ru/video/15591096912622,https://ok.ru/videoembed/15591096912622
100,15591096912622,episode,Episodio 7,Las sombrías aventuras de Billy y Mandy - Temporada 1 (Cartoon N.) [1080p] [Español],las-sombrias-aventuras-de-billy-y-mandy,Las sombrías aventuras de Billy y Mandy,1,,7,9017,10519,,Cartoon N.,Animación,,1080p,Español,false,5:25:36,1502,1425,catalogo_files/i_007_AN8C.webp,https://ok.ru/video/15591096912622,https://ok.ru/videoembed/15591096912622
101,15591096912622,episode,Episodio 8,Las sombrías aventuras de Billy y Mandy - Temporada 1 (Cartoon N.) [1080p] [Español],las-sombrias-aventuras-de-billy-y-mandy,Las sombrías aventuras de Billy y Mandy,1,,8,10519,12022,,Cartoon N.,Animación,,1080p,Español,false,5:25:36,1503,1425,catalogo_files/i_007_AN8C.webp,https://ok.ru/video/15591096912622,https://ok.ru/videoembed/15591096912622
102,15591096912622,episode,Episodio 9,Las sombrías aventuras de Billy y Mandy - Temporada 1 (Cartoon N.) [1080p] [Español],las-sombrias-aventuras-de-billy-y-mandy,Las sombrías aventuras de Billy y Mandy,1,,9,12022,13525,,Cartoon N.,Animación,,1080p,Español,false,5:25:36,1503,1425,catalogo_files/i_007_AN8C.webp,https://ok.ru/video/15591096912622,https://ok.ru/videoembed/15591096912622
103,15591096912622,episode,Episodio 10,Las sombrías aventuras de Billy y Mandy - Temporada 1 (Cartoon N.) [1080p] [Español],las-sombrias-aventuras-de-billy-y-mandy,Las sombrías aventuras de Billy y Mandy,1,,10,13525,15028,,Cartoon N.,Animación,,1080p,Español,false,5:25:36,1503,1425,catalogo_files/i_007_AN8C.webp,https://ok.ru/video/15591096912622,https://ok.ru/videoembed/15591096912622
104,15591096912622,episode,Episodio 11,Las sombrías aventuras de Billy y Mandy - Temporada 1 (Cartoon N.) [1080p] [Español],las-sombrias-aventuras-de-billy-y-mandy,Las sombrías aventuras de Billy y Mandy,1,,11,15028,16530,,Cartoon N.,Animación,,1080p,Español,false,5:25:36,1502,1425,catalogo_files/i_007_AN8C.webp,https://ok.ru/video/15591096912622,https://ok.ru/videoembed/15591096912622
105,15591096912622,episode,Episodio 12,Las sombrías aventuras de Billy y Mandy - Temporada 1 (Cartoon N.) [1080p] [Español],las-sombrias-aventuras-de-billy-y-mandy,Las sombrías aventuras de Billy y Mandy,1,,12,16530,18033,,Cartoon N.,Animación,,1080p,Español,false,5:25:36,1503,1425,catalogo_files/i_007_AN8C.webp,https://ok.ru/video/15591096912622,https://ok.ru/videoembed/15591096912622
106,15591096912622,episode,Episodio 13,Las sombrías aventuras de Billy y Mandy - Temporada 1 (Cartoon N.) [1080p] [Español],las-sombrias-aventuras-de-billy-y-mandy,Las sombrías aventuras de Billy y Mandy,1,,13,18033,,,Cartoon N.,Animación,,1080p,Español,false,5:25:36,1503,1425,catalogo_files/i_007_AN8C.webp,https://ok.ru/video/15591096912622,https://ok.ru/videoembed/15591096912622
107,15413314587374,episode,Episodio 1,"Coraje, el perro cobarde - Temporada 3 (Cartoon N.) [1080p] [Español]",coraje-el-perro-cobarde,"Coraje, el perro cobarde",3,,1,0,1465,,Cartoon N.,Animación,,1080p,Español,false,5:17:29,1465,1203,catalogo_files/i_872_AN8C.webp,https://ok.ru/video/15413314587374,https://ok.ru/videoembed/15413314587374
108,15413314587374,episode,Episodio 2,"Coraje, el perro cobarde - Temporada 3 (Cartoon N.) [1080p] [Español]",coraje-el-perro-cobarde,"Coraje, el perro cobarde",3,,2,1465,2931,,Cartoon N.,Animación,,1080p,Español,false,5:17:29,1466,1203,catalogo_files/i_872_AN8C.webp,https://ok.ru/video/15413314587374,https://ok.ru/videoembed/15413314587374
109,15413314587374,episode,Episodio 3,"Coraje, el perro cobarde - Temporada 3 (Cartoon N.) [1080p] [Español]",coraje-el-perro-cobarde,"Coraje, el perro cobarde",3,,3,2931,4396,,Cartoon N.,Animación,,1080p,Español,false,5:17:29,1465,1203,catalogo_files/i_872_AN8C.webp,https://ok.ru/video/15413314587374,https://ok.ru/videoembed/15413314587374
110,15413314587374,episode,Episodio 4,"Coraje, el perro cobarde - Temporada 3 (Cartoon N.) [1080p] [Español]",coraje-el-perro-cobarde,"Coraje, el perro cobarde",3,,4,4396,5861,,Cartoon N.,Animación,,1080p,Español,false,5:17:29,1465,1203,catalogo_files/i_872_AN8C.webp,https://ok.ru/video/15413314587374,https://ok.ru/videoembed/15413314587374
111,15413314587374,episode,Episodio 5,"Coraje, el perro cobarde - Temporada 3 (Cartoon N.) [1080p] [Español]",coraje-el-perro-cobarde,"Coraje, el perro cobarde",3,,5,5861,7327,,Cartoon N.,Animación,,1080p,Español,false,5:17:29,1466,1203,catalogo_files/i_872_AN8C.webp,https://ok.ru/video/15413314587374,https://ok.ru/videoembed/15413314587374
112,15413314587374,episode,Episodio 6,"Coraje, el perro cobarde - Temporada 3 (Cartoon N.) [1080p] [Español]",coraje-el-perro-cobarde,"Coraje, el perro cobarde",3,,6,7327,8792,,Cartoon N.,Animación,,1080p,Español,false,5:17:29,1465,1203,catalogo_files/i_872_AN8C.webp,https://ok.ru/video/15413314587374,https://ok.ru/videoembed/15413314587374
113,15413314587374,episode,Episodio 7,"Coraje, el perro cobarde - Temporada 3 (Cartoon N.) [1080p] [Español]",coraje-el-perro-cobarde,"Coraje, el perro cobarde",3,,7,8792,10257,,Cartoon N.,Animación,,1080p,Español,false,5:17:29,1465,1203,catalogo_files/i_872_AN8C.webp,https://ok.ru/video/15413314587374,https://ok.ru/videoembed/15413314587374
114,15413314587374,episode,Episodio 8,"Coraje, el perro cobarde - Temporada 3 (Cartoon N.) [1080p] [Español]",coraje-el-perro-cobarde,"Coraje, el perro cobarde",3,,8,10257,11722,,Cartoon N.,Animación,,1080p,Español,false,5:17:29,1465,1203,catalogo_files/i_872_AN8C.webp,https://ok.ru/video/15413314587374,https://ok.ru/videoembed/15413314587374
115,15413314587374,episode,Episodio 9,"Coraje, el perro cobarde - Temporada 3 (Cartoon N.) [1080p] [Español]",coraje-el-perro-cobarde,"Coraje, el perro cobarde",3,,9,11722,13188,,Cartoon N.,Animación,,1080p,Español,false,5:17:29,1466,1203,catalogo_files/i_872_AN8C.webp,https://ok.ru/video/15413314587374,https://ok.ru/videoembed/15413314587374
116,15413314587374,episode,Episodio 10,"Coraje, el perro cobarde - Temporada 3 (Cartoon N.) [1080p] [Español]",coraje-el-perro-cobarde,"Coraje, el perro cobarde",3,,10,13188,14653,,Cartoon N.,Animación,,1080p,Español,false,5:17:29,1465,1203,catalogo_files/i_872_AN8C.webp,https://ok.ru/video/15413314587374,https://ok.ru/videoembed/15413314587374
117,15413314587374,episode,Episodio 11,"Coraje, el perro cobarde - Temporada 3 (Cartoon N.) [1080p] [Español]",coraje-el-perro-cobarde,"Coraje, el perro cobarde",3,,11,14653,16118,,Cartoon N.,Animación,,1080p,Español,false,5:17:29,1465,1203,catalogo_files/i_872_AN8C.webp,https://ok.ru/video/15413314587374,https://ok.ru/videoembed/15413314587374
118,15413314587374,episode,Episodio 12,"Coraje, el perro cobarde - Temporada 3 (Cartoon N.) [1080p] [Español]",coraje-el-perro-cobarde,"Coraje, el perro cobarde",3,,12,16118,17584,,Cartoon N.,Animación,,1080p,Español,false,5:17:29,1466,1203,catalogo_files/i_872_AN8C.webp,https://ok.ru/video/15413314587374,https://ok.ru/videoembed/15413314587374
119,15413314587374,episode,Episodio 13,"Coraje, el perro cobarde - Temporada 3 (Cartoon N.) [1080p] [Español]",coraje-el-perro-cobarde,"Coraje, el perro cobarde",3,,13,17584,,,Cartoon N.,Animación,,1080p,Español,false,5:17:29,1465,1203,catalogo_files/i_872_AN8C.webp,https://ok.ru/video/15413314587374,https://ok.ru/videoembed/15413314587374
120,15574291843822,episode,Episodio 1,Los Simpsons - Temporada 3 (20th Television) [1080p] [Español],los-simpsons,Los Simpsons,3,,1,0,1378,,20th Television,Animación,Comedia,1080p,Español,false,9:11:21,1378,1319,catalogo_files/i_766_AN8C.webp,https://ok.ru/video/15574291843822,https://ok.ru/videoembed/15574291843822
121,15574291843822,episode,Episodio 2,Los Simpsons - Temporada 3 (20th Television) [1080p] [Español],los-simpsons,Los Simpsons,3,,2,1378,2757,,20th Television,Animación,Comedia,1080p,Español,false,9:11:21,1379,1319,catalogo_files/i_766_AN8C.webp,https://ok.ru/video/15574291843822,https://ok.ru/videoembed/15574291843822
122,15574291843822,episode,Episodio 3,Los Simpsons - Temporada 3 (20th Television) [1080p] [Español],los-simpsons,Los Simpsons,3,,3,2757,4135,,20th Television,Animación,Comedia,1080p,Español,false,9:11:21,1378,1319,catalogo_files/i_766_AN8C.webp,https://ok.ru/video/15574291843822,https://ok.ru/videoembed/15574291843822
123,15574291843822,episode,Episodio 4,Los Simpsons - Temporada 3 (20th Television) [1080p] [Español],los-simpsons,Los Simpsons,3,,4,4135,5514,,20th Television,Animación,Comedia,1080p,Español,false,9:11:21,1379,1319,catalogo_files/i_766_AN8C.webp,https://ok.ru/video/15574291843822,https://ok.ru/videoembed/15574291843822
124,15574291843822,episode,Episodio 5,Los Simpsons - Temporada 3 (20th Television) [1080p] [Español],los-simpsons,Los Simpsons,3,,5,5514,6892,,20th Television,Animación,Comedia,1080p,Español,false,9:11:21,1378,1319,catalogo_files/i_766_AN8C.webp,https://ok.ru/video/15574291843822,https://ok.ru/videoembed/15574291843822
125,15574291843822,episode,Episodio 6,Los Simpsons - Temporada 3 (20th Television) [1080p] [Español],los-simpsons,Los Simpsons,3,,6,6892,8270,,20th Television,Animación,Comedia,1080p,Español,false,9:11:21,1378,1319,catalogo_files/i_766_AN8C.webp,https://ok.ru/video/15574291843822,https://ok.ru/videoembed/15574291843822
126,15574291843822,episode,Episodio 7,Los Simpsons - Temporada 3 (20th Television) [1080p] [Español],los-simpsons,Los Simpsons,3,,7,8270,9649,,20th Television,Animación,Comedia,1080p,Español,false,9:11:21,1379,1319,catalogo_files/i_766_AN8C.webp,https://ok.ru/video/15574291843822,https://ok.ru/videoembed/15574291843822
127,15574291843822,episode,Episodio 8,Los Simpsons - Temporada 3 (20th Television) [1080p] [Español],los-simpsons,Los Simpsons,3,,8,9649,11027,,20th Television,Animación,Comedia,1080p,Español,false,9:11:21,1378,1319,catalogo_files/i_766_AN8C.webp,https://ok.ru/video/15574291843822,https://ok.ru/videoembed/15574291843822
128,15574291843822,episode,Episodio 9,Los Simpsons - Temporada 3 (20th Television) [1080p] [Español],los-simpsons,Los Simpsons,3,,9,11027,12405,,20th Television,Animación,Comedia,1080p,Español,false,9:11:21,1378,1319,catalogo_files/i_766_AN8C.webp,https://ok.ru/video/15574291843822,https://ok.ru/videoembed/15574291843822
129,15574291843822,episode,Episodio 10,Los Simpsons - Temporada 3 (20th Television) [1080p] [Español],los-simpsons,Los Simpsons,3,,10,12405,13784,,20th Television,Animación,Comedia,1080p,Español,false,9:11:21,1379,1319,catalogo_files/i_766_AN8C.webp,https://ok.ru/video/15574291843822,https://ok.ru/videoembed/15574291843822
130,15574291843822,episode,Episodio 11,Los Simpsons - Temporada 3 (20th Television) [1080p] [Español],los-simpsons,Los Simpsons,3,,11,13784,15162,,20th Television,Animación,Comedia,1080p,Español,false,9:11:21,1378,1319,catalogo_files/i_766_AN8C.webp,https://ok.ru/video/15574291843822,https://ok.ru/videoembed/15574291843822
131,15574291843822,episode,Episodio 12,Los Simpsons - Temporada 3 (20th Television) [1080p] [Español],los-simpsons,Los Simpsons,3,,12,15162,16540,,20th Television,Animación,Comedia,1080p,Español,false,9:11:21,1378,1319,catalogo_files/i_766_AN8C.webp,https://ok.ru/video/15574291843822,https://ok.ru/videoembed/15574291843822
132,15574291843822,episode,Episodio 13,Los Simpsons - Temporada 3 (20th Television) [1080p] [Español],los-simpsons,Los Simpsons,3,,13,16540,17919,,20th Television,Animación,Comedia,1080p,Español,false,9:11:21,1379,1319,catalogo_files/i_766_AN8C.webp,https://ok.ru/video/15574291843822,https://ok.ru/videoembed/15574291843822
133,15574291843822,episode,Episodio 14,Los Simpsons - Temporada 3 (20th Television) [1080p] [Español],los-simpsons,Los Simpsons,3,,14,17919,19297,,20th Television,Animación,Comedia,1080p,Español,false,9:11:21,1378,1319,catalogo_files/i_766_AN8C.webp,https://ok.ru/video/15574291843822,https://ok.ru/videoembed/15574291843822
134,15574291843822,episode,Episodio 15,Los Simpsons - Temporada 3 (20th Television) [1080p] [Español],los-simpsons,Los Simpsons,3,,15,19297,20676,,20th Television,Animación,Comedia,1080p,Español,false,9:11:21,1379,1319,catalogo_files/i_766_AN8C.webp,https://ok.ru/video/15574291843822,https://ok.ru/videoembed/15574291843822
135,15574291843822,episode,Episodio 16,Los Simpsons - Temporada 3 (20th Television) [1080p] [Español],los-simpsons,Los Simpsons,3,,16,20676,22054,,20th Television,Animación,Comedia,1080p,Español,false,9:11:21,1378,1319,catalogo_files/i_766_AN8C.webp,https://ok.ru/video/15574291843822,https://ok.ru/videoembed/15574291843822
136,15574291843822,episode,Episodio 17,Los Simpsons - Temporada 3 (20th Television) [1080p] [Español],los-simpsons,Los Simpsons,3,,17,22054,23432,,20th Television,Animación,Comedia,1080p,Español,false,9:11:21,1378,1319,catalogo_files/i_766_AN8C.webp,https://ok.ru/video/15574291843822,https://ok.ru/videoembed/15574291843822
137,15574291843822,episode,Episodio 18,Los Simpsons - Temporada 3 (20th Television) [1080p] [Español],los-simpsons,Los Simpsons,3,,18,23432,24811,,20th Television,Animación,Comedia,1080p,Español,false,9:11:21,1379,1319,catalogo_files/i_766_AN8C.webp,https://ok.ru/video/15574291843822,https://ok.ru/videoembed/15574291843822
138,15574291843822,episode,Episodio 19,Los Simpsons - Temporada 3 (20th Television) [1080p] [Español],los-simpsons,Los Simpsons,3,,19,24811,26189,,20th Television,Animación,Comedia,1080p,Español,false,9:11:21,1378,1319,catalogo_files/i_766_AN8C.webp,https://ok.ru/video/15574291843822,https://ok.ru/videoembed/15574291843822
139,15574291843822,episode,Episodio 20,Los Simpsons - Temporada 3 (20th Television) [1080p] [Español],los-simpsons,Los Simpsons,3,,20,26189,27568,,20th Television,Animación,Comedia,1080p,Español,false,9:11:21,1379,1319,catalogo_files/i_766_AN8C.webp,https://ok.ru/video/15574291843822,https://ok.ru/videoembed/15574291843822
140,15574291843822,episode,Episodio 21,Los Simpsons - Temporada 3 (20th Television) [1080p] [Español],los-simpsons,Los Simpsons,3,,21,27568,28946,,20th Television,Animación,Comedia,1080p,Español,false,9:11:21,1378,1319,catalogo_files/i_766_AN8C.webp,https://ok.ru/video/15574291843822,https://ok.ru/videoembed/15574291843822
141,15574291843822,episode,Episodio 22,Los Simpsons - Temporada 3 (20th Television) [1080p] [Español],los-simpsons,Los Simpsons,3,,22,28946,30324,,20th Television,Animación,Comedia,1080p,Español,false,9:11:21,1378,1319,catalogo_files/i_766_AN8C.webp,https://ok.ru/video/15574291843822,https://ok.ru/videoembed/15574291843822
142,15574291843822,episode,Episodio 23,Los Simpsons - Temporada 3 (20th Television) [1080p] [Español],los-simpsons,Los Simpsons,3,,23,30324,31703,,20th Television,Animación,Comedia,1080p,Español,false,9:11:21,1379,1319,catalogo_files/i_766_AN8C.webp,https://ok.ru/video/15574291843822,https://ok.ru/videoembed/15574291843822
143,15574291843822,episode,Episodio 24,Los Simpsons - Temporada 3 (20th Television) [1080p] [Español],los-simpsons,Los Simpsons,3,,24,31703,,,20th Television,Animación,Comedia,1080p,Español,false,9:11:21,1378,1319,catalogo_files/i_766_AN8C.webp,https://ok.ru/video/15574291843822,https://ok.ru/videoembed/15574291843822
144,15585783581422,episode,Episodio 1,Las Chicas Superpoderosas - Temporada 2 (Cartoon N.) [1080p] [Español],las-chicas-superpoderosas,Las Chicas Superpoderosas,2,,1,0,1377,,Cartoon N.,Animación,,1080p,Español,false,4:58:24,1377,878,catalogo_files/i_355_AN8C.webp,https://ok.ru/video/15585783581422,https://ok.ru/videoembed/15585783581422
145,15585783581422,episode,Episodio 2,Las Chicas Superpoderosas - Temporada 2 (Cartoon N.) [1080p] [Español],las-chicas-superpoderosas,Las Chicas Superpoderosas,2,,2,1377,2754,,Cartoon N.,Animación,,1080p,Español,false,4:58:24,1377,878,catalogo_files/i_355_AN8C.webp,https://ok.ru/video/15585783581422,https://ok.ru/videoembed/15585783581422
146,15585783581422,episode,Episodio 3,Las Chicas Superpoderosas - Temporada 2 (Cartoon N.) [1080p] [Español],las-chicas-superpoderosas,Las Chicas Superpoderosas,2,,3,2754,4132,,Cartoon N.,Animación,,1080p,Español,false,4:58:24,1378,878,catalogo_files/i_355_AN8C.webp,https://ok.ru/video/15585783581422,https://ok.ru/videoembed/15585783581422
147,15585783581422,episode,Episodio 4,Las Chicas Superpoderosas - Temporada 2 (Cartoon N.) [1080p] [Español],las-chicas-superpoderosas,Las Chicas Superpoderosas,2,,4,4132,5509,,Cartoon N.,Animación,,1080p,Español,false,4:58:24,1377,878,catalogo_files/i_355_AN8C.webp,https://ok.ru/video/15585783581422,https://ok.ru/videoembed/15585783581422
148,15585783581422,episode,Episodio 5,Las Chicas Superpoderosas - Temporada 2 (Cartoon N.) [1080p] [Español],las-chicas-superpoderosas,Las Chicas Superpoderosas,2,,5,5509,6886,,Cartoon N.,Animación,,1080p,Español,false,4:58:24,1377,878,catalogo_files/i_355_AN8C.webp,https://ok.ru/video/15585783581422,https://ok.ru/videoembed/15585783581422
149,15585783581422,episode,Episodio 6,Las Chicas Superpoderosas - Temporada 2 (Cartoon N.) [1080p] [Español],las-chicas-superpoderosas,Las Chicas Superpoderosas,2,,6,6886,8263,,Cartoon N.,Animación,,1080p,Español,false,4:58:24,1377,878,catalogo_files/i_355_AN8C.webp,https://ok.ru/video/15585783581422,https://ok.ru/videoembed/15585783581422
150,15585783581422,episode,Episodio 7,Las Chicas Superpoderosas - Temporada 2 (Cartoon N.) [1080p] [Español],las-chicas-superpoderosas,Las Chicas Superpoderosas,2,,7,8263,9641,,Cartoon N.,Animación,,1080p,Español,false,4:58:24,1378,878,catalogo_files/i_355_AN8C.webp,https://ok.ru/video/15585783581422,https://ok.ru/videoembed/15585783581422
151,15585783581422,episode,Episodio 8,Las Chicas Superpoderosas - Temporada 2 (Cartoon N.) [1080p] [Español],las-chicas-superpoderosas,Las Chicas Superpoderosas,2,,8,9641,11018,,Cartoon N.,Animación,,1080p,Español,false,4:58:24,1377,878,catalogo_files/i_355_AN8C.webp,https://ok.ru/video/15585783581422,https://ok.ru/videoembed/15585783581422
152,15585783581422,episode,Episodio 9,Las Chicas Superpoderosas - Temporada 2 (Cartoon N.) [1080p] [Español],las-chicas-superpoderosas,Las Chicas Superpoderosas,2,,9,11018,12395,,Cartoon N.,Animación,,1080p,Español,false,4:58:24,1377,878,catalogo_files/i_355_AN8C.webp,https://ok.ru/video/15585783581422,https://ok.ru/videoembed/15585783581422
153,15585783581422,episode,Episodio 10,Las Chicas Superpoderosas - Temporada 2 (Cartoon N.) [1080p] [Español],las-chicas-superpoderosas,Las Chicas Superpoderosas,2,,10,12395,13772,,Cartoon N.,Animación,,1080p,Español,false,4:58:24,1377,878,catalogo_files/i_355_AN8C.webp,https://ok.ru/video/15585783581422,https://ok.ru/videoembed/15585783581422
154,15585783581422,episode,Episodio 11,Las Chicas Superpoderosas - Temporada 2 (Cartoon N.) [1080p] [Español],las-chicas-superpoderosas,Las Chicas Superpoderosas,2,,11,13772,15150,,Cartoon N.,Animación,,1080p,Español,false,4:58:24,1378,878,catalogo_files/i_355_AN8C.webp,https://ok.ru/video/15585783581422,https://ok.ru/videoembed/15585783581422
155,15585783581422,episode,Episodio 12,Las Chicas Superpoderosas - Temporada 2 (Cartoon N.) [1080p] [Español],las-chicas-superpoderosas,Las Chicas Superpoderosas,2,,12,15150,16527,,Cartoon N.,Animación,,1080p,Español,false,4:58:24,1377,878,catalogo_files/i_355_AN8C.webp,https://ok.ru/video/15585783581422,https://ok.ru/videoembed/15585783581422
156,15585783581422,episode,Episodio 13,Las Chicas Superpoderosas - Temporada 2 (Cartoon N.) [1080p] [Español],las-chicas-superpoderosas,Las Chicas Superpoderosas,2,,13,16527,,,Cartoon N.,Animación,,1080p,Español,false,4:58:24,1377,878,catalogo_files/i_355_AN8C.webp,https://ok.ru/video/15585783581422,https://ok.ru/videoembed/15585783581422
157,15584824789742,episode,Episodio 1,Futurama - Temporada 3 (20th Television) [1080p] [Español],futurama,Futurama,3,,1,0,1282,,20th Television,Animación,Ciencia Ficción,1080p,Español,false,7:50:09,1282,971,catalogo_files/i_447_AN8C.webp,https://ok.ru/video/15584824789742,https://ok.ru/videoembed/15584824789742
158,15584824789742,episode,Episodio 2,Futurama - Temporada 3 (20th Television) [1080p] [Español],futurama,Futurama,3,,2,1282,2564,,20th Television,Animación,Ciencia Ficción,1080p,Español,false,7:50:09,1282,971,catalogo_files/i_447_AN8C.webp,https://ok.ru/video/15584824789742,https://ok.ru/videoembed/15584824789742
159,15584824789742,episode,Episodio 3,Futurama - Temporada 3 (20th Television) [1080p] [Español],futurama,Futurama,3,,3,2564,3847,,20th Television,Animación,Ciencia Ficción,1080p,Español,false,7:50:09,1283,971,catalogo_files/i_447_AN8C.webp,https://ok.ru/video/15584824789742,https://ok.ru/videoembed/15584824789742
160,15584824789742,episode,Episodio 4,Futurama - Temporada 3 (20th Television) [1080p] [Español],futurama,Futurama,3,,4,3847,5129,,20th Television,Animación,Ciencia Ficción,1080p,Español,false,7:50:09,1282,971,catalogo_files/i_447_AN8C.webp,https://ok.ru/video/15584824789742,https://ok.ru/videoembed/15584824789742
161,15584824789742,episode,Episodio 5,Futurama - Temporada 3 (20th Television) [1080p] [Español],futurama,Futurama,3,,5,5129,6411,,20th Television,Animación,Ciencia Ficción,1080p,Español,false,7:50:09,1282,971,catalogo_files/i_447_AN8C.webp,https://ok.ru/video/15584824789742,https://ok.ru/videoembed/15584824789742
162,15584824789742,episode,Episodio 6,Futurama - Temporada 3 (20th Television) [1080p] [Español],futurama,Futurama,3,,6,6411,7693,,20th Television,Animación,Ciencia Ficción,1080p,Español,false,7:50:09,1282,971,catalogo_files/i_447_AN8C.webp,https://ok.ru/video/15584824789742,https://ok.ru/videoembed/15584824789742
163,15584824789742,episode,Episodio 7,Futurama - Temporada 3 (20th Television) [1080p] [Español],futurama,Futurama,3,,7,7693,8976,,20th Television,Animación,Ciencia Ficción,1080p,Español,false,7:50:09,1283,971,catalogo_files/i_447_AN8C.webp,https://ok.ru/video/15584824789742,https://ok.ru/videoembed/15584824789742
164,15584824789742,episode,Episodio 8,Futurama - Temporada 3 (20th Television) [1080p] [Español],futurama,Futurama,3,,8,8976,10258,,20th Television,Animación,Ciencia Ficción,1080p,Español,false,7:50:09,1282,971,catalogo_files/i_447_AN8C.webp,https://ok.ru/video/15584824789742,https://ok.ru/videoembed/15584824789742
165,15584824789742,episode,Episodio 9,Futurama - Temporada 3 (20th Television) [1080p] [Español],futurama,Futurama,3,,9,10258,11540,,20th Television,Animación,Ciencia Ficción,1080p,Español,false,7:50:09,1282,971,catalogo_files/i_447_AN8C.webp,https://ok.ru/video/15584824789742,https://ok.ru/videoembed/15584824789742
166,15584824789742,episode,Episodio 10,Futurama - Temporada 3 (20th Television) [1080p] [Español],futurama,Futurama,3,,10,11540,12822,,20th Television,Animación,Ciencia Ficción,1080p,Español,false,7:50:09,1282,971,catalogo_files/i_447_AN8C.webp,https://ok.ru/video/15584824789742,https://ok.ru/videoembed/15584824789742
167,15584824789742,episode,Episodio 11,Futurama - Temporada 3 (20th Television) [1080p] [Español],futurama,Futurama,3,,11,12822,14104,,20th Television,Animación,Ciencia Ficción,1080p,Español,false,7:50:09,1282,971,catalogo_files/i_447_AN8C.webp,https://ok.ru/video/15584824789742,https://ok.ru/videoembed/15584824789742
168,15584824789742,episode,Episodio 12,Futurama - Temporada 3 (20th Television) [1080p] [Español],futurama,Futurama,3,,12,14104,15387,,20th Television,Animación,Ciencia Ficción,1080p,Español,false,7:50:09,1283,971,catalogo_files/i_447_AN8C.webp,https://ok.ru/video/15584824789742,https://ok.ru/videoembed/15584824789742
169,15584824789742,episode,Episodio 13,Futurama - Temporada 3 (20th Television) [1080p] [Español],futurama,Futurama,3,,13,15387,16669,,20th Television,Animación,Ciencia Ficción,1080p,Español,false,7:50:09,1282,971,catalogo_files/i_447_AN8C.webp,https://ok.ru/video/15584824789742,https://ok.ru/videoembed/15584824789742
170,15584824789742,episode,Episodio 14,Futurama - Temporada 3 (20th Television) [1080p] [Español],futurama,Futurama,3,,14,16669,17951,,20th Television,Animación,Ciencia Ficción,1080p,Español,false,7:50:09,1282,971,catalogo_files/i_447_AN8C.webp,https://ok.ru/video/15584824789742,https://ok.ru/videoembed/15584824789742
171,15584824789742,episode,Episodio 15,Futurama - Temporada 3 (20th Television) [1080p] [Español],futurama,Futurama,3,,15,17951,19233,,20th Television,Animación,Ciencia Ficción,1080p,Español,false,7:50:09,1282,971,catalogo_files/i_447_AN8C.webp,https://ok.ru/video/15584824789742,https://ok.ru/videoembed/15584824789742
172,15584824789742,episode,Episodio 16,Futurama - Temporada 3 (20th Television) [1080p] [Español],futurama,Futurama,3,,16,19233,20516,,20th Television,Animación,Ciencia Ficción,1080p,Español,false,7:50:09,1283,971,catalogo_files/i_447_AN8C.webp,https://ok.ru/video/15584824789742,https://ok.ru/videoembed/15584824789742
173,15584824789742,episode,Episodio 17,Futurama - Temporada 3 (20th Television) [1080p] [Español],futurama,Futurama,3,,17,20516,21798,,20th Television,Animación,Ciencia Ficción,1080p,Español,false,7:50:09,1282,971,catalogo_files/i_447_AN8C.webp,https://ok.ru/video/15584824789742,https://ok.ru/videoembed/15584824789742
174,15584824789742,episode,Episodio 18,Futurama - Temporada 3 (20th Television) [1080p] [Español],futurama,Futurama,3,,18,21798,23080,,20th Television,Animación,Ciencia Ficción,1080p,Español,false,7:50:09,1282,971,catalogo_files/i_447_AN8C.webp,https://ok.ru/video/15584824789742,https://ok.ru/videoembed/15584824789742
175,15584824789742,episode,Episodio 19,Futurama - Temporada 3 (20th Television) [1080p] [Español],futurama,Futurama,3,,19,23080,24362,,20th Television,Animación,Ciencia Ficción,1080p,Español,false,7:50:09,1282,971,catalogo_files/i_447_AN8C.webp,https://ok.ru/video/15584824789742,https://ok.ru/videoembed/15584824789742
176,15584824789742,episode,Episodio 20,Futurama - Temporada 3 (20th Television) [1080p] [Español],futurama,Futurama,3,,20,24362,25645,,20th Television,Animación,Ciencia Ficción,1080p,Español,false,7:50:09,1283,971,catalogo_files/i_447_AN8C.webp,https://ok.ru/video/15584824789742,https://ok.ru/videoembed/15584824789742
177,15584824789742,episode,Episodio 21,Futurama - Temporada 3 (20th Television) [1080p] [Español],futurama,Futurama,3,,21,25645,26927,,20th Television,Animación,Ciencia Ficción,1080p,Español,false,7:50:09,1282,971,catalogo_files/i_447_AN8C.webp,https://ok.ru/video/15584824789742,https://ok.ru/videoembed/15584824789742
178,15584824789742,episode,Episodio 22,Futurama - Temporada 3 (20th Television) [1080p] [Español],futurama,Futurama,3,,22,26927,,,20th Television,Animación,Ciencia Ficción,1080p,Español,false,7:50:09,1282,971,catalogo_files/i_447_AN8C.webp,https://ok.ru/video/15584824789742,https://ok.ru/videoembed/15584824789742
179,15585125141230,episode,Episodio 1,Rick y Morty - Temporada 2 (Adult Swim) [1080p] [Español],rick-y-morty,Rick y Morty,2,,1,0,1302,,Adult Swim,Animación,,1080p,Español,false,3:37:01,1302,852,catalogo_files/i_604_AN8C.webp,https://ok.ru/video/15585125141230,https://ok.ru/videoembed/15585125141230
180,15585125141230,episode,Episodio 2,Rick y Morty - Temporada 2 (Adult Swim) [1080p] [Español],rick-y-morty,Rick y Morty,2,,2,1302,2604,,Adult Swim,Animación,,1080p,Español,false,3:37:01,1302,852,catalogo_files/i_604_AN8C.webp,https://ok.ru/video/15585125141230,https://ok.ru/videoembed/15585125141230
181,15585125141230,episode,Episodio 3,Rick y Morty - Temporada 2 (Adult Swim) [1080p] [Español],rick-y-morty,Rick y Morty,2,,3,2604,3906,,Adult Swim,Animación,,1080p,Español,false,3:37:01,1302,852,catalogo_files/i_604_AN8C.webp,https://ok.ru/video/15585125141230,https://ok.ru/videoembed/15585125141230
182,15585125141230,episode,Episodio 4,Rick y Morty - Temporada 2 (Adult Swim) [1080p] [Español],rick-y-morty,Rick y Morty,2,,4,3906,5208,,Adult Swim,Animación,,1080p,Español,false,3:37:01,1302,852,catalogo_files/i_604_AN8C.webp,https://ok.ru/video/15585125141230,https://ok.ru/videoembed/15585125141230
183,15585125141230,episode,Episodio 5,Rick y Morty - Temporada 2 (Adult Swim) [1080p] [Español],rick-y-morty,Rick y Morty,2,,5,5208,6510,,Adult Swim,Animación,,1080p,Español,false,3:37:01,1302,852,catalogo_files/i_604_AN8C.webp,https://ok.ru/video/15585125141230,https://ok.ru/videoembed/15585125141230
184,15585125141230,episode,Episodio 6,Rick y Morty - Temporada 2 (Adult Swim) [1080p] [Español],rick-y-morty,Rick y Morty,2,,6,6510,7813,,Adult Swim,Animación,,1080p,Español,false,3:37:01,1303,852,catalogo_files/i_604_AN8C.webp,https://ok.ru/video/15585125141230,https://ok.ru/videoembed/15585125141230
185,15585125141230,episode,Episodio 7,Rick y Morty - Temporada 2 (Adult Swim) [1080p] [Español],rick-y-morty,Rick y Morty,2,,7,7813,9115,,Adult Swim,Animación,,1080p,Español,false,3:37:01,1302,852,catalogo_files/i_604_AN8C.webp,https://ok.ru/video/15585125141230,https://ok.ru/videoembed/15585125141230
186,15585125141230,episode,Episodio 8,Rick y Morty - Temporada 2 (Adult Swim) [1080p] [Español],rick-y-morty,Rick y Morty,2,,8,9115,10417,,Adult Swim,Animación,,1080p,Español,false,3:37:01,1302,852,catalogo_files/i_604_AN8C.webp,https://ok.ru/video/15585125141230,https://ok.ru/videoembed/15585125141230
187,15585125141230,episode,Episodio 9,Rick y Morty - Temporada 2 (Adult Swim) [1080p] [Español],rick-y-morty,Rick y Morty,2,,9,10417,11719,,Adult Swim,Animación,,1080p,Español,false,3:37:01,1302,852,catalogo_files/i_604_AN8C.webp,https://ok.ru/video/15585125141230,https://ok.ru/videoembed/15585125141230
188,15585125141230,episode,Episodio 10,Rick y Morty - Temporada 2 (Adult Swim) [1080p] [Español],rick-y-morty,Rick y Morty,2,,10,11719,,,Adult Swim,Animación,,1080p,Español,false,3:37:01,1302,852,catalogo_files/i_604_AN8C.webp,https://ok.ru/video/15585125141230,https://ok.ru/videoembed/15585125141230
189,15574281423598,movie,Oliver y su pandilla,Oliver y su pandilla (1988) [4K] [Español],,,,,,,,1988,,Animación,Infantil,4K,Español,false,1:13:09,4389,1036,catalogo_files/i_502_AN8C.webp,https://ok.ru/video/15574281423598,https://ok.ru/videoembed/15574281423598
190,15572322618094,movie,La Dama y el Vagabundo,La Dama y el Vagabundo (1955) [4K] [Español],,,,,,,,1955,,Animación,Infantil,4K,Español,false,1:16:23,4583,1221,catalogo_files/i_775_AN8C.webp,https://ok.ru/video/15572322618094,https://ok.ru/videoembed/15572322618094
191,15572268288750,movie,Bernardo y bianca,Bernardo y bianca (1977) [4K] [Español],,,,,,,,1977,,Animación,Infantil,4K,Español,false,1:16:56,4616,989,catalogo_files/i_122_AN8C.webp,https://ok.ru/video/15572268288750,https://ok.ru/videoembed/15572268288750
192,15554668923630,movie,Aladdín,Aladdín (Disney) [4K] [Español],,,,,,,,,Disney,Animación,,4K,Español,false,1:30:41,5441,1344,catalogo_files/i_669_AN8C.webp,https://ok.ru/video/15554668923630,https://ok.ru/videoembed/15554668923630
193,15555081013998,movie,Zootopia 2,Zootopia 2 (Disney) [4K] [Español],,,,,,,,,Disney,Animación,,4K,Español,false,1:47:38,6458,1432,catalogo_files/i_661_AN8C.webp,https://ok.ru/video/15555081013998,https://ok.ru/videoembed/15555081013998
194,15545912593134,movie,"Jack, el cazagigantes","Jack, el cazagigantes (WarnerBros) [4K] [Español]",,,,,,,,,WarnerBros,Aventura,Fantasía,4K,Español,false,1:54:21,6861,1294,catalogo_files/i_791_AN8C.webp,https://ok.ru/video/15545912593134,https://ok.ru/videoembed/15545912593134
195,15544357030638,movie,Hoppers: Operación castor,Hoppers: Operación castor (Pixar) [4K] [Español],,,,,,,,,Pixar,Animación,,4K,Español,false,1:44:27,6267,1267,catalogo_files/i_874_AN8C.webp,https://ok.ru/video/15544357030638,https://ok.ru/videoembed/15544357030638
196,15540604701422,episode,Episodio 1,Chowder - Temporada 1 (Cartoon N.) [1080p] [Español],chowder,Chowder,1,,1,0,1386,,Cartoon N.,Animación,,1080p,Español,false,7:42:08,1386,1227,catalogo_files/i_311_AN8C.webp,https://ok.ru/video/15540604701422,https://ok.ru/videoembed/15540604701422
197,15540604701422,episode,Episodio 2,Chowder - Temporada 1 (Cartoon N.) [1080p] [Español],chowder,Chowder,1,,2,1386,2773,,Cartoon N.,Animación,,1080p,Español,false,7:42:08,1387,1227,catalogo_files/i_311_AN8C.webp,https://ok.ru/video/15540604701422,https://ok.ru/videoembed/15540604701422
198,15540604701422,episode,Episodio 3,Chowder - Temporada 1 (Cartoon N.) [1080p] [Español],chowder,Chowder,1,,3,2773,4159,,Cartoon N.,Animación,,1080p,Español,false,7:42:08,1386,1227,catalogo_files/i_311_AN8C.webp,https://ok.ru/video/15540604701422,https://ok.ru/videoembed/15540604701422
199,15540604701422,episode,Episodio 4,Chowder - Temporada 1 (Cartoon N.) [1080p] [Español],chowder,Chowder,1,,4,4159,5546,,Cartoon N.,Animación,,1080p,Español,false,7:42:08,1387,1227,catalogo_files/i_311_AN8C.webp,https://ok.ru/video/15540604701422,https://ok.ru/videoembed/15540604701422
200,15540604701422,episode,Episodio 5,Chowder - Temporada 1 (Cartoon N.) [1080p] [Español],chowder,Chowder,1,,5,5546,6932,,Cartoon N.,Animación,,1080p,Español,false,7:42:08,1386,1227,catalogo_files/i_311_AN8C.webp,https://ok.ru/video/15540604701422,https://ok.ru/videoembed/15540604701422
201,15540604701422,episode,Episodio 6,Chowder - Temporada 1 (Cartoon N.) [1080p] [Español],chowder,Chowder,1,,6,6932,8318,,Cartoon N.,Animación,,1080p,Español,false,7:42:08,1386,1227,catalogo_files/i_311_AN8C.webp,https://ok.ru/video/15540604701422,https://ok.ru/videoembed/15540604701422
202,15540604701422,episode,Episodio 7,Chowder - Temporada 1 (Cartoon N.) [1080p] [Español],chowder,Chowder,1,,7,8318,9705,,Cartoon N.,Animación,,1080p,Español,false,7:42:08,1387,1227,catalogo_files/i_311_AN8C.webp,https://ok.ru/video/15540604701422,https://ok.ru/videoembed/15540604701422
203,15540604701422,episode,Episodio 8,Chowder - Temporada 1 (Cartoon N.) [1080p] [Español],chowder,Chowder,1,,8,9705,11091,,Cartoon N.,Animación,,1080p,Español,false,7:42:08,1386,1227,catalogo_files/i_311_AN8C.webp,https://ok.ru/video/15540604701422,https://ok.ru/videoembed/15540604701422
204,15540604701422,episode,Episodio 9,Chowder - Temporada 1 (Cartoon N.) [1080p] [Español],chowder,Chowder,1,,9,11091,12478,,Cartoon N.,Animación,,1080p,Español,false,7:42:08,1387,1227,catalogo_files/i_311_AN8C.webp,https://ok.ru/video/15540604701422,https://ok.ru/videoembed/15540604701422
205,15540604701422,episode,Episodio 10,Chowder - Temporada 1 (Cartoon N.) [1080p] [Español],chowder,Chowder,1,,10,12478,13864,,Cartoon N.,Animación,,1080p,Español,false,7:42:08,1386,1227,catalogo_files/i_311_AN8C.webp,https://ok.ru/video/15540604701422,https://ok.ru/videoembed/15540604701422
206,15540604701422,episode,Episodio 11,Chowder - Temporada 1 (Cartoon N.) [1080p] [Español],chowder,Chowder,1,,11,13864,15250,,Cartoon N.,Animación,,1080p,Español,false,7:42:08,1386,1227,catalogo_files/i_311_AN8C.webp,https://ok.ru/video/15540604701422,https://ok.ru/videoembed/15540604701422
207,15540604701422,episode,Episodio 12,Chowder - Temporada 1 (Cartoon N.) [1080p] [Español],chowder,Chowder,1,,12,15250,16637,,Cartoon N.,Animación,,1080p,Español,false,7:42:08,1387,1227,catalogo_files/i_311_AN8C.webp,https://ok.ru/video/15540604701422,https://ok.ru/videoembed/15540604701422
208,15540604701422,episode,Episodio 13,Chowder - Temporada 1 (Cartoon N.) [1080p] [Español],chowder,Chowder,1,,13,16637,18023,,Cartoon N.,Animación,,1080p,Español,false,7:42:08,1386,1227,catalogo_files/i_311_AN8C.webp,https://ok.ru/video/15540604701422,https://ok.ru/videoembed/15540604701422
209,15540604701422,episode,Episodio 14,Chowder - Temporada 1 (Cartoon N.) [1080p] [Español],chowder,Chowder,1,,14,18023,19410,,Cartoon N.,Animación,,1080p,Español,false,7:42:08,1387,1227,catalogo_files/i_311_AN8C.webp,https://ok.ru/video/15540604701422,https://ok.ru/videoembed/15540604701422
210,15540604701422,episode,Episodio 15,Chowder - Temporada 1 (Cartoon N.) [1080p] [Español],chowder,Chowder,1,,15,19410,20796,,Cartoon N.,Animación,,1080p,Español,false,7:42:08,1386,1227,catalogo_files/i_311_AN8C.webp,https://ok.ru/video/15540604701422,https://ok.ru/videoembed/15540604701422
211,15540604701422,episode,Episodio 16,Chowder - Temporada 1 (Cartoon N.) [1080p] [Español],chowder,Chowder,1,,16,20796,22182,,Cartoon N.,Animación,,1080p,Español,false,7:42:08,1386,1227,catalogo_files/i_311_AN8C.webp,https://ok.ru/video/15540604701422,https://ok.ru/videoembed/15540604701422
212,15540604701422,episode,Episodio 17,Chowder - Temporada 1 (Cartoon N.) [1080p] [Español],chowder,Chowder,1,,17,22182,23569,,Cartoon N.,Animación,,1080p,Español,false,7:42:08,1387,1227,catalogo_files/i_311_AN8C.webp,https://ok.ru/video/15540604701422,https://ok.ru/videoembed/15540604701422
213,15540604701422,episode,Episodio 18,Chowder - Temporada 1 (Cartoon N.) [1080p] [Español],chowder,Chowder,1,,18,23569,24955,,Cartoon N.,Animación,,1080p,Español,false,7:42:08,1386,1227,catalogo_files/i_311_AN8C.webp,https://ok.ru/video/15540604701422,https://ok.ru/videoembed/15540604701422
214,15540604701422,episode,Episodio 19,Chowder - Temporada 1 (Cartoon N.) [1080p] [Español],chowder,Chowder,1,,19,24955,26342,,Cartoon N.,Animación,,1080p,Español,false,7:42:08,1387,1227,catalogo_files/i_311_AN8C.webp,https://ok.ru/video/15540604701422,https://ok.ru/videoembed/15540604701422
215,15540604701422,episode,Episodio 20,Chowder - Temporada 1 (Cartoon N.) [1080p] [Español],chowder,Chowder,1,,20,26342,,,Cartoon N.,Animación,,1080p,Español,false,7:42:08,1386,1227,catalogo_files/i_311_AN8C.webp,https://ok.ru/video/15540604701422,https://ok.ru/videoembed/15540604701422
216,15532419844846,movie,Batman: Knightfall Part 1: Knightfall,Batman: Knightfall Part 1: Knightfall [DC] [4K] [Español],,,,,,,,,DC,Superhéroes,Acción,4K,Español,false,1:18:37,4717,1676,catalogo_files/i_046_AN8C.webp,https://ok.ru/video/15532419844846,https://ok.ru/videoembed/15532419844846
217,15531879107310,movie,LEGO Star Wars: The Mandalorian,LEGO Star Wars: The Mandalorian (Lucasfilm) [4K] [Español],,,,,,,,,Lucasfilm,Animación,Ciencia Ficción,4K,Español,false,45:09,2709,987,catalogo_files/i_807_AN8C.webp,https://ok.ru/video/15531879107310,https://ok.ru/videoembed/15531879107310
218,15529764522734,episode,Episodio 1,Primal - Temporada 3 [1080p] [Español],primal,Primal,3,,1,0,1340,,,Animación,Acción,1080p,Español,false,3:43:15,1340,1377,catalogo_files/i_145_AN8C.webp,https://ok.ru/video/15529764522734,https://ok.ru/videoembed/15529764522734
219,15529764522734,episode,Episodio 2,Primal - Temporada 3 [1080p] [Español],primal,Primal,3,,2,1340,2679,,,Animación,Acción,1080p,Español,false,3:43:15,1339,1377,catalogo_files/i_145_AN8C.webp,https://ok.ru/video/15529764522734,https://ok.ru/videoembed/15529764522734
220,15529764522734,episode,Episodio 3,Primal - Temporada 3 [1080p] [Español],primal,Primal,3,,3,2679,4018,,,Animación,Acción,1080p,Español,false,3:43:15,1339,1377,catalogo_files/i_145_AN8C.webp,https://ok.ru/video/15529764522734,https://ok.ru/videoembed/15529764522734
221,15529764522734,episode,Episodio 4,Primal - Temporada 3 [1080p] [Español],primal,Primal,3,,4,4018,5358,,,Animación,Acción,1080p,Español,false,3:43:15,1340,1377,catalogo_files/i_145_AN8C.webp,https://ok.ru/video/15529764522734,https://ok.ru/videoembed/15529764522734
222,15529764522734,episode,Episodio 5,Primal - Temporada 3 [1080p] [Español],primal,Primal,3,,5,5358,6698,,,Animación,Acción,1080p,Español,false,3:43:15,1340,1377,catalogo_files/i_145_AN8C.webp,https://ok.ru/video/15529764522734,https://ok.ru/videoembed/15529764522734
223,15529764522734,episode,Episodio 6,Primal - Temporada 3 [1080p] [Español],primal,Primal,3,,6,6698,8037,,,Animación,Acción,1080p,Español,false,3:43:15,1339,1377,catalogo_files/i_145_AN8C.webp,https://ok.ru/video/15529764522734,https://ok.ru/videoembed/15529764522734
224,15529764522734,episode,Episodio 7,Primal - Temporada 3 [1080p] [Español],primal,Primal,3,,7,8037,9376,,,Animación,Acción,1080p,Español,false,3:43:15,1339,1377,catalogo_files/i_145_AN8C.webp,https://ok.ru/video/15529764522734,https://ok.ru/videoembed/15529764522734
225,15529764522734,episode,Episodio 8,Primal - Temporada 3 [1080p] [Español],primal,Primal,3,,8,9376,10716,,,Animación,Acción,1080p,Español,false,3:43:15,1340,1377,catalogo_files/i_145_AN8C.webp,https://ok.ru/video/15529764522734,https://ok.ru/videoembed/15529764522734
226,15529764522734,episode,Episodio 9,Primal - Temporada 3 [1080p] [Español],primal,Primal,3,,9,10716,12056,,,Animación,Acción,1080p,Español,false,3:43:15,1340,1377,catalogo_files/i_145_AN8C.webp,https://ok.ru/video/15529764522734,https://ok.ru/videoembed/15529764522734
227,15529764522734,episode,Episodio 10,Primal - Temporada 3 [1080p] [Español],primal,Primal,3,,10,12056,,,,Animación,Acción,1080p,Español,false,3:43:15,1339,1377,catalogo_files/i_145_AN8C.webp,https://ok.ru/video/15529764522734,https://ok.ru/videoembed/15529764522734
228,15523563768558,episode,Episodio 1,Las maravillosas desventuras de Flapjack - Temporada 1 (Cartoon N.) [1080p] [Español],las-maravillosas-desventuras-de-flapjack,Las maravillosas desventuras de Flapjack,1,,1,0,1373,,Cartoon N.,Animación,,1080p,Español,false,7:37:49,1373,1254,catalogo_files/i_435_AN8C.webp,https://ok.ru/video/15523563768558,https://ok.ru/videoembed/15523563768558
229,15523563768558,episode,Episodio 2,Las maravillosas desventuras de Flapjack - Temporada 1 (Cartoon N.) [1080p] [Español],las-maravillosas-desventuras-de-flapjack,Las maravillosas desventuras de Flapjack,1,,2,1373,2747,,Cartoon N.,Animación,,1080p,Español,false,7:37:49,1374,1254,catalogo_files/i_435_AN8C.webp,https://ok.ru/video/15523563768558,https://ok.ru/videoembed/15523563768558
230,15523563768558,episode,Episodio 3,Las maravillosas desventuras de Flapjack - Temporada 1 (Cartoon N.) [1080p] [Español],las-maravillosas-desventuras-de-flapjack,Las maravillosas desventuras de Flapjack,1,,3,2747,4120,,Cartoon N.,Animación,,1080p,Español,false,7:37:49,1373,1254,catalogo_files/i_435_AN8C.webp,https://ok.ru/video/15523563768558,https://ok.ru/videoembed/15523563768558
231,15523563768558,episode,Episodio 4,Las maravillosas desventuras de Flapjack - Temporada 1 (Cartoon N.) [1080p] [Español],las-maravillosas-desventuras-de-flapjack,Las maravillosas desventuras de Flapjack,1,,4,4120,5494,,Cartoon N.,Animación,,1080p,Español,false,7:37:49,1374,1254,catalogo_files/i_435_AN8C.webp,https://ok.ru/video/15523563768558,https://ok.ru/videoembed/15523563768558
232,15523563768558,episode,Episodio 5,Las maravillosas desventuras de Flapjack - Temporada 1 (Cartoon N.) [1080p] [Español],las-maravillosas-desventuras-de-flapjack,Las maravillosas desventuras de Flapjack,1,,5,5494,6867,,Cartoon N.,Animación,,1080p,Español,false,7:37:49,1373,1254,catalogo_files/i_435_AN8C.webp,https://ok.ru/video/15523563768558,https://ok.ru/videoembed/15523563768558
233,15523563768558,episode,Episodio 6,Las maravillosas desventuras de Flapjack - Temporada 1 (Cartoon N.) [1080p] [Español],las-maravillosas-desventuras-de-flapjack,Las maravillosas desventuras de Flapjack,1,,6,6867,8241,,Cartoon N.,Animación,,1080p,Español,false,7:37:49,1374,1254,catalogo_files/i_435_AN8C.webp,https://ok.ru/video/15523563768558,https://ok.ru/videoembed/15523563768558
234,15523563768558,episode,Episodio 7,Las maravillosas desventuras de Flapjack - Temporada 1 (Cartoon N.) [1080p] [Español],las-maravillosas-desventuras-de-flapjack,Las maravillosas desventuras de Flapjack,1,,7,8241,9614,,Cartoon N.,Animación,,1080p,Español,false,7:37:49,1373,1254,catalogo_files/i_435_AN8C.webp,https://ok.ru/video/15523563768558,https://ok.ru/videoembed/15523563768558
235,15523563768558,episode,Episodio 8,Las maravillosas desventuras de Flapjack - Temporada 1 (Cartoon N.) [1080p] [Español],las-maravillosas-desventuras-de-flapjack,Las maravillosas desventuras de Flapjack,1,,8,9614,10988,,Cartoon N.,Animación,,1080p,Español,false,7:37:49,1374,1254,catalogo_files/i_435_AN8C.webp,https://ok.ru/video/15523563768558,https://ok.ru/videoembed/15523563768558
236,15523563768558,episode,Episodio 9,Las maravillosas desventuras de Flapjack - Temporada 1 (Cartoon N.) [1080p] [Español],las-maravillosas-desventuras-de-flapjack,Las maravillosas desventuras de Flapjack,1,,9,10988,12361,,Cartoon N.,Animación,,1080p,Español,false,7:37:49,1373,1254,catalogo_files/i_435_AN8C.webp,https://ok.ru/video/15523563768558,https://ok.ru/videoembed/15523563768558
237,15523563768558,episode,Episodio 10,Las maravillosas desventuras de Flapjack - Temporada 1 (Cartoon N.) [1080p] [Español],las-maravillosas-desventuras-de-flapjack,Las maravillosas desventuras de Flapjack,1,,10,12361,13734,,Cartoon N.,Animación,,1080p,Español,false,7:37:49,1373,1254,catalogo_files/i_435_AN8C.webp,https://ok.ru/video/15523563768558,https://ok.ru/videoembed/15523563768558
238,15523563768558,episode,Episodio 11,Las maravillosas desventuras de Flapjack - Temporada 1 (Cartoon N.) [1080p] [Español],las-maravillosas-desventuras-de-flapjack,Las maravillosas desventuras de Flapjack,1,,11,13734,15108,,Cartoon N.,Animación,,1080p,Español,false,7:37:49,1374,1254,catalogo_files/i_435_AN8C.webp,https://ok.ru/video/15523563768558,https://ok.ru/videoembed/15523563768558
239,15523563768558,episode,Episodio 12,Las maravillosas desventuras de Flapjack - Temporada 1 (Cartoon N.) [1080p] [Español],las-maravillosas-desventuras-de-flapjack,Las maravillosas desventuras de Flapjack,1,,12,15108,16481,,Cartoon N.,Animación,,1080p,Español,false,7:37:49,1373,1254,catalogo_files/i_435_AN8C.webp,https://ok.ru/video/15523563768558,https://ok.ru/videoembed/15523563768558
240,15523563768558,episode,Episodio 13,Las maravillosas desventuras de Flapjack - Temporada 1 (Cartoon N.) [1080p] [Español],las-maravillosas-desventuras-de-flapjack,Las maravillosas desventuras de Flapjack,1,,13,16481,17855,,Cartoon N.,Animación,,1080p,Español,false,7:37:49,1374,1254,catalogo_files/i_435_AN8C.webp,https://ok.ru/video/15523563768558,https://ok.ru/videoembed/15523563768558
241,15523563768558,episode,Episodio 14,Las maravillosas desventuras de Flapjack - Temporada 1 (Cartoon N.) [1080p] [Español],las-maravillosas-desventuras-de-flapjack,Las maravillosas desventuras de Flapjack,1,,14,17855,19228,,Cartoon N.,Animación,,1080p,Español,false,7:37:49,1373,1254,catalogo_files/i_435_AN8C.webp,https://ok.ru/video/15523563768558,https://ok.ru/videoembed/15523563768558
242,15523563768558,episode,Episodio 15,Las maravillosas desventuras de Flapjack - Temporada 1 (Cartoon N.) [1080p] [Español],las-maravillosas-desventuras-de-flapjack,Las maravillosas desventuras de Flapjack,1,,15,19228,20602,,Cartoon N.,Animación,,1080p,Español,false,7:37:49,1374,1254,catalogo_files/i_435_AN8C.webp,https://ok.ru/video/15523563768558,https://ok.ru/videoembed/15523563768558
243,15523563768558,episode,Episodio 16,Las maravillosas desventuras de Flapjack - Temporada 1 (Cartoon N.) [1080p] [Español],las-maravillosas-desventuras-de-flapjack,Las maravillosas desventuras de Flapjack,1,,16,20602,21975,,Cartoon N.,Animación,,1080p,Español,false,7:37:49,1373,1254,catalogo_files/i_435_AN8C.webp,https://ok.ru/video/15523563768558,https://ok.ru/videoembed/15523563768558
244,15523563768558,episode,Episodio 17,Las maravillosas desventuras de Flapjack - Temporada 1 (Cartoon N.) [1080p] [Español],las-maravillosas-desventuras-de-flapjack,Las maravillosas desventuras de Flapjack,1,,17,21975,23349,,Cartoon N.,Animación,,1080p,Español,false,7:37:49,1374,1254,catalogo_files/i_435_AN8C.webp,https://ok.ru/video/15523563768558,https://ok.ru/videoembed/15523563768558
245,15523563768558,episode,Episodio 18,Las maravillosas desventuras de Flapjack - Temporada 1 (Cartoon N.) [1080p] [Español],las-maravillosas-desventuras-de-flapjack,Las maravillosas desventuras de Flapjack,1,,18,23349,24722,,Cartoon N.,Animación,,1080p,Español,false,7:37:49,1373,1254,catalogo_files/i_435_AN8C.webp,https://ok.ru/video/15523563768558,https://ok.ru/videoembed/15523563768558
246,15523563768558,episode,Episodio 19,Las maravillosas desventuras de Flapjack - Temporada 1 (Cartoon N.) [1080p] [Español],las-maravillosas-desventuras-de-flapjack,Las maravillosas desventuras de Flapjack,1,,19,24722,26096,,Cartoon N.,Animación,,1080p,Español,false,7:37:49,1374,1254,catalogo_files/i_435_AN8C.webp,https://ok.ru/video/15523563768558,https://ok.ru/videoembed/15523563768558
247,15523563768558,episode,Episodio 20,Las maravillosas desventuras de Flapjack - Temporada 1 (Cartoon N.) [1080p] [Español],las-maravillosas-desventuras-de-flapjack,Las maravillosas desventuras de Flapjack,1,,20,26096,,,Cartoon N.,Animación,,1080p,Español,false,7:37:49,1373,1254,catalogo_files/i_435_AN8C.webp,https://ok.ru/video/15523563768558,https://ok.ru/videoembed/15523563768558
248,15523712797422,episode,Episodio 1,Hora de Aventura - Temporada 1 (Cartoon N.) [1080p] [Español],hora-de-aventura,Hora de Aventura,1,,1,0,682,,Cartoon N.,Animación,,1080p,Español,false,4:55:43,682,1507,catalogo_files/i_293_AN8C.webp,https://ok.ru/video/15523712797422,https://ok.ru/videoembed/15523712797422
249,15523712797422,episode,Episodio 2,Hora de Aventura - Temporada 1 (Cartoon N.) [1080p] [Español],hora-de-aventura,Hora de Aventura,1,,2,682,1365,,Cartoon N.,Animación,,1080p,Español,false,4:55:43,683,1507,catalogo_files/i_293_AN8C.webp,https://ok.ru/video/15523712797422,https://ok.ru/videoembed/15523712797422
250,15523712797422,episode,Episodio 3,Hora de Aventura - Temporada 1 (Cartoon N.) [1080p] [Español],hora-de-aventura,Hora de Aventura,1,,3,1365,2047,,Cartoon N.,Animación,,1080p,Español,false,4:55:43,682,1507,catalogo_files/i_293_AN8C.webp,https://ok.ru/video/15523712797422,https://ok.ru/videoembed/15523712797422
251,15523712797422,episode,Episodio 4,Hora de Aventura - Temporada 1 (Cartoon N.) [1080p] [Español],hora-de-aventura,Hora de Aventura,1,,4,2047,2730,,Cartoon N.,Animación,,1080p,Español,false,4:55:43,683,1507,catalogo_files/i_293_AN8C.webp,https://ok.ru/video/15523712797422,https://ok.ru/videoembed/15523712797422
252,15523712797422,episode,Episodio 5,Hora de Aventura - Temporada 1 (Cartoon N.) [1080p] [Español],hora-de-aventura,Hora de Aventura,1,,5,2730,3412,,Cartoon N.,Animación,,1080p,Español,false,4:55:43,682,1507,catalogo_files/i_293_AN8C.webp,https://ok.ru/video/15523712797422,https://ok.ru/videoembed/15523712797422
253,15523712797422,episode,Episodio 6,Hora de Aventura - Temporada 1 (Cartoon N.) [1080p] [Español],hora-de-aventura,Hora de Aventura,1,,6,3412,4095,,Cartoon N.,Animación,,1080p,Español,false,4:55:43,683,1507,catalogo_files/i_293_AN8C.webp,https://ok.ru/video/15523712797422,https://ok.ru/videoembed/15523712797422
254,15523712797422,episode,Episodio 7,Hora de Aventura - Temporada 1 (Cartoon N.) [1080p] [Español],hora-de-aventura,Hora de Aventura,1,,7,4095,4777,,Cartoon N.,Animación,,1080p,Español,false,4:55:43,682,1507,catalogo_files/i_293_AN8C.webp,https://ok.ru/video/15523712797422,https://ok.ru/videoembed/15523712797422
255,15523712797422,episode,Episodio 8,Hora de Aventura - Temporada 1 (Cartoon N.) [1080p] [Español],hora-de-aventura,Hora de Aventura,1,,8,4777,5459,,Cartoon N.,Animación,,1080p,Español,false,4:55:43,682,1507,catalogo_files/i_293_AN8C.webp,https://ok.ru/video/15523712797422,https://ok.ru/videoembed/15523712797422
256,15523712797422,episode,Episodio 9,Hora de Aventura - Temporada 1 (Cartoon N.) [1080p] [Español],hora-de-aventura,Hora de Aventura,1,,9,5459,6142,,Cartoon N.,Animación,,1080p,Español,false,4:55:43,683,1507,catalogo_files/i_293_AN8C.webp,https://ok.ru/video/15523712797422,https://ok.ru/videoembed/15523712797422
257,15523712797422,episode,Episodio 10,Hora de Aventura - Temporada 1 (Cartoon N.) [1080p] [Español],hora-de-aventura,Hora de Aventura,1,,10,6142,6824,,Cartoon N.,Animación,,1080p,Español,false,4:55:43,682,1507,catalogo_files/i_293_AN8C.webp,https://ok.ru/video/15523712797422,https://ok.ru/videoembed/15523712797422
258,15523712797422,episode,Episodio 11,Hora de Aventura - Temporada 1 (Cartoon N.) [1080p] [Español],hora-de-aventura,Hora de Aventura,1,,11,6824,7507,,Cartoon N.,Animación,,1080p,Español,false,4:55:43,683,1507,catalogo_files/i_293_AN8C.webp,https://ok.ru/video/15523712797422,https://ok.ru/videoembed/15523712797422
259,15523712797422,episode,Episodio 12,Hora de Aventura - Temporada 1 (Cartoon N.) [1080p] [Español],hora-de-aventura,Hora de Aventura,1,,12,7507,8189,,Cartoon N.,Animación,,1080p,Español,false,4:55:43,682,1507,catalogo_files/i_293_AN8C.webp,https://ok.ru/video/15523712797422,https://ok.ru/videoembed/15523712797422
260,15523712797422,episode,Episodio 13,Hora de Aventura - Temporada 1 (Cartoon N.) [1080p] [Español],hora-de-aventura,Hora de Aventura,1,,13,8189,8872,,Cartoon N.,Animación,,1080p,Español,false,4:55:43,683,1507,catalogo_files/i_293_AN8C.webp,https://ok.ru/video/15523712797422,https://ok.ru/videoembed/15523712797422
261,15523712797422,episode,Episodio 14,Hora de Aventura - Temporada 1 (Cartoon N.) [1080p] [Español],hora-de-aventura,Hora de Aventura,1,,14,8872,9554,,Cartoon N.,Animación,,1080p,Español,false,4:55:43,682,1507,catalogo_files/i_293_AN8C.webp,https://ok.ru/video/15523712797422,https://ok.ru/videoembed/15523712797422
262,15523712797422,episode,Episodio 15,Hora de Aventura - Temporada 1 (Cartoon N.) [1080p] [Español],hora-de-aventura,Hora de Aventura,1,,15,9554,10236,,Cartoon N.,Animación,,1080p,Español,false,4:55:43,682,1507,catalogo_files/i_293_AN8C.webp,https://ok.ru/video/15523712797422,https://ok.ru/videoembed/15523712797422
263,15523712797422,episode,Episodio 16,Hora de Aventura - Temporada 1 (Cartoon N.) [1080p] [Español],hora-de-aventura,Hora de Aventura,1,,16,10236,10919,,Cartoon N.,Animación,,1080p,Español,false,4:55:43,683,1507,catalogo_files/i_293_AN8C.webp,https://ok.ru/video/15523712797422,https://ok.ru/videoembed/15523712797422
264,15523712797422,episode,Episodio 17,Hora de Aventura - Temporada 1 (Cartoon N.) [1080p] [Español],hora-de-aventura,Hora de Aventura,1,,17,10919,11601,,Cartoon N.,Animación,,1080p,Español,false,4:55:43,682,1507,catalogo_files/i_293_AN8C.webp,https://ok.ru/video/15523712797422,https://ok.ru/videoembed/15523712797422
265,15523712797422,episode,Episodio 18,Hora de Aventura - Temporada 1 (Cartoon N.) [1080p] [Español],hora-de-aventura,Hora de Aventura,1,,18,11601,12284,,Cartoon N.,Animación,,1080p,Español,false,4:55:43,683,1507,catalogo_files/i_293_AN8C.webp,https://ok.ru/video/15523712797422,https://ok.ru/videoembed/15523712797422
266,15523712797422,episode,Episodio 19,Hora de Aventura - Temporada 1 (Cartoon N.) [1080p] [Español],hora-de-aventura,Hora de Aventura,1,,19,12284,12966,,Cartoon N.,Animación,,1080p,Español,false,4:55:43,682,1507,catalogo_files/i_293_AN8C.webp,https://ok.ru/video/15523712797422,https://ok.ru/videoembed/15523712797422
267,15523712797422,episode,Episodio 20,Hora de Aventura - Temporada 1 (Cartoon N.) [1080p] [Español],hora-de-aventura,Hora de Aventura,1,,20,12966,13648,,Cartoon N.,Animación,,1080p,Español,false,4:55:43,682,1507,catalogo_files/i_293_AN8C.webp,https://ok.ru/video/15523712797422,https://ok.ru/videoembed/15523712797422
268,15523712797422,episode,Episodio 21,Hora de Aventura - Temporada 1 (Cartoon N.) [1080p] [Español],hora-de-aventura,Hora de Aventura,1,,21,13648,14331,,Cartoon N.,Animación,,1080p,Español,false,4:55:43,683,1507,catalogo_files/i_293_AN8C.webp,https://ok.ru/video/15523712797422,https://ok.ru/videoembed/15523712797422
269,15523712797422,episode,Episodio 22,Hora de Aventura - Temporada 1 (Cartoon N.) [1080p] [Español],hora-de-aventura,Hora de Aventura,1,,22,14331,15013,,Cartoon N.,Animación,,1080p,Español,false,4:55:43,682,1507,catalogo_files/i_293_AN8C.webp,https://ok.ru/video/15523712797422,https://ok.ru/videoembed/15523712797422
270,15523712797422,episode,Episodio 23,Hora de Aventura - Temporada 1 (Cartoon N.) [1080p] [Español],hora-de-aventura,Hora de Aventura,1,,23,15013,15696,,Cartoon N.,Animación,,1080p,Español,false,4:55:43,683,1507,catalogo_files/i_293_AN8C.webp,https://ok.ru/video/15523712797422,https://ok.ru/videoembed/15523712797422
271,15523712797422,episode,Episodio 24,Hora de Aventura - Temporada 1 (Cartoon N.) [1080p] [Español],hora-de-aventura,Hora de Aventura,1,,24,15696,16378,,Cartoon N.,Animación,,1080p,Español,false,4:55:43,682,1507,catalogo_files/i_293_AN8C.webp,https://ok.ru/video/15523712797422,https://ok.ru/videoembed/15523712797422
272,15523712797422,episode,Episodio 25,Hora de Aventura - Temporada 1 (Cartoon N.) [1080p] [Español],hora-de-aventura,Hora de Aventura,1,,25,16378,17061,,Cartoon N.,Animación,,1080p,Español,false,4:55:43,683,1507,catalogo_files/i_293_AN8C.webp,https://ok.ru/video/15523712797422,https://ok.ru/videoembed/15523712797422
273,15523712797422,episode,Episodio 26,Hora de Aventura - Temporada 1 (Cartoon N.) [1080p] [Español],hora-de-aventura,Hora de Aventura,1,,26,17061,,,Cartoon N.,Animación,,1080p,Español,false,4:55:43,682,1507,catalogo_files/i_293_AN8C.webp,https://ok.ru/video/15523712797422,https://ok.ru/videoembed/15523712797422
274,15524323199726,episode,Episodio 1,Los jóvenes titanes - Temporada 2 [DC] [1080p] [Español],los-jovenes-titanes,Los jóvenes titanes,2,,1,0,1314,,DC,Superhéroes,Acción,1080p,Español,false,4:44:38,1314,1020,catalogo_files/i_333_AN8C.webp,https://ok.ru/video/15524323199726,https://ok.ru/videoembed/15524323199726
275,15524323199726,episode,Episodio 2,Los jóvenes titanes - Temporada 2 [DC] [1080p] [Español],los-jovenes-titanes,Los jóvenes titanes,2,,2,1314,2627,,DC,Superhéroes,Acción,1080p,Español,false,4:44:38,1313,1020,catalogo_files/i_333_AN8C.webp,https://ok.ru/video/15524323199726,https://ok.ru/videoembed/15524323199726
276,15524323199726,episode,Episodio 3,Los jóvenes titanes - Temporada 2 [DC] [1080p] [Español],los-jovenes-titanes,Los jóvenes titanes,2,,3,2627,3941,,DC,Superhéroes,Acción,1080p,Español,false,4:44:38,1314,1020,catalogo_files/i_333_AN8C.webp,https://ok.ru/video/15524323199726,https://ok.ru/videoembed/15524323199726
277,15524323199726,episode,Episodio 4,Los jóvenes titanes - Temporada 2 [DC] [1080p] [Español],los-jovenes-titanes,Los jóvenes titanes,2,,4,3941,5255,,DC,Superhéroes,Acción,1080p,Español,false,4:44:38,1314,1020,catalogo_files/i_333_AN8C.webp,https://ok.ru/video/15524323199726,https://ok.ru/videoembed/15524323199726
278,15524323199726,episode,Episodio 5,Los jóvenes titanes - Temporada 2 [DC] [1080p] [Español],los-jovenes-titanes,Los jóvenes titanes,2,,5,5255,6568,,DC,Superhéroes,Acción,1080p,Español,false,4:44:38,1313,1020,catalogo_files/i_333_AN8C.webp,https://ok.ru/video/15524323199726,https://ok.ru/videoembed/15524323199726
279,15524323199726,episode,Episodio 6,Los jóvenes titanes - Temporada 2 [DC] [1080p] [Español],los-jovenes-titanes,Los jóvenes titanes,2,,6,6568,7882,,DC,Superhéroes,Acción,1080p,Español,false,4:44:38,1314,1020,catalogo_files/i_333_AN8C.webp,https://ok.ru/video/15524323199726,https://ok.ru/videoembed/15524323199726
280,15524323199726,episode,Episodio 7,Los jóvenes titanes - Temporada 2 [DC] [1080p] [Español],los-jovenes-titanes,Los jóvenes titanes,2,,7,7882,9196,,DC,Superhéroes,Acción,1080p,Español,false,4:44:38,1314,1020,catalogo_files/i_333_AN8C.webp,https://ok.ru/video/15524323199726,https://ok.ru/videoembed/15524323199726
281,15524323199726,episode,Episodio 8,Los jóvenes titanes - Temporada 2 [DC] [1080p] [Español],los-jovenes-titanes,Los jóvenes titanes,2,,8,9196,10510,,DC,Superhéroes,Acción,1080p,Español,false,4:44:38,1314,1020,catalogo_files/i_333_AN8C.webp,https://ok.ru/video/15524323199726,https://ok.ru/videoembed/15524323199726
282,15524323199726,episode,Episodio 9,Los jóvenes titanes - Temporada 2 [DC] [1080p] [Español],los-jovenes-titanes,Los jóvenes titanes,2,,9,10510,11823,,DC,Superhéroes,Acción,1080p,Español,false,4:44:38,1313,1020,catalogo_files/i_333_AN8C.webp,https://ok.ru/video/15524323199726,https://ok.ru/videoembed/15524323199726
283,15524323199726,episode,Episodio 10,Los jóvenes titanes - Temporada 2 [DC] [1080p] [Español],los-jovenes-titanes,Los jóvenes titanes,2,,10,11823,13137,,DC,Superhéroes,Acción,1080p,Español,false,4:44:38,1314,1020,catalogo_files/i_333_AN8C.webp,https://ok.ru/video/15524323199726,https://ok.ru/videoembed/15524323199726
284,15524323199726,episode,Episodio 11,Los jóvenes titanes - Temporada 2 [DC] [1080p] [Español],los-jovenes-titanes,Los jóvenes titanes,2,,11,13137,14451,,DC,Superhéroes,Acción,1080p,Español,false,4:44:38,1314,1020,catalogo_files/i_333_AN8C.webp,https://ok.ru/video/15524323199726,https://ok.ru/videoembed/15524323199726
285,15524323199726,episode,Episodio 12,Los jóvenes titanes - Temporada 2 [DC] [1080p] [Español],los-jovenes-titanes,Los jóvenes titanes,2,,12,14451,15764,,DC,Superhéroes,Acción,1080p,Español,false,4:44:38,1313,1020,catalogo_files/i_333_AN8C.webp,https://ok.ru/video/15524323199726,https://ok.ru/videoembed/15524323199726
286,15524323199726,episode,Episodio 13,Los jóvenes titanes - Temporada 2 [DC] [1080p] [Español],los-jovenes-titanes,Los jóvenes titanes,2,,13,15764,,,DC,Superhéroes,Acción,1080p,Español,false,4:44:38,1314,1020,catalogo_files/i_333_AN8C.webp,https://ok.ru/video/15524323199726,https://ok.ru/videoembed/15524323199726
287,15523042888430,movie,Mushka,Mushka (2023) [1080p] [Sub Español],,,,,,,,2023,,Animación,Aventura,1080p,Español,true,28:27,1707,1286,catalogo_files/i_240_AN8C.webp,https://ok.ru/video/15523042888430,https://ok.ru/videoembed/15523042888430
288,15521013959406,episode,Episodio 1,Haibane Renmei - Temporada 1 (2002) [1080p] [Sub Español],haibane-renmei,Haibane Renmei,1,,1,0,1437,2002,,Anime,Drama,1080p,Español,true,5:11:22,1437,1350,catalogo_files/i_128_AN8C.webp,https://ok.ru/video/15521013959406,https://ok.ru/videoembed/15521013959406
289,15521013959406,episode,Episodio 2,Haibane Renmei - Temporada 1 (2002) [1080p] [Sub Español],haibane-renmei,Haibane Renmei,1,,2,1437,2874,2002,,Anime,Drama,1080p,Español,true,5:11:22,1437,1350,catalogo_files/i_128_AN8C.webp,https://ok.ru/video/15521013959406,https://ok.ru/videoembed/15521013959406
290,15521013959406,episode,Episodio 3,Haibane Renmei - Temporada 1 (2002) [1080p] [Sub Español],haibane-renmei,Haibane Renmei,1,,3,2874,4311,2002,,Anime,Drama,1080p,Español,true,5:11:22,1437,1350,catalogo_files/i_128_AN8C.webp,https://ok.ru/video/15521013959406,https://ok.ru/videoembed/15521013959406
291,15521013959406,episode,Episodio 4,Haibane Renmei - Temporada 1 (2002) [1080p] [Sub Español],haibane-renmei,Haibane Renmei,1,,4,4311,5748,2002,,Anime,Drama,1080p,Español,true,5:11:22,1437,1350,catalogo_files/i_128_AN8C.webp,https://ok.ru/video/15521013959406,https://ok.ru/videoembed/15521013959406
292,15521013959406,episode,Episodio 5,Haibane Renmei - Temporada 1 (2002) [1080p] [Sub Español],haibane-renmei,Haibane Renmei,1,,5,5748,7185,2002,,Anime,Drama,1080p,Español,true,5:11:22,1437,1350,catalogo_files/i_128_AN8C.webp,https://ok.ru/video/15521013959406,https://ok.ru/videoembed/15521013959406
293,15521013959406,episode,Episodio 6,Haibane Renmei - Temporada 1 (2002) [1080p] [Sub Español],haibane-renmei,Haibane Renmei,1,,6,7185,8622,2002,,Anime,Drama,1080p,Español,true,5:11:22,1437,1350,catalogo_files/i_128_AN8C.webp,https://ok.ru/video/15521013959406,https://ok.ru/videoembed/15521013959406
294,15521013959406,episode,Episodio 7,Haibane Renmei - Temporada 1 (2002) [1080p] [Sub Español],haibane-renmei,Haibane Renmei,1,,7,8622,10060,2002,,Anime,Drama,1080p,Español,true,5:11:22,1438,1350,catalogo_files/i_128_AN8C.webp,https://ok.ru/video/15521013959406,https://ok.ru/videoembed/15521013959406
295,15521013959406,episode,Episodio 8,Haibane Renmei - Temporada 1 (2002) [1080p] [Sub Español],haibane-renmei,Haibane Renmei,1,,8,10060,11497,2002,,Anime,Drama,1080p,Español,true,5:11:22,1437,1350,catalogo_files/i_128_AN8C.webp,https://ok.ru/video/15521013959406,https://ok.ru/videoembed/15521013959406
296,15521013959406,episode,Episodio 9,Haibane Renmei - Temporada 1 (2002) [1080p] [Sub Español],haibane-renmei,Haibane Renmei,1,,9,11497,12934,2002,,Anime,Drama,1080p,Español,true,5:11:22,1437,1350,catalogo_files/i_128_AN8C.webp,https://ok.ru/video/15521013959406,https://ok.ru/videoembed/15521013959406
297,15521013959406,episode,Episodio 10,Haibane Renmei - Temporada 1 (2002) [1080p] [Sub Español],haibane-renmei,Haibane Renmei,1,,10,12934,14371,2002,,Anime,Drama,1080p,Español,true,5:11:22,1437,1350,catalogo_files/i_128_AN8C.webp,https://ok.ru/video/15521013959406,https://ok.ru/videoembed/15521013959406
298,15521013959406,episode,Episodio 11,Haibane Renmei - Temporada 1 (2002) [1080p] [Sub Español],haibane-renmei,Haibane Renmei,1,,11,14371,15808,2002,,Anime,Drama,1080p,Español,true,5:11:22,1437,1350,catalogo_files/i_128_AN8C.webp,https://ok.ru/video/15521013959406,https://ok.ru/videoembed/15521013959406
299,15521013959406,episode,Episodio 12,Haibane Renmei - Temporada 1 (2002) [1080p] [Sub Español],haibane-renmei,Haibane Renmei,1,,12,15808,17245,2002,,Anime,Drama,1080p,Español,true,5:11:22,1437,1350,catalogo_files/i_128_AN8C.webp,https://ok.ru/video/15521013959406,https://ok.ru/videoembed/15521013959406
300,15521013959406,episode,Episodio 13,Haibane Renmei - Temporada 1 (2002) [1080p] [Sub Español],haibane-renmei,Haibane Renmei,1,,13,17245,,2002,,Anime,Drama,1080p,Español,true,5:11:22,1437,1350,catalogo_files/i_128_AN8C.webp,https://ok.ru/video/15521013959406,https://ok.ru/videoembed/15521013959406
301,15512146348782,movie,Aika,Aika (1997) [1080p] [Sub Español],,,,,,,,1997,,Anime,Ciencia Ficción,1080p,Español,true,3:27:25,12445,1524,catalogo_files/i_721_AN8C.webp,https://ok.ru/video/15512146348782,https://ok.ru/videoembed/15512146348782
302,15509235895022,movie,Riki-Oh OVA 1 y 2,Riki-Oh OVA 1 y 2 (1989) [1080p] [Sub Español],,,,,,,,1989,,Anime,Acción,1080p,Español,true,1:34:09,5649,1184,catalogo_files/i_567_AN8C.webp,https://ok.ru/video/15509235895022,https://ok.ru/videoembed/15509235895022
303,15508667763438,movie,Plastic Little,Plastic Little (1994) [1080p] [Español],,,,,,,,1994,,Anime,Ciencia Ficción,1080p,Español,false,47:33,2853,1325,catalogo_files/i_723_AN8C.webp,https://ok.ru/video/15508667763438,https://ok.ru/videoembed/15508667763438
304,15502026410734,episode,Episodio 1,Yu-Gi-Oh! - Temporada 2 [1440p] [Español],yu-gi-oh,Yu-Gi-Oh!,2,,1,0,1215,,,Anime,Aventura,1440p,Español,false,15:30:24,1215,1053,catalogo_files/i_542_AN8C.webp,https://ok.ru/video/15502026410734,https://ok.ru/videoembed/15502026410734
305,15502026410734,episode,Episodio 2,Yu-Gi-Oh! - Temporada 2 [1440p] [Español],yu-gi-oh,Yu-Gi-Oh!,2,,2,1215,2430,,,Anime,Aventura,1440p,Español,false,15:30:24,1215,1053,catalogo_files/i_542_AN8C.webp,https://ok.ru/video/15502026410734,https://ok.ru/videoembed/15502026410734
306,15502026410734,episode,Episodio 3,Yu-Gi-Oh! - Temporada 2 [1440p] [Español],yu-gi-oh,Yu-Gi-Oh!,2,,3,2430,3645,,,Anime,Aventura,1440p,Español,false,15:30:24,1215,1053,catalogo_files/i_542_AN8C.webp,https://ok.ru/video/15502026410734,https://ok.ru/videoembed/15502026410734
307,15502026410734,episode,Episodio 4,Yu-Gi-Oh! - Temporada 2 [1440p] [Español],yu-gi-oh,Yu-Gi-Oh!,2,,4,3645,4860,,,Anime,Aventura,1440p,Español,false,15:30:24,1215,1053,catalogo_files/i_542_AN8C.webp,https://ok.ru/video/15502026410734,https://ok.ru/videoembed/15502026410734
308,15502026410734,episode,Episodio 5,Yu-Gi-Oh! - Temporada 2 [1440p] [Español],yu-gi-oh,Yu-Gi-Oh!,2,,5,4860,6075,,,Anime,Aventura,1440p,Español,false,15:30:24,1215,1053,catalogo_files/i_542_AN8C.webp,https://ok.ru/video/15502026410734,https://ok.ru/videoembed/15502026410734
309,15502026410734,episode,Episodio 6,Yu-Gi-Oh! - Temporada 2 [1440p] [Español],yu-gi-oh,Yu-Gi-Oh!,2,,6,6075,7290,,,Anime,Aventura,1440p,Español,false,15:30:24,1215,1053,catalogo_files/i_542_AN8C.webp,https://ok.ru/video/15502026410734,https://ok.ru/videoembed/15502026410734
310,15502026410734,episode,Episodio 7,Yu-Gi-Oh! - Temporada 2 [1440p] [Español],yu-gi-oh,Yu-Gi-Oh!,2,,7,7290,8505,,,Anime,Aventura,1440p,Español,false,15:30:24,1215,1053,catalogo_files/i_542_AN8C.webp,https://ok.ru/video/15502026410734,https://ok.ru/videoembed/15502026410734
311,15502026410734,episode,Episodio 8,Yu-Gi-Oh! - Temporada 2 [1440p] [Español],yu-gi-oh,Yu-Gi-Oh!,2,,8,8505,9720,,,Anime,Aventura,1440p,Español,false,15:30:24,1215,1053,catalogo_files/i_542_AN8C.webp,https://ok.ru/video/15502026410734,https://ok.ru/videoembed/15502026410734
312,15502026410734,episode,Episodio 9,Yu-Gi-Oh! - Temporada 2 [1440p] [Español],yu-gi-oh,Yu-Gi-Oh!,2,,9,9720,10935,,,Anime,Aventura,1440p,Español,false,15:30:24,1215,1053,catalogo_files/i_542_AN8C.webp,https://ok.ru/video/15502026410734,https://ok.ru/videoembed/15502026410734
313,15502026410734,episode,Episodio 10,Yu-Gi-Oh! - Temporada 2 [1440p] [Español],yu-gi-oh,Yu-Gi-Oh!,2,,10,10935,12150,,,Anime,Aventura,1440p,Español,false,15:30:24,1215,1053,catalogo_files/i_542_AN8C.webp,https://ok.ru/video/15502026410734,https://ok.ru/videoembed/15502026410734
314,15502026410734,episode,Episodio 11,Yu-Gi-Oh! - Temporada 2 [1440p] [Español],yu-gi-oh,Yu-Gi-Oh!,2,,11,12150,13365,,,Anime,Aventura,1440p,Español,false,15:30:24,1215,1053,catalogo_files/i_542_AN8C.webp,https://ok.ru/video/15502026410734,https://ok.ru/videoembed/15502026410734
315,15502026410734,episode,Episodio 12,Yu-Gi-Oh! - Temporada 2 [1440p] [Español],yu-gi-oh,Yu-Gi-Oh!,2,,12,13365,14580,,,Anime,Aventura,1440p,Español,false,15:30:24,1215,1053,catalogo_files/i_542_AN8C.webp,https://ok.ru/video/15502026410734,https://ok.ru/videoembed/15502026410734
316,15502026410734,episode,Episodio 13,Yu-Gi-Oh! - Temporada 2 [1440p] [Español],yu-gi-oh,Yu-Gi-Oh!,2,,13,14580,15795,,,Anime,Aventura,1440p,Español,false,15:30:24,1215,1053,catalogo_files/i_542_AN8C.webp,https://ok.ru/video/15502026410734,https://ok.ru/videoembed/15502026410734
317,15502026410734,episode,Episodio 14,Yu-Gi-Oh! - Temporada 2 [1440p] [Español],yu-gi-oh,Yu-Gi-Oh!,2,,14,15795,17010,,,Anime,Aventura,1440p,Español,false,15:30:24,1215,1053,catalogo_files/i_542_AN8C.webp,https://ok.ru/video/15502026410734,https://ok.ru/videoembed/15502026410734
318,15502026410734,episode,Episodio 15,Yu-Gi-Oh! - Temporada 2 [1440p] [Español],yu-gi-oh,Yu-Gi-Oh!,2,,15,17010,18225,,,Anime,Aventura,1440p,Español,false,15:30:24,1215,1053,catalogo_files/i_542_AN8C.webp,https://ok.ru/video/15502026410734,https://ok.ru/videoembed/15502026410734
319,15502026410734,episode,Episodio 16,Yu-Gi-Oh! - Temporada 2 [1440p] [Español],yu-gi-oh,Yu-Gi-Oh!,2,,16,18225,19440,,,Anime,Aventura,1440p,Español,false,15:30:24,1215,1053,catalogo_files/i_542_AN8C.webp,https://ok.ru/video/15502026410734,https://ok.ru/videoembed/15502026410734
320,15502026410734,episode,Episodio 17,Yu-Gi-Oh! - Temporada 2 [1440p] [Español],yu-gi-oh,Yu-Gi-Oh!,2,,17,19440,20655,,,Anime,Aventura,1440p,Español,false,15:30:24,1215,1053,catalogo_files/i_542_AN8C.webp,https://ok.ru/video/15502026410734,https://ok.ru/videoembed/15502026410734
321,15502026410734,episode,Episodio 18,Yu-Gi-Oh! - Temporada 2 [1440p] [Español],yu-gi-oh,Yu-Gi-Oh!,2,,18,20655,21870,,,Anime,Aventura,1440p,Español,false,15:30:24,1215,1053,catalogo_files/i_542_AN8C.webp,https://ok.ru/video/15502026410734,https://ok.ru/videoembed/15502026410734
322,15502026410734,episode,Episodio 19,Yu-Gi-Oh! - Temporada 2 [1440p] [Español],yu-gi-oh,Yu-Gi-Oh!,2,,19,21870,23085,,,Anime,Aventura,1440p,Español,false,15:30:24,1215,1053,catalogo_files/i_542_AN8C.webp,https://ok.ru/video/15502026410734,https://ok.ru/videoembed/15502026410734
323,15502026410734,episode,Episodio 20,Yu-Gi-Oh! - Temporada 2 [1440p] [Español],yu-gi-oh,Yu-Gi-Oh!,2,,20,23085,24300,,,Anime,Aventura,1440p,Español,false,15:30:24,1215,1053,catalogo_files/i_542_AN8C.webp,https://ok.ru/video/15502026410734,https://ok.ru/videoembed/15502026410734
324,15502026410734,episode,Episodio 21,Yu-Gi-Oh! - Temporada 2 [1440p] [Español],yu-gi-oh,Yu-Gi-Oh!,2,,21,24300,25515,,,Anime,Aventura,1440p,Español,false,15:30:24,1215,1053,catalogo_files/i_542_AN8C.webp,https://ok.ru/video/15502026410734,https://ok.ru/videoembed/15502026410734
325,15502026410734,episode,Episodio 22,Yu-Gi-Oh! - Temporada 2 [1440p] [Español],yu-gi-oh,Yu-Gi-Oh!,2,,22,25515,26730,,,Anime,Aventura,1440p,Español,false,15:30:24,1215,1053,catalogo_files/i_542_AN8C.webp,https://ok.ru/video/15502026410734,https://ok.ru/videoembed/15502026410734
326,15502026410734,episode,Episodio 23,Yu-Gi-Oh! - Temporada 2 [1440p] [Español],yu-gi-oh,Yu-Gi-Oh!,2,,23,26730,27945,,,Anime,Aventura,1440p,Español,false,15:30:24,1215,1053,catalogo_files/i_542_AN8C.webp,https://ok.ru/video/15502026410734,https://ok.ru/videoembed/15502026410734
327,15502026410734,episode,Episodio 24,Yu-Gi-Oh! - Temporada 2 [1440p] [Español],yu-gi-oh,Yu-Gi-Oh!,2,,24,27945,29160,,,Anime,Aventura,1440p,Español,false,15:30:24,1215,1053,catalogo_files/i_542_AN8C.webp,https://ok.ru/video/15502026410734,https://ok.ru/videoembed/15502026410734
328,15502026410734,episode,Episodio 25,Yu-Gi-Oh! - Temporada 2 [1440p] [Español],yu-gi-oh,Yu-Gi-Oh!,2,,25,29160,30375,,,Anime,Aventura,1440p,Español,false,15:30:24,1215,1053,catalogo_files/i_542_AN8C.webp,https://ok.ru/video/15502026410734,https://ok.ru/videoembed/15502026410734
329,15502026410734,episode,Episodio 26,Yu-Gi-Oh! - Temporada 2 [1440p] [Español],yu-gi-oh,Yu-Gi-Oh!,2,,26,30375,31590,,,Anime,Aventura,1440p,Español,false,15:30:24,1215,1053,catalogo_files/i_542_AN8C.webp,https://ok.ru/video/15502026410734,https://ok.ru/videoembed/15502026410734
330,15502026410734,episode,Episodio 27,Yu-Gi-Oh! - Temporada 2 [1440p] [Español],yu-gi-oh,Yu-Gi-Oh!,2,,27,31590,32805,,,Anime,Aventura,1440p,Español,false,15:30:24,1215,1053,catalogo_files/i_542_AN8C.webp,https://ok.ru/video/15502026410734,https://ok.ru/videoembed/15502026410734
331,15502026410734,episode,Episodio 28,Yu-Gi-Oh! - Temporada 2 [1440p] [Español],yu-gi-oh,Yu-Gi-Oh!,2,,28,32805,34020,,,Anime,Aventura,1440p,Español,false,15:30:24,1215,1053,catalogo_files/i_542_AN8C.webp,https://ok.ru/video/15502026410734,https://ok.ru/videoembed/15502026410734
332,15502026410734,episode,Episodio 29,Yu-Gi-Oh! - Temporada 2 [1440p] [Español],yu-gi-oh,Yu-Gi-Oh!,2,,29,34020,35235,,,Anime,Aventura,1440p,Español,false,15:30:24,1215,1053,catalogo_files/i_542_AN8C.webp,https://ok.ru/video/15502026410734,https://ok.ru/videoembed/15502026410734
333,15502026410734,episode,Episodio 30,Yu-Gi-Oh! - Temporada 2 [1440p] [Español],yu-gi-oh,Yu-Gi-Oh!,2,,30,35235,36450,,,Anime,Aventura,1440p,Español,false,15:30:24,1215,1053,catalogo_files/i_542_AN8C.webp,https://ok.ru/video/15502026410734,https://ok.ru/videoembed/15502026410734
334,15502026410734,episode,Episodio 31,Yu-Gi-Oh! - Temporada 2 [1440p] [Español],yu-gi-oh,Yu-Gi-Oh!,2,,31,36450,37665,,,Anime,Aventura,1440p,Español,false,15:30:24,1215,1053,catalogo_files/i_542_AN8C.webp,https://ok.ru/video/15502026410734,https://ok.ru/videoembed/15502026410734
335,15502026410734,episode,Episodio 32,Yu-Gi-Oh! - Temporada 2 [1440p] [Español],yu-gi-oh,Yu-Gi-Oh!,2,,32,37665,38880,,,Anime,Aventura,1440p,Español,false,15:30:24,1215,1053,catalogo_files/i_542_AN8C.webp,https://ok.ru/video/15502026410734,https://ok.ru/videoembed/15502026410734
336,15502026410734,episode,Episodio 33,Yu-Gi-Oh! - Temporada 2 [1440p] [Español],yu-gi-oh,Yu-Gi-Oh!,2,,33,38880,40095,,,Anime,Aventura,1440p,Español,false,15:30:24,1215,1053,catalogo_files/i_542_AN8C.webp,https://ok.ru/video/15502026410734,https://ok.ru/videoembed/15502026410734
337,15502026410734,episode,Episodio 34,Yu-Gi-Oh! - Temporada 2 [1440p] [Español],yu-gi-oh,Yu-Gi-Oh!,2,,34,40095,41310,,,Anime,Aventura,1440p,Español,false,15:30:24,1215,1053,catalogo_files/i_542_AN8C.webp,https://ok.ru/video/15502026410734,https://ok.ru/videoembed/15502026410734
338,15502026410734,episode,Episodio 35,Yu-Gi-Oh! - Temporada 2 [1440p] [Español],yu-gi-oh,Yu-Gi-Oh!,2,,35,41310,42525,,,Anime,Aventura,1440p,Español,false,15:30:24,1215,1053,catalogo_files/i_542_AN8C.webp,https://ok.ru/video/15502026410734,https://ok.ru/videoembed/15502026410734
339,15502026410734,episode,Episodio 36,Yu-Gi-Oh! - Temporada 2 [1440p] [Español],yu-gi-oh,Yu-Gi-Oh!,2,,36,42525,43740,,,Anime,Aventura,1440p,Español,false,15:30:24,1215,1053,catalogo_files/i_542_AN8C.webp,https://ok.ru/video/15502026410734,https://ok.ru/videoembed/15502026410734
340,15502026410734,episode,Episodio 37,Yu-Gi-Oh! - Temporada 2 [1440p] [Español],yu-gi-oh,Yu-Gi-Oh!,2,,37,43740,44955,,,Anime,Aventura,1440p,Español,false,15:30:24,1215,1053,catalogo_files/i_542_AN8C.webp,https://ok.ru/video/15502026410734,https://ok.ru/videoembed/15502026410734
341,15502026410734,episode,Episodio 38,Yu-Gi-Oh! - Temporada 2 [1440p] [Español],yu-gi-oh,Yu-Gi-Oh!,2,,38,44955,46170,,,Anime,Aventura,1440p,Español,false,15:30:24,1215,1053,catalogo_files/i_542_AN8C.webp,https://ok.ru/video/15502026410734,https://ok.ru/videoembed/15502026410734
342,15502026410734,episode,Episodio 39,Yu-Gi-Oh! - Temporada 2 [1440p] [Español],yu-gi-oh,Yu-Gi-Oh!,2,,39,46170,47385,,,Anime,Aventura,1440p,Español,false,15:30:24,1215,1053,catalogo_files/i_542_AN8C.webp,https://ok.ru/video/15502026410734,https://ok.ru/videoembed/15502026410734
343,15502026410734,episode,Episodio 40,Yu-Gi-Oh! - Temporada 2 [1440p] [Español],yu-gi-oh,Yu-Gi-Oh!,2,,40,47385,48600,,,Anime,Aventura,1440p,Español,false,15:30:24,1215,1053,catalogo_files/i_542_AN8C.webp,https://ok.ru/video/15502026410734,https://ok.ru/videoembed/15502026410734
344,15502026410734,episode,Episodio 41,Yu-Gi-Oh! - Temporada 2 [1440p] [Español],yu-gi-oh,Yu-Gi-Oh!,2,,41,48600,49815,,,Anime,Aventura,1440p,Español,false,15:30:24,1215,1053,catalogo_files/i_542_AN8C.webp,https://ok.ru/video/15502026410734,https://ok.ru/videoembed/15502026410734
345,15502026410734,episode,Episodio 42,Yu-Gi-Oh! - Temporada 2 [1440p] [Español],yu-gi-oh,Yu-Gi-Oh!,2,,42,49815,51030,,,Anime,Aventura,1440p,Español,false,15:30:24,1215,1053,catalogo_files/i_542_AN8C.webp,https://ok.ru/video/15502026410734,https://ok.ru/videoembed/15502026410734
346,15502026410734,episode,Episodio 43,Yu-Gi-Oh! - Temporada 2 [1440p] [Español],yu-gi-oh,Yu-Gi-Oh!,2,,43,51030,52245,,,Anime,Aventura,1440p,Español,false,15:30:24,1215,1053,catalogo_files/i_542_AN8C.webp,https://ok.ru/video/15502026410734,https://ok.ru/videoembed/15502026410734
347,15502026410734,episode,Episodio 44,Yu-Gi-Oh! - Temporada 2 [1440p] [Español],yu-gi-oh,Yu-Gi-Oh!,2,,44,52245,53460,,,Anime,Aventura,1440p,Español,false,15:30:24,1215,1053,catalogo_files/i_542_AN8C.webp,https://ok.ru/video/15502026410734,https://ok.ru/videoembed/15502026410734
348,15502026410734,episode,Episodio 45,Yu-Gi-Oh! - Temporada 2 [1440p] [Español],yu-gi-oh,Yu-Gi-Oh!,2,,45,53460,54675,,,Anime,Aventura,1440p,Español,false,15:30:24,1215,1053,catalogo_files/i_542_AN8C.webp,https://ok.ru/video/15502026410734,https://ok.ru/videoembed/15502026410734
349,15502026410734,episode,Episodio 46,Yu-Gi-Oh! - Temporada 2 [1440p] [Español],yu-gi-oh,Yu-Gi-Oh!,2,,46,54675,,,,Anime,Aventura,1440p,Español,false,15:30:24,1149,1053,catalogo_files/i_542_AN8C.webp,https://ok.ru/video/15502026410734,https://ok.ru/videoembed/15502026410734
350,15500152408814,episode,Episodio 1,Smallville - Temporada 3 [DC] [1080p] [Español],smallville,Smallville,3,,1,0,2580,,DC,Superhéroes,Acción,1080p,Español,false,15:46:01,2580,1942,catalogo_files/i_679_AN8C.webp,https://ok.ru/video/15500152408814,https://ok.ru/videoembed/15500152408814
351,15500152408814,episode,Episodio 2,Smallville - Temporada 3 [DC] [1080p] [Español],smallville,Smallville,3,,2,2580,5160,,DC,Superhéroes,Acción,1080p,Español,false,15:46:01,2580,1942,catalogo_files/i_679_AN8C.webp,https://ok.ru/video/15500152408814,https://ok.ru/videoembed/15500152408814
352,15500152408814,episode,Episodio 3,Smallville - Temporada 3 [DC] [1080p] [Español],smallville,Smallville,3,,3,5160,7740,,DC,Superhéroes,Acción,1080p,Español,false,15:46:01,2580,1942,catalogo_files/i_679_AN8C.webp,https://ok.ru/video/15500152408814,https://ok.ru/videoembed/15500152408814
353,15500152408814,episode,Episodio 4,Smallville - Temporada 3 [DC] [1080p] [Español],smallville,Smallville,3,,4,7740,10320,,DC,Superhéroes,Acción,1080p,Español,false,15:46:01,2580,1942,catalogo_files/i_679_AN8C.webp,https://ok.ru/video/15500152408814,https://ok.ru/videoembed/15500152408814
354,15500152408814,episode,Episodio 5,Smallville - Temporada 3 [DC] [1080p] [Español],smallville,Smallville,3,,5,10320,12900,,DC,Superhéroes,Acción,1080p,Español,false,15:46:01,2580,1942,catalogo_files/i_679_AN8C.webp,https://ok.ru/video/15500152408814,https://ok.ru/videoembed/15500152408814
355,15500152408814,episode,Episodio 6,Smallville - Temporada 3 [DC] [1080p] [Español],smallville,Smallville,3,,6,12900,15480,,DC,Superhéroes,Acción,1080p,Español,false,15:46:01,2580,1942,catalogo_files/i_679_AN8C.webp,https://ok.ru/video/15500152408814,https://ok.ru/videoembed/15500152408814
356,15500152408814,episode,Episodio 7,Smallville - Temporada 3 [DC] [1080p] [Español],smallville,Smallville,3,,7,15480,18060,,DC,Superhéroes,Acción,1080p,Español,false,15:46:01,2580,1942,catalogo_files/i_679_AN8C.webp,https://ok.ru/video/15500152408814,https://ok.ru/videoembed/15500152408814
357,15500152408814,episode,Episodio 8,Smallville - Temporada 3 [DC] [1080p] [Español],smallville,Smallville,3,,8,18060,20640,,DC,Superhéroes,Acción,1080p,Español,false,15:46:01,2580,1942,catalogo_files/i_679_AN8C.webp,https://ok.ru/video/15500152408814,https://ok.ru/videoembed/15500152408814
358,15500152408814,episode,Episodio 9,Smallville - Temporada 3 [DC] [1080p] [Español],smallville,Smallville,3,,9,20640,23220,,DC,Superhéroes,Acción,1080p,Español,false,15:46:01,2580,1942,catalogo_files/i_679_AN8C.webp,https://ok.ru/video/15500152408814,https://ok.ru/videoembed/15500152408814
359,15500152408814,episode,Episodio 10,Smallville - Temporada 3 [DC] [1080p] [Español],smallville,Smallville,3,,10,23220,25800,,DC,Superhéroes,Acción,1080p,Español,false,15:46:01,2580,1942,catalogo_files/i_679_AN8C.webp,https://ok.ru/video/15500152408814,https://ok.ru/videoembed/15500152408814
360,15500152408814,episode,Episodio 11,Smallville - Temporada 3 [DC] [1080p] [Español],smallville,Smallville,3,,11,25800,28380,,DC,Superhéroes,Acción,1080p,Español,false,15:46:01,2580,1942,catalogo_files/i_679_AN8C.webp,https://ok.ru/video/15500152408814,https://ok.ru/videoembed/15500152408814
361,15500152408814,episode,Episodio 12,Smallville - Temporada 3 [DC] [1080p] [Español],smallville,Smallville,3,,12,28380,30961,,DC,Superhéroes,Acción,1080p,Español,false,15:46:01,2581,1942,catalogo_files/i_679_AN8C.webp,https://ok.ru/video/15500152408814,https://ok.ru/videoembed/15500152408814
362,15500152408814,episode,Episodio 13,Smallville - Temporada 3 [DC] [1080p] [Español],smallville,Smallville,3,,13,30961,33541,,DC,Superhéroes,Acción,1080p,Español,false,15:46:01,2580,1942,catalogo_files/i_679_AN8C.webp,https://ok.ru/video/15500152408814,https://ok.ru/videoembed/15500152408814
363,15500152408814,episode,Episodio 14,Smallville - Temporada 3 [DC] [1080p] [Español],smallville,Smallville,3,,14,33541,36121,,DC,Superhéroes,Acción,1080p,Español,false,15:46:01,2580,1942,catalogo_files/i_679_AN8C.webp,https://ok.ru/video/15500152408814,https://ok.ru/videoembed/15500152408814
364,15500152408814,episode,Episodio 15,Smallville - Temporada 3 [DC] [1080p] [Español],smallville,Smallville,3,,15,36121,38701,,DC,Superhéroes,Acción,1080p,Español,false,15:46:01,2580,1942,catalogo_files/i_679_AN8C.webp,https://ok.ru/video/15500152408814,https://ok.ru/videoembed/15500152408814
365,15500152408814,episode,Episodio 16,Smallville - Temporada 3 [DC] [1080p] [Español],smallville,Smallville,3,,16,38701,41281,,DC,Superhéroes,Acción,1080p,Español,false,15:46:01,2580,1942,catalogo_files/i_679_AN8C.webp,https://ok.ru/video/15500152408814,https://ok.ru/videoembed/15500152408814
366,15500152408814,episode,Episodio 17,Smallville - Temporada 3 [DC] [1080p] [Español],smallville,Smallville,3,,17,41281,43861,,DC,Superhéroes,Acción,1080p,Español,false,15:46:01,2580,1942,catalogo_files/i_679_AN8C.webp,https://ok.ru/video/15500152408814,https://ok.ru/videoembed/15500152408814
367,15500152408814,episode,Episodio 18,Smallville - Temporada 3 [DC] [1080p] [Español],smallville,Smallville,3,,18,43861,46441,,DC,Superhéroes,Acción,1080p,Español,false,15:46:01,2580,1942,catalogo_files/i_679_AN8C.webp,https://ok.ru/video/15500152408814,https://ok.ru/videoembed/15500152408814
368,15500152408814,episode,Episodio 19,Smallville - Temporada 3 [DC] [1080p] [Español],smallville,Smallville,3,,19,46441,49021,,DC,Superhéroes,Acción,1080p,Español,false,15:46:01,2580,1942,catalogo_files/i_679_AN8C.webp,https://ok.ru/video/15500152408814,https://ok.ru/videoembed/15500152408814
369,15500152408814,episode,Episodio 20,Smallville - Temporada 3 [DC] [1080p] [Español],smallville,Smallville,3,,20,49021,51601,,DC,Superhéroes,Acción,1080p,Español,false,15:46:01,2580,1942,catalogo_files/i_679_AN8C.webp,https://ok.ru/video/15500152408814,https://ok.ru/videoembed/15500152408814
370,15500152408814,episode,Episodio 21,Smallville - Temporada 3 [DC] [1080p] [Español],smallville,Smallville,3,,21,51601,54181,,DC,Superhéroes,Acción,1080p,Español,false,15:46:01,2580,1942,catalogo_files/i_679_AN8C.webp,https://ok.ru/video/15500152408814,https://ok.ru/videoembed/15500152408814
371,15500152408814,episode,Episodio 22,Smallville - Temporada 3 [DC] [1080p] [Español],smallville,Smallville,3,,22,54181,,,DC,Superhéroes,Acción,1080p,Español,false,15:46:01,2580,1942,catalogo_files/i_679_AN8C.webp,https://ok.ru/video/15500152408814,https://ok.ru/videoembed/15500152408814
372,15500652120814,episode,Episodio 1,Malcolm el de en medio - Temporada 3 [1080p] [Español],malcolm-el-de-en-medio,Malcolm el de en medio,3,,1,0,1332,,,Comedia,,1080p,Español,false,8:08:14,1332,1865,catalogo_files/i_598_AN8C.webp,https://ok.ru/video/15500652120814,https://ok.ru/videoembed/15500652120814
373,15500652120814,episode,Episodio 2,Malcolm el de en medio - Temporada 3 [1080p] [Español],malcolm-el-de-en-medio,Malcolm el de en medio,3,,2,1332,2663,,,Comedia,,1080p,Español,false,8:08:14,1331,1865,catalogo_files/i_598_AN8C.webp,https://ok.ru/video/15500652120814,https://ok.ru/videoembed/15500652120814
374,15500652120814,episode,Episodio 3,Malcolm el de en medio - Temporada 3 [1080p] [Español],malcolm-el-de-en-medio,Malcolm el de en medio,3,,3,2663,3995,,,Comedia,,1080p,Español,false,8:08:14,1332,1865,catalogo_files/i_598_AN8C.webp,https://ok.ru/video/15500652120814,https://ok.ru/videoembed/15500652120814
375,15500652120814,episode,Episodio 4,Malcolm el de en medio - Temporada 3 [1080p] [Español],malcolm-el-de-en-medio,Malcolm el de en medio,3,,4,3995,5326,,,Comedia,,1080p,Español,false,8:08:14,1331,1865,catalogo_files/i_598_AN8C.webp,https://ok.ru/video/15500652120814,https://ok.ru/videoembed/15500652120814
376,15500652120814,episode,Episodio 5,Malcolm el de en medio - Temporada 3 [1080p] [Español],malcolm-el-de-en-medio,Malcolm el de en medio,3,,5,5326,6658,,,Comedia,,1080p,Español,false,8:08:14,1332,1865,catalogo_files/i_598_AN8C.webp,https://ok.ru/video/15500652120814,https://ok.ru/videoembed/15500652120814
377,15500652120814,episode,Episodio 6,Malcolm el de en medio - Temporada 3 [1080p] [Español],malcolm-el-de-en-medio,Malcolm el de en medio,3,,6,6658,7989,,,Comedia,,1080p,Español,false,8:08:14,1331,1865,catalogo_files/i_598_AN8C.webp,https://ok.ru/video/15500652120814,https://ok.ru/videoembed/15500652120814
378,15500652120814,episode,Episodio 7,Malcolm el de en medio - Temporada 3 [1080p] [Español],malcolm-el-de-en-medio,Malcolm el de en medio,3,,7,7989,9321,,,Comedia,,1080p,Español,false,8:08:14,1332,1865,catalogo_files/i_598_AN8C.webp,https://ok.ru/video/15500652120814,https://ok.ru/videoembed/15500652120814
379,15500652120814,episode,Episodio 8,Malcolm el de en medio - Temporada 3 [1080p] [Español],malcolm-el-de-en-medio,Malcolm el de en medio,3,,8,9321,10652,,,Comedia,,1080p,Español,false,8:08:14,1331,1865,catalogo_files/i_598_AN8C.webp,https://ok.ru/video/15500652120814,https://ok.ru/videoembed/15500652120814
380,15500652120814,episode,Episodio 9,Malcolm el de en medio - Temporada 3 [1080p] [Español],malcolm-el-de-en-medio,Malcolm el de en medio,3,,9,10652,11984,,,Comedia,,1080p,Español,false,8:08:14,1332,1865,catalogo_files/i_598_AN8C.webp,https://ok.ru/video/15500652120814,https://ok.ru/videoembed/15500652120814
381,15500652120814,episode,Episodio 10,Malcolm el de en medio - Temporada 3 [1080p] [Español],malcolm-el-de-en-medio,Malcolm el de en medio,3,,10,11984,13315,,,Comedia,,1080p,Español,false,8:08:14,1331,1865,catalogo_files/i_598_AN8C.webp,https://ok.ru/video/15500652120814,https://ok.ru/videoembed/15500652120814
382,15500652120814,episode,Episodio 11,Malcolm el de en medio - Temporada 3 [1080p] [Español],malcolm-el-de-en-medio,Malcolm el de en medio,3,,11,13315,14647,,,Comedia,,1080p,Español,false,8:08:14,1332,1865,catalogo_files/i_598_AN8C.webp,https://ok.ru/video/15500652120814,https://ok.ru/videoembed/15500652120814
383,15500652120814,episode,Episodio 12,Malcolm el de en medio - Temporada 3 [1080p] [Español],malcolm-el-de-en-medio,Malcolm el de en medio,3,,12,14647,15979,,,Comedia,,1080p,Español,false,8:08:14,1332,1865,catalogo_files/i_598_AN8C.webp,https://ok.ru/video/15500652120814,https://ok.ru/videoembed/15500652120814
384,15500652120814,episode,Episodio 13,Malcolm el de en medio - Temporada 3 [1080p] [Español],malcolm-el-de-en-medio,Malcolm el de en medio,3,,13,15979,17310,,,Comedia,,1080p,Español,false,8:08:14,1331,1865,catalogo_files/i_598_AN8C.webp,https://ok.ru/video/15500652120814,https://ok.ru/videoembed/15500652120814
385,15500652120814,episode,Episodio 14,Malcolm el de en medio - Temporada 3 [1080p] [Español],malcolm-el-de-en-medio,Malcolm el de en medio,3,,14,17310,18642,,,Comedia,,1080p,Español,false,8:08:14,1332,1865,catalogo_files/i_598_AN8C.webp,https://ok.ru/video/15500652120814,https://ok.ru/videoembed/15500652120814
386,15500652120814,episode,Episodio 15,Malcolm el de en medio - Temporada 3 [1080p] [Español],malcolm-el-de-en-medio,Malcolm el de en medio,3,,15,18642,19973,,,Comedia,,1080p,Español,false,8:08:14,1331,1865,catalogo_files/i_598_AN8C.webp,https://ok.ru/video/15500652120814,https://ok.ru/videoembed/15500652120814
387,15500652120814,episode,Episodio 16,Malcolm el de en medio - Temporada 3 [1080p] [Español],malcolm-el-de-en-medio,Malcolm el de en medio,3,,16,19973,21305,,,Comedia,,1080p,Español,false,8:08:14,1332,1865,catalogo_files/i_598_AN8C.webp,https://ok.ru/video/15500652120814,https://ok.ru/videoembed/15500652120814
388,15500652120814,episode,Episodio 17,Malcolm el de en medio - Temporada 3 [1080p] [Español],malcolm-el-de-en-medio,Malcolm el de en medio,3,,17,21305,22636,,,Comedia,,1080p,Español,false,8:08:14,1331,1865,catalogo_files/i_598_AN8C.webp,https://ok.ru/video/15500652120814,https://ok.ru/videoembed/15500652120814
389,15500652120814,episode,Episodio 18,Malcolm el de en medio - Temporada 3 [1080p] [Español],malcolm-el-de-en-medio,Malcolm el de en medio,3,,18,22636,23968,,,Comedia,,1080p,Español,false,8:08:14,1332,1865,catalogo_files/i_598_AN8C.webp,https://ok.ru/video/15500652120814,https://ok.ru/videoembed/15500652120814
390,15500652120814,episode,Episodio 19,Malcolm el de en medio - Temporada 3 [1080p] [Español],malcolm-el-de-en-medio,Malcolm el de en medio,3,,19,23968,25299,,,Comedia,,1080p,Español,false,8:08:14,1331,1865,catalogo_files/i_598_AN8C.webp,https://ok.ru/video/15500652120814,https://ok.ru/videoembed/15500652120814
391,15500652120814,episode,Episodio 20,Malcolm el de en medio - Temporada 3 [1080p] [Español],malcolm-el-de-en-medio,Malcolm el de en medio,3,,20,25299,26631,,,Comedia,,1080p,Español,false,8:08:14,1332,1865,catalogo_files/i_598_AN8C.webp,https://ok.ru/video/15500652120814,https://ok.ru/videoembed/15500652120814
392,15500652120814,episode,Episodio 21,Malcolm el de en medio - Temporada 3 [1080p] [Español],malcolm-el-de-en-medio,Malcolm el de en medio,3,,21,26631,27962,,,Comedia,,1080p,Español,false,8:08:14,1331,1865,catalogo_files/i_598_AN8C.webp,https://ok.ru/video/15500652120814,https://ok.ru/videoembed/15500652120814
393,15500652120814,episode,Episodio 22,Malcolm el de en medio - Temporada 3 [1080p] [Español],malcolm-el-de-en-medio,Malcolm el de en medio,3,,22,27962,,,,Comedia,,1080p,Español,false,8:08:14,1332,1865,catalogo_files/i_598_AN8C.webp,https://ok.ru/video/15500652120814,https://ok.ru/videoembed/15500652120814
394,15490264337134,movie,Un viernes de locos,Un viernes de locos (2003) [4K] [Español],,,,,,,,2003,,Comedia,,4K,Español,false,1:36:55,5815,1363,catalogo_files/i_246_AN8C.webp,https://ok.ru/video/15490264337134,https://ok.ru/videoembed/15490264337134
395,15470326975214,episode,Episodio 1,Un show más - Temporada 1 (Cartoon N.) [1080p] [Español],un-show-mas,Un show más,1,,1,0,669,,Cartoon N.,Animación,,1080p,Español,false,2:13:49,669,1522,catalogo_files/i_505_AN8C.webp,https://ok.ru/video/15470326975214,https://ok.ru/videoembed/15470326975214
396,15470326975214,episode,Episodio 2,Un show más - Temporada 1 (Cartoon N.) [1080p] [Español],un-show-mas,Un show más,1,,2,669,1338,,Cartoon N.,Animación,,1080p,Español,false,2:13:49,669,1522,catalogo_files/i_505_AN8C.webp,https://ok.ru/video/15470326975214,https://ok.ru/videoembed/15470326975214
397,15470326975214,episode,Episodio 3,Un show más - Temporada 1 (Cartoon N.) [1080p] [Español],un-show-mas,Un show más,1,,3,1338,2007,,Cartoon N.,Animación,,1080p,Español,false,2:13:49,669,1522,catalogo_files/i_505_AN8C.webp,https://ok.ru/video/15470326975214,https://ok.ru/videoembed/15470326975214
398,15470326975214,episode,Episodio 4,Un show más - Temporada 1 (Cartoon N.) [1080p] [Español],un-show-mas,Un show más,1,,4,2007,2676,,Cartoon N.,Animación,,1080p,Español,false,2:13:49,669,1522,catalogo_files/i_505_AN8C.webp,https://ok.ru/video/15470326975214,https://ok.ru/videoembed/15470326975214
399,15470326975214,episode,Episodio 5,Un show más - Temporada 1 (Cartoon N.) [1080p] [Español],un-show-mas,Un show más,1,,5,2676,3345,,Cartoon N.,Animación,,1080p,Español,false,2:13:49,669,1522,catalogo_files/i_505_AN8C.webp,https://ok.ru/video/15470326975214,https://ok.ru/videoembed/15470326975214
400,15470326975214,episode,Episodio 6,Un show más - Temporada 1 (Cartoon N.) [1080p] [Español],un-show-mas,Un show más,1,,6,3345,4014,,Cartoon N.,Animación,,1080p,Español,false,2:13:49,669,1522,catalogo_files/i_505_AN8C.webp,https://ok.ru/video/15470326975214,https://ok.ru/videoembed/15470326975214
401,15470326975214,episode,Episodio 7,Un show más - Temporada 1 (Cartoon N.) [1080p] [Español],un-show-mas,Un show más,1,,7,4014,4684,,Cartoon N.,Animación,,1080p,Español,false,2:13:49,670,1522,catalogo_files/i_505_AN8C.webp,https://ok.ru/video/15470326975214,https://ok.ru/videoembed/15470326975214
402,15470326975214,episode,Episodio 8,Un show más - Temporada 1 (Cartoon N.) [1080p] [Español],un-show-mas,Un show más,1,,8,4684,5353,,Cartoon N.,Animación,,1080p,Español,false,2:13:49,669,1522,catalogo_files/i_505_AN8C.webp,https://ok.ru/video/15470326975214,https://ok.ru/videoembed/15470326975214
403,15470326975214,episode,Episodio 9,Un show más - Temporada 1 (Cartoon N.) [1080p] [Español],un-show-mas,Un show más,1,,9,5353,6022,,Cartoon N.,Animación,,1080p,Español,false,2:13:49,669,1522,catalogo_files/i_505_AN8C.webp,https://ok.ru/video/15470326975214,https://ok.ru/videoembed/15470326975214
404,15470326975214,episode,Episodio 10,Un show más - Temporada 1 (Cartoon N.) [1080p] [Español],un-show-mas,Un show más,1,,10,6022,6691,,Cartoon N.,Animación,,1080p,Español,false,2:13:49,669,1522,catalogo_files/i_505_AN8C.webp,https://ok.ru/video/15470326975214,https://ok.ru/videoembed/15470326975214
405,15470326975214,episode,Episodio 11,Un show más - Temporada 1 (Cartoon N.) [1080p] [Español],un-show-mas,Un show más,1,,11,6691,7360,,Cartoon N.,Animación,,1080p,Español,false,2:13:49,669,1522,catalogo_files/i_505_AN8C.webp,https://ok.ru/video/15470326975214,https://ok.ru/videoembed/15470326975214
406,15470326975214,episode,Episodio 12,Un show más - Temporada 1 (Cartoon N.) [1080p] [Español],un-show-mas,Un show más,1,,12,7360,,,Cartoon N.,Animación,,1080p,Español,false,2:13:49,669,1522,catalogo_files/i_505_AN8C.webp,https://ok.ru/video/15470326975214,https://ok.ru/videoembed/15470326975214
407,15470353386222,episode,Episodio 1,Samurai Jack - Temporada 1 (Cartoon N.) [1080p] [Español],samurai-jack,Samurai Jack,1,,1,0,1384,,Cartoon N.,Animación,,1080p,Español,false,4:59:53,1384,1941,catalogo_files/i_582_AN8C.webp,https://ok.ru/video/15470353386222,https://ok.ru/videoembed/15470353386222
408,15470353386222,episode,Episodio 2,Samurai Jack - Temporada 1 (Cartoon N.) [1080p] [Español],samurai-jack,Samurai Jack,1,,2,1384,2768,,Cartoon N.,Animación,,1080p,Español,false,4:59:53,1384,1941,catalogo_files/i_582_AN8C.webp,https://ok.ru/video/15470353386222,https://ok.ru/videoembed/15470353386222
409,15470353386222,episode,Episodio 3,Samurai Jack - Temporada 1 (Cartoon N.) [1080p] [Español],samurai-jack,Samurai Jack,1,,3,2768,4152,,Cartoon N.,Animación,,1080p,Español,false,4:59:53,1384,1941,catalogo_files/i_582_AN8C.webp,https://ok.ru/video/15470353386222,https://ok.ru/videoembed/15470353386222
410,15470353386222,episode,Episodio 4,Samurai Jack - Temporada 1 (Cartoon N.) [1080p] [Español],samurai-jack,Samurai Jack,1,,4,4152,5536,,Cartoon N.,Animación,,1080p,Español,false,4:59:53,1384,1941,catalogo_files/i_582_AN8C.webp,https://ok.ru/video/15470353386222,https://ok.ru/videoembed/15470353386222
411,15470353386222,episode,Episodio 5,Samurai Jack - Temporada 1 (Cartoon N.) [1080p] [Español],samurai-jack,Samurai Jack,1,,5,5536,6920,,Cartoon N.,Animación,,1080p,Español,false,4:59:53,1384,1941,catalogo_files/i_582_AN8C.webp,https://ok.ru/video/15470353386222,https://ok.ru/videoembed/15470353386222
412,15470353386222,episode,Episodio 6,Samurai Jack - Temporada 1 (Cartoon N.) [1080p] [Español],samurai-jack,Samurai Jack,1,,6,6920,8304,,Cartoon N.,Animación,,1080p,Español,false,4:59:53,1384,1941,catalogo_files/i_582_AN8C.webp,https://ok.ru/video/15470353386222,https://ok.ru/videoembed/15470353386222
413,15470353386222,episode,Episodio 7,Samurai Jack - Temporada 1 (Cartoon N.) [1080p] [Español],samurai-jack,Samurai Jack,1,,7,8304,9689,,Cartoon N.,Animación,,1080p,Español,false,4:59:53,1385,1941,catalogo_files/i_582_AN8C.webp,https://ok.ru/video/15470353386222,https://ok.ru/videoembed/15470353386222
414,15470353386222,episode,Episodio 8,Samurai Jack - Temporada 1 (Cartoon N.) [1080p] [Español],samurai-jack,Samurai Jack,1,,8,9689,11073,,Cartoon N.,Animación,,1080p,Español,false,4:59:53,1384,1941,catalogo_files/i_582_AN8C.webp,https://ok.ru/video/15470353386222,https://ok.ru/videoembed/15470353386222
415,15470353386222,episode,Episodio 9,Samurai Jack - Temporada 1 (Cartoon N.) [1080p] [Español],samurai-jack,Samurai Jack,1,,9,11073,12457,,Cartoon N.,Animación,,1080p,Español,false,4:59:53,1384,1941,catalogo_files/i_582_AN8C.webp,https://ok.ru/video/15470353386222,https://ok.ru/videoembed/15470353386222
416,15470353386222,episode,Episodio 10,Samurai Jack - Temporada 1 (Cartoon N.) [1080p] [Español],samurai-jack,Samurai Jack,1,,10,12457,13841,,Cartoon N.,Animación,,1080p,Español,false,4:59:53,1384,1941,catalogo_files/i_582_AN8C.webp,https://ok.ru/video/15470353386222,https://ok.ru/videoembed/15470353386222
417,15470353386222,episode,Episodio 11,Samurai Jack - Temporada 1 (Cartoon N.) [1080p] [Español],samurai-jack,Samurai Jack,1,,11,13841,15225,,Cartoon N.,Animación,,1080p,Español,false,4:59:53,1384,1941,catalogo_files/i_582_AN8C.webp,https://ok.ru/video/15470353386222,https://ok.ru/videoembed/15470353386222
418,15470353386222,episode,Episodio 12,Samurai Jack - Temporada 1 (Cartoon N.) [1080p] [Español],samurai-jack,Samurai Jack,1,,12,15225,16609,,Cartoon N.,Animación,,1080p,Español,false,4:59:53,1384,1941,catalogo_files/i_582_AN8C.webp,https://ok.ru/video/15470353386222,https://ok.ru/videoembed/15470353386222
419,15470353386222,episode,Episodio 13,Samurai Jack - Temporada 1 (Cartoon N.) [1080p] [Español],samurai-jack,Samurai Jack,1,,13,16609,,,Cartoon N.,Animación,,1080p,Español,false,4:59:53,1384,1941,catalogo_files/i_582_AN8C.webp,https://ok.ru/video/15470353386222,https://ok.ru/videoembed/15470353386222
420,15469616696046,movie,Soul,Soul (Pixar) [4K] [Español],,,,,,,,,Pixar,Animación,,4K,Español,false,1:40:35,6035,2809,catalogo_files/i_026_AN8C.webp,https://ok.ru/video/15469616696046,https://ok.ru/videoembed/15469616696046
421,15464558037742,movie,Desert Punk,Desert Punk (2004) [1080p] [Sub Español],,,,,,,,2004,,Anime,Acción,1080p,Español,true,9:40:38,34838,1395,catalogo_files/i_688_AN8C.webp,https://ok.ru/video/15464558037742,https://ok.ru/videoembed/15464558037742
422,15463118015214,episode,Episodio 1,Primal - Temporada 2 [1080p] [Español],primal,Primal,2,,1,0,1333,,,Animación,Acción,1080p,Español,false,3:42:14,1333,1659,catalogo_files/i_767_AN8C.webp,https://ok.ru/video/15463118015214,https://ok.ru/videoembed/15463118015214
423,15463118015214,episode,Episodio 2,Primal - Temporada 2 [1080p] [Español],primal,Primal,2,,2,1333,2667,,,Animación,Acción,1080p,Español,false,3:42:14,1334,1659,catalogo_files/i_767_AN8C.webp,https://ok.ru/video/15463118015214,https://ok.ru/videoembed/15463118015214
424,15463118015214,episode,Episodio 3,Primal - Temporada 2 [1080p] [Español],primal,Primal,2,,3,2667,4000,,,Animación,Acción,1080p,Español,false,3:42:14,1333,1659,catalogo_files/i_767_AN8C.webp,https://ok.ru/video/15463118015214,https://ok.ru/videoembed/15463118015214
425,15463118015214,episode,Episodio 4,Primal - Temporada 2 [1080p] [Español],primal,Primal,2,,4,4000,5334,,,Animación,Acción,1080p,Español,false,3:42:14,1334,1659,catalogo_files/i_767_AN8C.webp,https://ok.ru/video/15463118015214,https://ok.ru/videoembed/15463118015214
426,15463118015214,episode,Episodio 5,Primal - Temporada 2 [1080p] [Español],primal,Primal,2,,5,5334,6667,,,Animación,Acción,1080p,Español,false,3:42:14,1333,1659,catalogo_files/i_767_AN8C.webp,https://ok.ru/video/15463118015214,https://ok.ru/videoembed/15463118015214
427,15463118015214,episode,Episodio 6,Primal - Temporada 2 [1080p] [Español],primal,Primal,2,,6,6667,8000,,,Animación,Acción,1080p,Español,false,3:42:14,1333,1659,catalogo_files/i_767_AN8C.webp,https://ok.ru/video/15463118015214,https://ok.ru/videoembed/15463118015214
428,15463118015214,episode,Episodio 7,Primal - Temporada 2 [1080p] [Español],primal,Primal,2,,7,8000,9334,,,Animación,Acción,1080p,Español,false,3:42:14,1334,1659,catalogo_files/i_767_AN8C.webp,https://ok.ru/video/15463118015214,https://ok.ru/videoembed/15463118015214
429,15463118015214,episode,Episodio 8,Primal - Temporada 2 [1080p] [Español],primal,Primal,2,,8,9334,10667,,,Animación,Acción,1080p,Español,false,3:42:14,1333,1659,catalogo_files/i_767_AN8C.webp,https://ok.ru/video/15463118015214,https://ok.ru/videoembed/15463118015214
430,15463118015214,episode,Episodio 9,Primal - Temporada 2 [1080p] [Español],primal,Primal,2,,9,10667,12001,,,Animación,Acción,1080p,Español,false,3:42:14,1334,1659,catalogo_files/i_767_AN8C.webp,https://ok.ru/video/15463118015214,https://ok.ru/videoembed/15463118015214
431,15463118015214,episode,Episodio 10,Primal - Temporada 2 [1080p] [Español],primal,Primal,2,,10,12001,,,,Animación,Acción,1080p,Español,false,3:42:14,1333,1659,catalogo_files/i_767_AN8C.webp,https://ok.ru/video/15463118015214,https://ok.ru/videoembed/15463118015214
432,15413314783982,episode,Episodio 1,"Coraje, el perro cobarde - Temporada 2 (Cartoon N.) [1080p] [Español]",coraje-el-perro-cobarde,"Coraje, el perro cobarde",2,,1,0,1357,,Cartoon N.,Animación,,1080p,Español,false,4:54:02,1357,1647,catalogo_files/i_289_AN8C.webp,https://ok.ru/video/15413314783982,https://ok.ru/videoembed/15413314783982
433,15413314783982,episode,Episodio 2,"Coraje, el perro cobarde - Temporada 2 (Cartoon N.) [1080p] [Español]",coraje-el-perro-cobarde,"Coraje, el perro cobarde",2,,2,1357,2714,,Cartoon N.,Animación,,1080p,Español,false,4:54:02,1357,1647,catalogo_files/i_289_AN8C.webp,https://ok.ru/video/15413314783982,https://ok.ru/videoembed/15413314783982
434,15413314783982,episode,Episodio 3,"Coraje, el perro cobarde - Temporada 2 (Cartoon N.) [1080p] [Español]",coraje-el-perro-cobarde,"Coraje, el perro cobarde",2,,3,2714,4071,,Cartoon N.,Animación,,1080p,Español,false,4:54:02,1357,1647,catalogo_files/i_289_AN8C.webp,https://ok.ru/video/15413314783982,https://ok.ru/videoembed/15413314783982
435,15413314783982,episode,Episodio 4,"Coraje, el perro cobarde - Temporada 2 (Cartoon N.) [1080p] [Español]",coraje-el-perro-cobarde,"Coraje, el perro cobarde",2,,4,4071,5428,,Cartoon N.,Animación,,1080p,Español,false,4:54:02,1357,1647,catalogo_files/i_289_AN8C.webp,https://ok.ru/video/15413314783982,https://ok.ru/videoembed/15413314783982
436,15413314783982,episode,Episodio 5,"Coraje, el perro cobarde - Temporada 2 (Cartoon N.) [1080p] [Español]",coraje-el-perro-cobarde,"Coraje, el perro cobarde",2,,5,5428,6785,,Cartoon N.,Animación,,1080p,Español,false,4:54:02,1357,1647,catalogo_files/i_289_AN8C.webp,https://ok.ru/video/15413314783982,https://ok.ru/videoembed/15413314783982
437,15413314783982,episode,Episodio 6,"Coraje, el perro cobarde - Temporada 2 (Cartoon N.) [1080p] [Español]",coraje-el-perro-cobarde,"Coraje, el perro cobarde",2,,6,6785,8142,,Cartoon N.,Animación,,1080p,Español,false,4:54:02,1357,1647,catalogo_files/i_289_AN8C.webp,https://ok.ru/video/15413314783982,https://ok.ru/videoembed/15413314783982
438,15413314783982,episode,Episodio 7,"Coraje, el perro cobarde - Temporada 2 (Cartoon N.) [1080p] [Español]",coraje-el-perro-cobarde,"Coraje, el perro cobarde",2,,7,8142,9500,,Cartoon N.,Animación,,1080p,Español,false,4:54:02,1358,1647,catalogo_files/i_289_AN8C.webp,https://ok.ru/video/15413314783982,https://ok.ru/videoembed/15413314783982
439,15413314783982,episode,Episodio 8,"Coraje, el perro cobarde - Temporada 2 (Cartoon N.) [1080p] [Español]",coraje-el-perro-cobarde,"Coraje, el perro cobarde",2,,8,9500,10857,,Cartoon N.,Animación,,1080p,Español,false,4:54:02,1357,1647,catalogo_files/i_289_AN8C.webp,https://ok.ru/video/15413314783982,https://ok.ru/videoembed/15413314783982
440,15413314783982,episode,Episodio 9,"Coraje, el perro cobarde - Temporada 2 (Cartoon N.) [1080p] [Español]",coraje-el-perro-cobarde,"Coraje, el perro cobarde",2,,9,10857,12214,,Cartoon N.,Animación,,1080p,Español,false,4:54:02,1357,1647,catalogo_files/i_289_AN8C.webp,https://ok.ru/video/15413314783982,https://ok.ru/videoembed/15413314783982
441,15413314783982,episode,Episodio 10,"Coraje, el perro cobarde - Temporada 2 (Cartoon N.) [1080p] [Español]",coraje-el-perro-cobarde,"Coraje, el perro cobarde",2,,10,12214,13571,,Cartoon N.,Animación,,1080p,Español,false,4:54:02,1357,1647,catalogo_files/i_289_AN8C.webp,https://ok.ru/video/15413314783982,https://ok.ru/videoembed/15413314783982
442,15413314783982,episode,Episodio 11,"Coraje, el perro cobarde - Temporada 2 (Cartoon N.) [1080p] [Español]",coraje-el-perro-cobarde,"Coraje, el perro cobarde",2,,11,13571,14928,,Cartoon N.,Animación,,1080p,Español,false,4:54:02,1357,1647,catalogo_files/i_289_AN8C.webp,https://ok.ru/video/15413314783982,https://ok.ru/videoembed/15413314783982
443,15413314783982,episode,Episodio 12,"Coraje, el perro cobarde - Temporada 2 (Cartoon N.) [1080p] [Español]",coraje-el-perro-cobarde,"Coraje, el perro cobarde",2,,12,14928,16285,,Cartoon N.,Animación,,1080p,Español,false,4:54:02,1357,1647,catalogo_files/i_289_AN8C.webp,https://ok.ru/video/15413314783982,https://ok.ru/videoembed/15413314783982
444,15413314783982,episode,Episodio 13,"Coraje, el perro cobarde - Temporada 2 (Cartoon N.) [1080p] [Español]",coraje-el-perro-cobarde,"Coraje, el perro cobarde",2,,13,16285,,,Cartoon N.,Animación,,1080p,Español,false,4:54:02,1357,1647,catalogo_files/i_289_AN8C.webp,https://ok.ru/video/15413314783982,https://ok.ru/videoembed/15413314783982
445,15457245793006,episode,Episodio 1,Futurama - Temporada 2 (20th Television) [1080p] [Español],futurama,Futurama,2,,1,0,1282,,20th Television,Animación,Ciencia Ficción,1080p,Español,false,6:45:57,1282,1696,catalogo_files/i_093_AN8C.webp,https://ok.ru/video/15457245793006,https://ok.ru/videoembed/15457245793006
446,15457245793006,episode,Episodio 2,Futurama - Temporada 2 (20th Television) [1080p] [Español],futurama,Futurama,2,,2,1282,2564,,20th Television,Animación,Ciencia Ficción,1080p,Español,false,6:45:57,1282,1696,catalogo_files/i_093_AN8C.webp,https://ok.ru/video/15457245793006,https://ok.ru/videoembed/15457245793006
447,15457245793006,episode,Episodio 3,Futurama - Temporada 2 (20th Television) [1080p] [Español],futurama,Futurama,2,,3,2564,3846,,20th Television,Animación,Ciencia Ficción,1080p,Español,false,6:45:57,1282,1696,catalogo_files/i_093_AN8C.webp,https://ok.ru/video/15457245793006,https://ok.ru/videoembed/15457245793006
448,15457245793006,episode,Episodio 4,Futurama - Temporada 2 (20th Television) [1080p] [Español],futurama,Futurama,2,,4,3846,5128,,20th Television,Animación,Ciencia Ficción,1080p,Español,false,6:45:57,1282,1696,catalogo_files/i_093_AN8C.webp,https://ok.ru/video/15457245793006,https://ok.ru/videoembed/15457245793006
449,15457245793006,episode,Episodio 5,Futurama - Temporada 2 (20th Television) [1080p] [Español],futurama,Futurama,2,,5,5128,6410,,20th Television,Animación,Ciencia Ficción,1080p,Español,false,6:45:57,1282,1696,catalogo_files/i_093_AN8C.webp,https://ok.ru/video/15457245793006,https://ok.ru/videoembed/15457245793006
450,15457245793006,episode,Episodio 6,Futurama - Temporada 2 (20th Television) [1080p] [Español],futurama,Futurama,2,,6,6410,7692,,20th Television,Animación,Ciencia Ficción,1080p,Español,false,6:45:57,1282,1696,catalogo_files/i_093_AN8C.webp,https://ok.ru/video/15457245793006,https://ok.ru/videoembed/15457245793006
451,15457245793006,episode,Episodio 7,Futurama - Temporada 2 (20th Television) [1080p] [Español],futurama,Futurama,2,,7,7692,8974,,20th Television,Animación,Ciencia Ficción,1080p,Español,false,6:45:57,1282,1696,catalogo_files/i_093_AN8C.webp,https://ok.ru/video/15457245793006,https://ok.ru/videoembed/15457245793006
452,15457245793006,episode,Episodio 8,Futurama - Temporada 2 (20th Television) [1080p] [Español],futurama,Futurama,2,,8,8974,10256,,20th Television,Animación,Ciencia Ficción,1080p,Español,false,6:45:57,1282,1696,catalogo_files/i_093_AN8C.webp,https://ok.ru/video/15457245793006,https://ok.ru/videoembed/15457245793006
453,15457245793006,episode,Episodio 9,Futurama - Temporada 2 (20th Television) [1080p] [Español],futurama,Futurama,2,,9,10256,11538,,20th Television,Animación,Ciencia Ficción,1080p,Español,false,6:45:57,1282,1696,catalogo_files/i_093_AN8C.webp,https://ok.ru/video/15457245793006,https://ok.ru/videoembed/15457245793006
454,15457245793006,episode,Episodio 10,Futurama - Temporada 2 (20th Television) [1080p] [Español],futurama,Futurama,2,,10,11538,12819,,20th Television,Animación,Ciencia Ficción,1080p,Español,false,6:45:57,1281,1696,catalogo_files/i_093_AN8C.webp,https://ok.ru/video/15457245793006,https://ok.ru/videoembed/15457245793006
455,15457245793006,episode,Episodio 11,Futurama - Temporada 2 (20th Television) [1080p] [Español],futurama,Futurama,2,,11,12819,14101,,20th Television,Animación,Ciencia Ficción,1080p,Español,false,6:45:57,1282,1696,catalogo_files/i_093_AN8C.webp,https://ok.ru/video/15457245793006,https://ok.ru/videoembed/15457245793006
456,15457245793006,episode,Episodio 12,Futurama - Temporada 2 (20th Television) [1080p] [Español],futurama,Futurama,2,,12,14101,15383,,20th Television,Animación,Ciencia Ficción,1080p,Español,false,6:45:57,1282,1696,catalogo_files/i_093_AN8C.webp,https://ok.ru/video/15457245793006,https://ok.ru/videoembed/15457245793006
457,15457245793006,episode,Episodio 13,Futurama - Temporada 2 (20th Television) [1080p] [Español],futurama,Futurama,2,,13,15383,16665,,20th Television,Animación,Ciencia Ficción,1080p,Español,false,6:45:57,1282,1696,catalogo_files/i_093_AN8C.webp,https://ok.ru/video/15457245793006,https://ok.ru/videoembed/15457245793006
458,15457245793006,episode,Episodio 14,Futurama - Temporada 2 (20th Television) [1080p] [Español],futurama,Futurama,2,,14,16665,17947,,20th Television,Animación,Ciencia Ficción,1080p,Español,false,6:45:57,1282,1696,catalogo_files/i_093_AN8C.webp,https://ok.ru/video/15457245793006,https://ok.ru/videoembed/15457245793006
459,15457245793006,episode,Episodio 15,Futurama - Temporada 2 (20th Television) [1080p] [Español],futurama,Futurama,2,,15,17947,19229,,20th Television,Animación,Ciencia Ficción,1080p,Español,false,6:45:57,1282,1696,catalogo_files/i_093_AN8C.webp,https://ok.ru/video/15457245793006,https://ok.ru/videoembed/15457245793006
460,15457245793006,episode,Episodio 16,Futurama - Temporada 2 (20th Television) [1080p] [Español],futurama,Futurama,2,,16,19229,20511,,20th Television,Animación,Ciencia Ficción,1080p,Español,false,6:45:57,1282,1696,catalogo_files/i_093_AN8C.webp,https://ok.ru/video/15457245793006,https://ok.ru/videoembed/15457245793006
461,15457245793006,episode,Episodio 17,Futurama - Temporada 2 (20th Television) [1080p] [Español],futurama,Futurama,2,,17,20511,21793,,20th Television,Animación,Ciencia Ficción,1080p,Español,false,6:45:57,1282,1696,catalogo_files/i_093_AN8C.webp,https://ok.ru/video/15457245793006,https://ok.ru/videoembed/15457245793006
462,15457245793006,episode,Episodio 18,Futurama - Temporada 2 (20th Television) [1080p] [Español],futurama,Futurama,2,,18,21793,23075,,20th Television,Animación,Ciencia Ficción,1080p,Español,false,6:45:57,1282,1696,catalogo_files/i_093_AN8C.webp,https://ok.ru/video/15457245793006,https://ok.ru/videoembed/15457245793006
463,15457245793006,episode,Episodio 19,Futurama - Temporada 2 (20th Television) [1080p] [Español],futurama,Futurama,2,,19,23075,,,20th Television,Animación,Ciencia Ficción,1080p,Español,false,6:45:57,1282,1696,catalogo_files/i_093_AN8C.webp,https://ok.ru/video/15457245793006,https://ok.ru/videoembed/15457245793006
464,15456175262446,episode,Episodio 1,Los Simpsons - Temporada 2 (20th Television) [1080p] [Español],los-simpsons,Los Simpsons,2,,1,0,1388,,20th Television,Animación,Comedia,1080p,Español,false,8:28:45,1388,2840,catalogo_files/i_896_AN8C.webp,https://ok.ru/video/15456175262446,https://ok.ru/videoembed/15456175262446
465,15456175262446,episode,Episodio 2,Los Simpsons - Temporada 2 (20th Television) [1080p] [Español],los-simpsons,Los Simpsons,2,,2,1388,2775,,20th Television,Animación,Comedia,1080p,Español,false,8:28:45,1387,2840,catalogo_files/i_896_AN8C.webp,https://ok.ru/video/15456175262446,https://ok.ru/videoembed/15456175262446
466,15456175262446,episode,Episodio 3,Los Simpsons - Temporada 2 (20th Television) [1080p] [Español],los-simpsons,Los Simpsons,2,,3,2775,4162,,20th Television,Animación,Comedia,1080p,Español,false,8:28:45,1387,2840,catalogo_files/i_896_AN8C.webp,https://ok.ru/video/15456175262446,https://ok.ru/videoembed/15456175262446
467,15456175262446,episode,Episodio 4,Los Simpsons - Temporada 2 (20th Television) [1080p] [Español],los-simpsons,Los Simpsons,2,,4,4162,5550,,20th Television,Animación,Comedia,1080p,Español,false,8:28:45,1388,2840,catalogo_files/i_896_AN8C.webp,https://ok.ru/video/15456175262446,https://ok.ru/videoembed/15456175262446
468,15456175262446,episode,Episodio 5,Los Simpsons - Temporada 2 (20th Television) [1080p] [Español],los-simpsons,Los Simpsons,2,,5,5550,6938,,20th Television,Animación,Comedia,1080p,Español,false,8:28:45,1388,2840,catalogo_files/i_896_AN8C.webp,https://ok.ru/video/15456175262446,https://ok.ru/videoembed/15456175262446
469,15456175262446,episode,Episodio 6,Los Simpsons - Temporada 2 (20th Television) [1080p] [Español],los-simpsons,Los Simpsons,2,,6,6938,8325,,20th Television,Animación,Comedia,1080p,Español,false,8:28:45,1387,2840,catalogo_files/i_896_AN8C.webp,https://ok.ru/video/15456175262446,https://ok.ru/videoembed/15456175262446
470,15456175262446,episode,Episodio 7,Los Simpsons - Temporada 2 (20th Television) [1080p] [Español],los-simpsons,Los Simpsons,2,,7,8325,9712,,20th Television,Animación,Comedia,1080p,Español,false,8:28:45,1387,2840,catalogo_files/i_896_AN8C.webp,https://ok.ru/video/15456175262446,https://ok.ru/videoembed/15456175262446
471,15456175262446,episode,Episodio 8,Los Simpsons - Temporada 2 (20th Television) [1080p] [Español],los-simpsons,Los Simpsons,2,,8,9712,11100,,20th Television,Animación,Comedia,1080p,Español,false,8:28:45,1388,2840,catalogo_files/i_896_AN8C.webp,https://ok.ru/video/15456175262446,https://ok.ru/videoembed/15456175262446
472,15456175262446,episode,Episodio 9,Los Simpsons - Temporada 2 (20th Television) [1080p] [Español],los-simpsons,Los Simpsons,2,,9,11100,12488,,20th Television,Animación,Comedia,1080p,Español,false,8:28:45,1388,2840,catalogo_files/i_896_AN8C.webp,https://ok.ru/video/15456175262446,https://ok.ru/videoembed/15456175262446
473,15456175262446,episode,Episodio 10,Los Simpsons - Temporada 2 (20th Television) [1080p] [Español],los-simpsons,Los Simpsons,2,,10,12488,13875,,20th Television,Animación,Comedia,1080p,Español,false,8:28:45,1387,2840,catalogo_files/i_896_AN8C.webp,https://ok.ru/video/15456175262446,https://ok.ru/videoembed/15456175262446
474,15456175262446,episode,Episodio 11,Los Simpsons - Temporada 2 (20th Television) [1080p] [Español],los-simpsons,Los Simpsons,2,,11,13875,15262,,20th Television,Animación,Comedia,1080p,Español,false,8:28:45,1387,2840,catalogo_files/i_896_AN8C.webp,https://ok.ru/video/15456175262446,https://ok.ru/videoembed/15456175262446
475,15456175262446,episode,Episodio 12,Los Simpsons - Temporada 2 (20th Television) [1080p] [Español],los-simpsons,Los Simpsons,2,,12,15262,16650,,20th Television,Animación,Comedia,1080p,Español,false,8:28:45,1388,2840,catalogo_files/i_896_AN8C.webp,https://ok.ru/video/15456175262446,https://ok.ru/videoembed/15456175262446
476,15456175262446,episode,Episodio 13,Los Simpsons - Temporada 2 (20th Television) [1080p] [Español],los-simpsons,Los Simpsons,2,,13,16650,18038,,20th Television,Animación,Comedia,1080p,Español,false,8:28:45,1388,2840,catalogo_files/i_896_AN8C.webp,https://ok.ru/video/15456175262446,https://ok.ru/videoembed/15456175262446
477,15456175262446,episode,Episodio 14,Los Simpsons - Temporada 2 (20th Television) [1080p] [Español],los-simpsons,Los Simpsons,2,,14,18038,19425,,20th Television,Animación,Comedia,1080p,Español,false,8:28:45,1387,2840,catalogo_files/i_896_AN8C.webp,https://ok.ru/video/15456175262446,https://ok.ru/videoembed/15456175262446
478,15456175262446,episode,Episodio 15,Los Simpsons - Temporada 2 (20th Television) [1080p] [Español],los-simpsons,Los Simpsons,2,,15,19425,20812,,20th Television,Animación,Comedia,1080p,Español,false,8:28:45,1387,2840,catalogo_files/i_896_AN8C.webp,https://ok.ru/video/15456175262446,https://ok.ru/videoembed/15456175262446
479,15456175262446,episode,Episodio 16,Los Simpsons - Temporada 2 (20th Television) [1080p] [Español],los-simpsons,Los Simpsons,2,,16,20812,22200,,20th Television,Animación,Comedia,1080p,Español,false,8:28:45,1388,2840,catalogo_files/i_896_AN8C.webp,https://ok.ru/video/15456175262446,https://ok.ru/videoembed/15456175262446
480,15456175262446,episode,Episodio 17,Los Simpsons - Temporada 2 (20th Television) [1080p] [Español],los-simpsons,Los Simpsons,2,,17,22200,23588,,20th Television,Animación,Comedia,1080p,Español,false,8:28:45,1388,2840,catalogo_files/i_896_AN8C.webp,https://ok.ru/video/15456175262446,https://ok.ru/videoembed/15456175262446
481,15456175262446,episode,Episodio 18,Los Simpsons - Temporada 2 (20th Television) [1080p] [Español],los-simpsons,Los Simpsons,2,,18,23588,24975,,20th Television,Animación,Comedia,1080p,Español,false,8:28:45,1387,2840,catalogo_files/i_896_AN8C.webp,https://ok.ru/video/15456175262446,https://ok.ru/videoembed/15456175262446
482,15456175262446,episode,Episodio 19,Los Simpsons - Temporada 2 (20th Television) [1080p] [Español],los-simpsons,Los Simpsons,2,,19,24975,26362,,20th Television,Animación,Comedia,1080p,Español,false,8:28:45,1387,2840,catalogo_files/i_896_AN8C.webp,https://ok.ru/video/15456175262446,https://ok.ru/videoembed/15456175262446
483,15456175262446,episode,Episodio 20,Los Simpsons - Temporada 2 (20th Television) [1080p] [Español],los-simpsons,Los Simpsons,2,,20,26362,27750,,20th Television,Animación,Comedia,1080p,Español,false,8:28:45,1388,2840,catalogo_files/i_896_AN8C.webp,https://ok.ru/video/15456175262446,https://ok.ru/videoembed/15456175262446
484,15456175262446,episode,Episodio 21,Los Simpsons - Temporada 2 (20th Television) [1080p] [Español],los-simpsons,Los Simpsons,2,,21,27750,29138,,20th Television,Animación,Comedia,1080p,Español,false,8:28:45,1388,2840,catalogo_files/i_896_AN8C.webp,https://ok.ru/video/15456175262446,https://ok.ru/videoembed/15456175262446
485,15456175262446,episode,Episodio 22,Los Simpsons - Temporada 2 (20th Television) [1080p] [Español],los-simpsons,Los Simpsons,2,,22,29138,,,20th Television,Animación,Comedia,1080p,Español,false,8:28:45,1387,2840,catalogo_files/i_896_AN8C.webp,https://ok.ru/video/15456175262446,https://ok.ru/videoembed/15456175262446
486,15458056604398,episode,Episodio 1,Bob Esponja - Temporada 1 (Nickelodeon) [1080p] [Español],bob-esponja,Bob Esponja,1,,1,0,1434,,Nickelodeon,Animación,,1080p,Español,false,7:58:00,1434,1514,catalogo_files/i_637_AN8C.webp,https://ok.ru/video/15458056604398,https://ok.ru/videoembed/15458056604398
487,15458056604398,episode,Episodio 2,Bob Esponja - Temporada 1 (Nickelodeon) [1080p] [Español],bob-esponja,Bob Esponja,1,,2,1434,2868,,Nickelodeon,Animación,,1080p,Español,false,7:58:00,1434,1514,catalogo_files/i_637_AN8C.webp,https://ok.ru/video/15458056604398,https://ok.ru/videoembed/15458056604398
488,15458056604398,episode,Episodio 3,Bob Esponja - Temporada 1 (Nickelodeon) [1080p] [Español],bob-esponja,Bob Esponja,1,,3,2868,4302,,Nickelodeon,Animación,,1080p,Español,false,7:58:00,1434,1514,catalogo_files/i_637_AN8C.webp,https://ok.ru/video/15458056604398,https://ok.ru/videoembed/15458056604398
489,15458056604398,episode,Episodio 4,Bob Esponja - Temporada 1 (Nickelodeon) [1080p] [Español],bob-esponja,Bob Esponja,1,,4,4302,5736,,Nickelodeon,Animación,,1080p,Español,false,7:58:00,1434,1514,catalogo_files/i_637_AN8C.webp,https://ok.ru/video/15458056604398,https://ok.ru/videoembed/15458056604398
490,15458056604398,episode,Episodio 5,Bob Esponja - Temporada 1 (Nickelodeon) [1080p] [Español],bob-esponja,Bob Esponja,1,,5,5736,7170,,Nickelodeon,Animación,,1080p,Español,false,7:58:00,1434,1514,catalogo_files/i_637_AN8C.webp,https://ok.ru/video/15458056604398,https://ok.ru/videoembed/15458056604398
491,15458056604398,episode,Episodio 6,Bob Esponja - Temporada 1 (Nickelodeon) [1080p] [Español],bob-esponja,Bob Esponja,1,,6,7170,8604,,Nickelodeon,Animación,,1080p,Español,false,7:58:00,1434,1514,catalogo_files/i_637_AN8C.webp,https://ok.ru/video/15458056604398,https://ok.ru/videoembed/15458056604398
492,15458056604398,episode,Episodio 7,Bob Esponja - Temporada 1 (Nickelodeon) [1080p] [Español],bob-esponja,Bob Esponja,1,,7,8604,10038,,Nickelodeon,Animación,,1080p,Español,false,7:58:00,1434,1514,catalogo_files/i_637_AN8C.webp,https://ok.ru/video/15458056604398,https://ok.ru/videoembed/15458056604398
493,15458056604398,episode,Episodio 8,Bob Esponja - Temporada 1 (Nickelodeon) [1080p] [Español],bob-esponja,Bob Esponja,1,,8,10038,11472,,Nickelodeon,Animación,,1080p,Español,false,7:58:00,1434,1514,catalogo_files/i_637_AN8C.webp,https://ok.ru/video/15458056604398,https://ok.ru/videoembed/15458056604398
494,15458056604398,episode,Episodio 9,Bob Esponja - Temporada 1 (Nickelodeon) [1080p] [Español],bob-esponja,Bob Esponja,1,,9,11472,12906,,Nickelodeon,Animación,,1080p,Español,false,7:58:00,1434,1514,catalogo_files/i_637_AN8C.webp,https://ok.ru/video/15458056604398,https://ok.ru/videoembed/15458056604398
495,15458056604398,episode,Episodio 10,Bob Esponja - Temporada 1 (Nickelodeon) [1080p] [Español],bob-esponja,Bob Esponja,1,,10,12906,14340,,Nickelodeon,Animación,,1080p,Español,false,7:58:00,1434,1514,catalogo_files/i_637_AN8C.webp,https://ok.ru/video/15458056604398,https://ok.ru/videoembed/15458056604398
496,15458056604398,episode,Episodio 11,Bob Esponja - Temporada 1 (Nickelodeon) [1080p] [Español],bob-esponja,Bob Esponja,1,,11,14340,15774,,Nickelodeon,Animación,,1080p,Español,false,7:58:00,1434,1514,catalogo_files/i_637_AN8C.webp,https://ok.ru/video/15458056604398,https://ok.ru/videoembed/15458056604398
497,15458056604398,episode,Episodio 12,Bob Esponja - Temporada 1 (Nickelodeon) [1080p] [Español],bob-esponja,Bob Esponja,1,,12,15774,17208,,Nickelodeon,Animación,,1080p,Español,false,7:58:00,1434,1514,catalogo_files/i_637_AN8C.webp,https://ok.ru/video/15458056604398,https://ok.ru/videoembed/15458056604398
498,15458056604398,episode,Episodio 13,Bob Esponja - Temporada 1 (Nickelodeon) [1080p] [Español],bob-esponja,Bob Esponja,1,,13,17208,18642,,Nickelodeon,Animación,,1080p,Español,false,7:58:00,1434,1514,catalogo_files/i_637_AN8C.webp,https://ok.ru/video/15458056604398,https://ok.ru/videoembed/15458056604398
499,15458056604398,episode,Episodio 14,Bob Esponja - Temporada 1 (Nickelodeon) [1080p] [Español],bob-esponja,Bob Esponja,1,,14,18642,20076,,Nickelodeon,Animación,,1080p,Español,false,7:58:00,1434,1514,catalogo_files/i_637_AN8C.webp,https://ok.ru/video/15458056604398,https://ok.ru/videoembed/15458056604398
500,15458056604398,episode,Episodio 15,Bob Esponja - Temporada 1 (Nickelodeon) [1080p] [Español],bob-esponja,Bob Esponja,1,,15,20076,21510,,Nickelodeon,Animación,,1080p,Español,false,7:58:00,1434,1514,catalogo_files/i_637_AN8C.webp,https://ok.ru/video/15458056604398,https://ok.ru/videoembed/15458056604398
501,15458056604398,episode,Episodio 16,Bob Esponja - Temporada 1 (Nickelodeon) [1080p] [Español],bob-esponja,Bob Esponja,1,,16,21510,22944,,Nickelodeon,Animación,,1080p,Español,false,7:58:00,1434,1514,catalogo_files/i_637_AN8C.webp,https://ok.ru/video/15458056604398,https://ok.ru/videoembed/15458056604398
502,15458056604398,episode,Episodio 17,Bob Esponja - Temporada 1 (Nickelodeon) [1080p] [Español],bob-esponja,Bob Esponja,1,,17,22944,24378,,Nickelodeon,Animación,,1080p,Español,false,7:58:00,1434,1514,catalogo_files/i_637_AN8C.webp,https://ok.ru/video/15458056604398,https://ok.ru/videoembed/15458056604398
503,15458056604398,episode,Episodio 18,Bob Esponja - Temporada 1 (Nickelodeon) [1080p] [Español],bob-esponja,Bob Esponja,1,,18,24378,25812,,Nickelodeon,Animación,,1080p,Español,false,7:58:00,1434,1514,catalogo_files/i_637_AN8C.webp,https://ok.ru/video/15458056604398,https://ok.ru/videoembed/15458056604398
504,15458056604398,episode,Episodio 19,Bob Esponja - Temporada 1 (Nickelodeon) [1080p] [Español],bob-esponja,Bob Esponja,1,,19,25812,27246,,Nickelodeon,Animación,,1080p,Español,false,7:58:00,1434,1514,catalogo_files/i_637_AN8C.webp,https://ok.ru/video/15458056604398,https://ok.ru/videoembed/15458056604398
505,15458056604398,episode,Episodio 20,Bob Esponja - Temporada 1 (Nickelodeon) [1080p] [Español],bob-esponja,Bob Esponja,1,,20,27246,,,Nickelodeon,Animación,,1080p,Español,false,7:58:00,1434,1514,catalogo_files/i_637_AN8C.webp,https://ok.ru/video/15458056604398,https://ok.ru/videoembed/15458056604398
506,15457900694254,episode,Episodio 1,South Park - Temporada 2 (Comedy C.) [1080p] [Español],south-park,South Park,2,,1,0,1324,,Comedy C.,Animación,Comedia,1080p,Español,false,6:37:06,1324,1326,catalogo_files/i_430_AN8C.webp,https://ok.ru/video/15457900694254,https://ok.ru/videoembed/15457900694254
507,15457900694254,episode,Episodio 2,South Park - Temporada 2 (Comedy C.) [1080p] [Español],south-park,South Park,2,,2,1324,2647,,Comedy C.,Animación,Comedia,1080p,Español,false,6:37:06,1323,1326,catalogo_files/i_430_AN8C.webp,https://ok.ru/video/15457900694254,https://ok.ru/videoembed/15457900694254
508,15457900694254,episode,Episodio 3,South Park - Temporada 2 (Comedy C.) [1080p] [Español],south-park,South Park,2,,3,2647,3971,,Comedy C.,Animación,Comedia,1080p,Español,false,6:37:06,1324,1326,catalogo_files/i_430_AN8C.webp,https://ok.ru/video/15457900694254,https://ok.ru/videoembed/15457900694254
509,15457900694254,episode,Episodio 4,South Park - Temporada 2 (Comedy C.) [1080p] [Español],south-park,South Park,2,,4,3971,5295,,Comedy C.,Animación,Comedia,1080p,Español,false,6:37:06,1324,1326,catalogo_files/i_430_AN8C.webp,https://ok.ru/video/15457900694254,https://ok.ru/videoembed/15457900694254
510,15457900694254,episode,Episodio 5,South Park - Temporada 2 (Comedy C.) [1080p] [Español],south-park,South Park,2,,5,5295,6618,,Comedy C.,Animación,Comedia,1080p,Español,false,6:37:06,1323,1326,catalogo_files/i_430_AN8C.webp,https://ok.ru/video/15457900694254,https://ok.ru/videoembed/15457900694254
511,15457900694254,episode,Episodio 6,South Park - Temporada 2 (Comedy C.) [1080p] [Español],south-park,South Park,2,,6,6618,7942,,Comedy C.,Animación,Comedia,1080p,Español,false,6:37:06,1324,1326,catalogo_files/i_430_AN8C.webp,https://ok.ru/video/15457900694254,https://ok.ru/videoembed/15457900694254
512,15457900694254,episode,Episodio 7,South Park - Temporada 2 (Comedy C.) [1080p] [Español],south-park,South Park,2,,7,7942,9266,,Comedy C.,Animación,Comedia,1080p,Español,false,6:37:06,1324,1326,catalogo_files/i_430_AN8C.webp,https://ok.ru/video/15457900694254,https://ok.ru/videoembed/15457900694254
513,15457900694254,episode,Episodio 8,South Park - Temporada 2 (Comedy C.) [1080p] [Español],south-park,South Park,2,,8,9266,10589,,Comedy C.,Animación,Comedia,1080p,Español,false,6:37:06,1323,1326,catalogo_files/i_430_AN8C.webp,https://ok.ru/video/15457900694254,https://ok.ru/videoembed/15457900694254
514,15457900694254,episode,Episodio 9,South Park - Temporada 2 (Comedy C.) [1080p] [Español],south-park,South Park,2,,9,10589,11913,,Comedy C.,Animación,Comedia,1080p,Español,false,6:37:06,1324,1326,catalogo_files/i_430_AN8C.webp,https://ok.ru/video/15457900694254,https://ok.ru/videoembed/15457900694254
515,15457900694254,episode,Episodio 10,South Park - Temporada 2 (Comedy C.) [1080p] [Español],south-park,South Park,2,,10,11913,13237,,Comedy C.,Animación,Comedia,1080p,Español,false,6:37:06,1324,1326,catalogo_files/i_430_AN8C.webp,https://ok.ru/video/15457900694254,https://ok.ru/videoembed/15457900694254
516,15457900694254,episode,Episodio 11,South Park - Temporada 2 (Comedy C.) [1080p] [Español],south-park,South Park,2,,11,13237,14560,,Comedy C.,Animación,Comedia,1080p,Español,false,6:37:06,1323,1326,catalogo_files/i_430_AN8C.webp,https://ok.ru/video/15457900694254,https://ok.ru/videoembed/15457900694254
517,15457900694254,episode,Episodio 12,South Park - Temporada 2 (Comedy C.) [1080p] [Español],south-park,South Park,2,,12,14560,15884,,Comedy C.,Animación,Comedia,1080p,Español,false,6:37:06,1324,1326,catalogo_files/i_430_AN8C.webp,https://ok.ru/video/15457900694254,https://ok.ru/videoembed/15457900694254
518,15457900694254,episode,Episodio 13,South Park - Temporada 2 (Comedy C.) [1080p] [Español],south-park,South Park,2,,13,15884,17208,,Comedy C.,Animación,Comedia,1080p,Español,false,6:37:06,1324,1326,catalogo_files/i_430_AN8C.webp,https://ok.ru/video/15457900694254,https://ok.ru/videoembed/15457900694254
519,15457900694254,episode,Episodio 14,South Park - Temporada 2 (Comedy C.) [1080p] [Español],south-park,South Park,2,,14,17208,18531,,Comedy C.,Animación,Comedia,1080p,Español,false,6:37:06,1323,1326,catalogo_files/i_430_AN8C.webp,https://ok.ru/video/15457900694254,https://ok.ru/videoembed/15457900694254
520,15457900694254,episode,Episodio 15,South Park - Temporada 2 (Comedy C.) [1080p] [Español],south-park,South Park,2,,15,18531,19855,,Comedy C.,Animación,Comedia,1080p,Español,false,6:37:06,1324,1326,catalogo_files/i_430_AN8C.webp,https://ok.ru/video/15457900694254,https://ok.ru/videoembed/15457900694254
521,15457900694254,episode,Episodio 16,South Park - Temporada 2 (Comedy C.) [1080p] [Español],south-park,South Park,2,,16,19855,21179,,Comedy C.,Animación,Comedia,1080p,Español,false,6:37:06,1324,1326,catalogo_files/i_430_AN8C.webp,https://ok.ru/video/15457900694254,https://ok.ru/videoembed/15457900694254
522,15457900694254,episode,Episodio 17,South Park - Temporada 2 (Comedy C.) [1080p] [Español],south-park,South Park,2,,17,21179,22502,,Comedy C.,Animación,Comedia,1080p,Español,false,6:37:06,1323,1326,catalogo_files/i_430_AN8C.webp,https://ok.ru/video/15457900694254,https://ok.ru/videoembed/15457900694254
523,15457900694254,episode,Episodio 18,South Park - Temporada 2 (Comedy C.) [1080p] [Español],south-park,South Park,2,,18,22502,,,Comedy C.,Animación,Comedia,1080p,Español,false,6:37:06,1324,1326,catalogo_files/i_430_AN8C.webp,https://ok.ru/video/15457900694254,https://ok.ru/videoembed/15457900694254
524,15454942202606,movie,Batman Azteca: Choque de imperios,Batman Azteca: Choque de imperios [DC] [1080p] [Español],,,,,,,,,DC,Superhéroes,Acción,1080p,Español,false,1:29:37,5377,1428,catalogo_files/i_412_AN8C.webp,https://ok.ru/video/15454942202606,https://ok.ru/videoembed/15454942202606
525,15452894399214,movie,Batman: Knightfall Part 1: Knightfall,Batman: Knightfall Part 1: Knightfall [DC] [4K] [Sub Español],,,,,,,,,DC,Superhéroes,Acción,4K,Español,true,1:18:37,4717,13565,catalogo_files/i_046_AN8C.webp,https://ok.ru/video/15452894399214,https://ok.ru/videoembed/15452894399214
526,15341412682478,movie,Kirikú y los hombres y las mujeres,Kirikú y los hombres y las mujeres (2012) [1080p] [Español],,,,,,,,2012,,Animación,Infantil,1080p,Español,false,1:24:48,5088,1197,catalogo_files/i_250_AN8C.webp,https://ok.ru/video/15341412682478,https://ok.ru/videoembed/15341412682478
527,15368203340526,movie,Dead Space: Aftermath,Dead Space: Aftermath (2011) [1080p] [Español],,,,,,,,2011,,Terror,Ciencia Ficción,1080p,Español,false,1:17:37,4657,1584,catalogo_files/i_249_AN8C.webp,https://ok.ru/video/15368203340526,https://ok.ru/videoembed/15368203340526
528,15358336174830,episode,Episodio 1,"Sabrina, la Bruja Adolescente - Temporada 1 (1971) [1080p] [Español]",sabrina-la-bruja-adolescente,"Sabrina, la Bruja Adolescente",1,,1,0,760,1971,,Comedia,Fantasía,1080p,Español,false,5:03:59,760,1130,catalogo_files/i_755_AN8C.webp,https://ok.ru/video/15358336174830,https://ok.ru/videoembed/15358336174830
529,15358336174830,episode,Episodio 2,"Sabrina, la Bruja Adolescente - Temporada 1 (1971) [1080p] [Español]",sabrina-la-bruja-adolescente,"Sabrina, la Bruja Adolescente",1,,2,760,1520,1971,,Comedia,Fantasía,1080p,Español,false,5:03:59,760,1130,catalogo_files/i_755_AN8C.webp,https://ok.ru/video/15358336174830,https://ok.ru/videoembed/15358336174830
530,15358336174830,episode,Episodio 3,"Sabrina, la Bruja Adolescente - Temporada 1 (1971) [1080p] [Español]",sabrina-la-bruja-adolescente,"Sabrina, la Bruja Adolescente",1,,3,1520,2280,1971,,Comedia,Fantasía,1080p,Español,false,5:03:59,760,1130,catalogo_files/i_755_AN8C.webp,https://ok.ru/video/15358336174830,https://ok.ru/videoembed/15358336174830
531,15358336174830,episode,Episodio 4,"Sabrina, la Bruja Adolescente - Temporada 1 (1971) [1080p] [Español]",sabrina-la-bruja-adolescente,"Sabrina, la Bruja Adolescente",1,,4,2280,3040,1971,,Comedia,Fantasía,1080p,Español,false,5:03:59,760,1130,catalogo_files/i_755_AN8C.webp,https://ok.ru/video/15358336174830,https://ok.ru/videoembed/15358336174830
532,15358336174830,episode,Episodio 5,"Sabrina, la Bruja Adolescente - Temporada 1 (1971) [1080p] [Español]",sabrina-la-bruja-adolescente,"Sabrina, la Bruja Adolescente",1,,5,3040,3800,1971,,Comedia,Fantasía,1080p,Español,false,5:03:59,760,1130,catalogo_files/i_755_AN8C.webp,https://ok.ru/video/15358336174830,https://ok.ru/videoembed/15358336174830
533,15358336174830,episode,Episodio 6,"Sabrina, la Bruja Adolescente - Temporada 1 (1971) [1080p] [Español]",sabrina-la-bruja-adolescente,"Sabrina, la Bruja Adolescente",1,,6,3800,4560,1971,,Comedia,Fantasía,1080p,Español,false,5:03:59,760,1130,catalogo_files/i_755_AN8C.webp,https://ok.ru/video/15358336174830,https://ok.ru/videoembed/15358336174830
534,15358336174830,episode,Episodio 7,"Sabrina, la Bruja Adolescente - Temporada 1 (1971) [1080p] [Español]",sabrina-la-bruja-adolescente,"Sabrina, la Bruja Adolescente",1,,7,4560,5320,1971,,Comedia,Fantasía,1080p,Español,false,5:03:59,760,1130,catalogo_files/i_755_AN8C.webp,https://ok.ru/video/15358336174830,https://ok.ru/videoembed/15358336174830
535,15358336174830,episode,Episodio 8,"Sabrina, la Bruja Adolescente - Temporada 1 (1971) [1080p] [Español]",sabrina-la-bruja-adolescente,"Sabrina, la Bruja Adolescente",1,,8,5320,6080,1971,,Comedia,Fantasía,1080p,Español,false,5:03:59,760,1130,catalogo_files/i_755_AN8C.webp,https://ok.ru/video/15358336174830,https://ok.ru/videoembed/15358336174830
536,15358336174830,episode,Episodio 9,"Sabrina, la Bruja Adolescente - Temporada 1 (1971) [1080p] [Español]",sabrina-la-bruja-adolescente,"Sabrina, la Bruja Adolescente",1,,9,6080,6840,1971,,Comedia,Fantasía,1080p,Español,false,5:03:59,760,1130,catalogo_files/i_755_AN8C.webp,https://ok.ru/video/15358336174830,https://ok.ru/videoembed/15358336174830
537,15358336174830,episode,Episodio 10,"Sabrina, la Bruja Adolescente - Temporada 1 (1971) [1080p] [Español]",sabrina-la-bruja-adolescente,"Sabrina, la Bruja Adolescente",1,,10,6840,7600,1971,,Comedia,Fantasía,1080p,Español,false,5:03:59,760,1130,catalogo_files/i_755_AN8C.webp,https://ok.ru/video/15358336174830,https://ok.ru/videoembed/15358336174830
538,15358336174830,episode,Episodio 11,"Sabrina, la Bruja Adolescente - Temporada 1 (1971) [1080p] [Español]",sabrina-la-bruja-adolescente,"Sabrina, la Bruja Adolescente",1,,11,7600,8360,1971,,Comedia,Fantasía,1080p,Español,false,5:03:59,760,1130,catalogo_files/i_755_AN8C.webp,https://ok.ru/video/15358336174830,https://ok.ru/videoembed/15358336174830
539,15358336174830,episode,Episodio 12,"Sabrina, la Bruja Adolescente - Temporada 1 (1971) [1080p] [Español]",sabrina-la-bruja-adolescente,"Sabrina, la Bruja Adolescente",1,,12,8360,9120,1971,,Comedia,Fantasía,1080p,Español,false,5:03:59,760,1130,catalogo_files/i_755_AN8C.webp,https://ok.ru/video/15358336174830,https://ok.ru/videoembed/15358336174830
540,15358336174830,episode,Episodio 13,"Sabrina, la Bruja Adolescente - Temporada 1 (1971) [1080p] [Español]",sabrina-la-bruja-adolescente,"Sabrina, la Bruja Adolescente",1,,13,9120,9879,1971,,Comedia,Fantasía,1080p,Español,false,5:03:59,759,1130,catalogo_files/i_755_AN8C.webp,https://ok.ru/video/15358336174830,https://ok.ru/videoembed/15358336174830
541,15358336174830,episode,Episodio 14,"Sabrina, la Bruja Adolescente - Temporada 1 (1971) [1080p] [Español]",sabrina-la-bruja-adolescente,"Sabrina, la Bruja Adolescente",1,,14,9879,10639,1971,,Comedia,Fantasía,1080p,Español,false,5:03:59,760,1130,catalogo_files/i_755_AN8C.webp,https://ok.ru/video/15358336174830,https://ok.ru/videoembed/15358336174830
542,15358336174830,episode,Episodio 15,"Sabrina, la Bruja Adolescente - Temporada 1 (1971) [1080p] [Español]",sabrina-la-bruja-adolescente,"Sabrina, la Bruja Adolescente",1,,15,10639,11399,1971,,Comedia,Fantasía,1080p,Español,false,5:03:59,760,1130,catalogo_files/i_755_AN8C.webp,https://ok.ru/video/15358336174830,https://ok.ru/videoembed/15358336174830
543,15358336174830,episode,Episodio 16,"Sabrina, la Bruja Adolescente - Temporada 1 (1971) [1080p] [Español]",sabrina-la-bruja-adolescente,"Sabrina, la Bruja Adolescente",1,,16,11399,12159,1971,,Comedia,Fantasía,1080p,Español,false,5:03:59,760,1130,catalogo_files/i_755_AN8C.webp,https://ok.ru/video/15358336174830,https://ok.ru/videoembed/15358336174830
544,15358336174830,episode,Episodio 17,"Sabrina, la Bruja Adolescente - Temporada 1 (1971) [1080p] [Español]",sabrina-la-bruja-adolescente,"Sabrina, la Bruja Adolescente",1,,17,12159,12919,1971,,Comedia,Fantasía,1080p,Español,false,5:03:59,760,1130,catalogo_files/i_755_AN8C.webp,https://ok.ru/video/15358336174830,https://ok.ru/videoembed/15358336174830
545,15358336174830,episode,Episodio 18,"Sabrina, la Bruja Adolescente - Temporada 1 (1971) [1080p] [Español]",sabrina-la-bruja-adolescente,"Sabrina, la Bruja Adolescente",1,,18,12919,13679,1971,,Comedia,Fantasía,1080p,Español,false,5:03:59,760,1130,catalogo_files/i_755_AN8C.webp,https://ok.ru/video/15358336174830,https://ok.ru/videoembed/15358336174830
546,15358336174830,episode,Episodio 19,"Sabrina, la Bruja Adolescente - Temporada 1 (1971) [1080p] [Español]",sabrina-la-bruja-adolescente,"Sabrina, la Bruja Adolescente",1,,19,13679,14439,1971,,Comedia,Fantasía,1080p,Español,false,5:03:59,760,1130,catalogo_files/i_755_AN8C.webp,https://ok.ru/video/15358336174830,https://ok.ru/videoembed/15358336174830
547,15358336174830,episode,Episodio 20,"Sabrina, la Bruja Adolescente - Temporada 1 (1971) [1080p] [Español]",sabrina-la-bruja-adolescente,"Sabrina, la Bruja Adolescente",1,,20,14439,15199,1971,,Comedia,Fantasía,1080p,Español,false,5:03:59,760,1130,catalogo_files/i_755_AN8C.webp,https://ok.ru/video/15358336174830,https://ok.ru/videoembed/15358336174830
548,15358336174830,episode,Episodio 21,"Sabrina, la Bruja Adolescente - Temporada 1 (1971) [1080p] [Español]",sabrina-la-bruja-adolescente,"Sabrina, la Bruja Adolescente",1,,21,15199,15959,1971,,Comedia,Fantasía,1080p,Español,false,5:03:59,760,1130,catalogo_files/i_755_AN8C.webp,https://ok.ru/video/15358336174830,https://ok.ru/videoembed/15358336174830
549,15358336174830,episode,Episodio 22,"Sabrina, la Bruja Adolescente - Temporada 1 (1971) [1080p] [Español]",sabrina-la-bruja-adolescente,"Sabrina, la Bruja Adolescente",1,,22,15959,16719,1971,,Comedia,Fantasía,1080p,Español,false,5:03:59,760,1130,catalogo_files/i_755_AN8C.webp,https://ok.ru/video/15358336174830,https://ok.ru/videoembed/15358336174830
550,15358336174830,episode,Episodio 23,"Sabrina, la Bruja Adolescente - Temporada 1 (1971) [1080p] [Español]",sabrina-la-bruja-adolescente,"Sabrina, la Bruja Adolescente",1,,23,16719,17479,1971,,Comedia,Fantasía,1080p,Español,false,5:03:59,760,1130,catalogo_files/i_755_AN8C.webp,https://ok.ru/video/15358336174830,https://ok.ru/videoembed/15358336174830
551,15358336174830,episode,Episodio 24,"Sabrina, la Bruja Adolescente - Temporada 1 (1971) [1080p] [Español]",sabrina-la-bruja-adolescente,"Sabrina, la Bruja Adolescente",1,,24,17479,,1971,,Comedia,Fantasía,1080p,Español,false,5:03:59,760,1130,catalogo_files/i_755_AN8C.webp,https://ok.ru/video/15358336174830,https://ok.ru/videoembed/15358336174830
552,15443061574382,movie,"Ángel, la niña de las flores","Ángel, la niña de las flores (Serie) [1080p] [Español]",,,,,,,,,,Anime,Infantil,1080p,Español,false,18:00:31,64831,1590,catalogo_files/i_623_AN8C.webp,https://ok.ru/video/15443061574382,https://ok.ru/videoembed/15443061574382
553,15341104007918,episode,Episodio 1,El valle de los dinosaurios - Temporada 1 (1974) [1080p] [Español],el-valle-de-los-dinosaurios,El valle de los dinosaurios,1,,1,0,1292,1974,,Animación,Aventura,1080p,Español,false,5:44:30,1292,1156,catalogo_files/i_285_AN8C.webp,https://ok.ru/video/15341104007918,https://ok.ru/videoembed/15341104007918
554,15341104007918,episode,Episodio 2,El valle de los dinosaurios - Temporada 1 (1974) [1080p] [Español],el-valle-de-los-dinosaurios,El valle de los dinosaurios,1,,2,1292,2584,1974,,Animación,Aventura,1080p,Español,false,5:44:30,1292,1156,catalogo_files/i_285_AN8C.webp,https://ok.ru/video/15341104007918,https://ok.ru/videoembed/15341104007918
555,15341104007918,episode,Episodio 3,El valle de los dinosaurios - Temporada 1 (1974) [1080p] [Español],el-valle-de-los-dinosaurios,El valle de los dinosaurios,1,,3,2584,3876,1974,,Animación,Aventura,1080p,Español,false,5:44:30,1292,1156,catalogo_files/i_285_AN8C.webp,https://ok.ru/video/15341104007918,https://ok.ru/videoembed/15341104007918
556,15341104007918,episode,Episodio 4,El valle de los dinosaurios - Temporada 1 (1974) [1080p] [Español],el-valle-de-los-dinosaurios,El valle de los dinosaurios,1,,4,3876,5168,1974,,Animación,Aventura,1080p,Español,false,5:44:30,1292,1156,catalogo_files/i_285_AN8C.webp,https://ok.ru/video/15341104007918,https://ok.ru/videoembed/15341104007918
557,15341104007918,episode,Episodio 5,El valle de los dinosaurios - Temporada 1 (1974) [1080p] [Español],el-valle-de-los-dinosaurios,El valle de los dinosaurios,1,,5,5168,6459,1974,,Animación,Aventura,1080p,Español,false,5:44:30,1291,1156,catalogo_files/i_285_AN8C.webp,https://ok.ru/video/15341104007918,https://ok.ru/videoembed/15341104007918
558,15341104007918,episode,Episodio 6,El valle de los dinosaurios - Temporada 1 (1974) [1080p] [Español],el-valle-de-los-dinosaurios,El valle de los dinosaurios,1,,6,6459,7751,1974,,Animación,Aventura,1080p,Español,false,5:44:30,1292,1156,catalogo_files/i_285_AN8C.webp,https://ok.ru/video/15341104007918,https://ok.ru/videoembed/15341104007918
559,15341104007918,episode,Episodio 7,El valle de los dinosaurios - Temporada 1 (1974) [1080p] [Español],el-valle-de-los-dinosaurios,El valle de los dinosaurios,1,,7,7751,9043,1974,,Animación,Aventura,1080p,Español,false,5:44:30,1292,1156,catalogo_files/i_285_AN8C.webp,https://ok.ru/video/15341104007918,https://ok.ru/videoembed/15341104007918
560,15341104007918,episode,Episodio 8,El valle de los dinosaurios - Temporada 1 (1974) [1080p] [Español],el-valle-de-los-dinosaurios,El valle de los dinosaurios,1,,8,9043,10335,1974,,Animación,Aventura,1080p,Español,false,5:44:30,1292,1156,catalogo_files/i_285_AN8C.webp,https://ok.ru/video/15341104007918,https://ok.ru/videoembed/15341104007918
561,15341104007918,episode,Episodio 9,El valle de los dinosaurios - Temporada 1 (1974) [1080p] [Español],el-valle-de-los-dinosaurios,El valle de los dinosaurios,1,,9,10335,11627,1974,,Animación,Aventura,1080p,Español,false,5:44:30,1292,1156,catalogo_files/i_285_AN8C.webp,https://ok.ru/video/15341104007918,https://ok.ru/videoembed/15341104007918
562,15341104007918,episode,Episodio 10,El valle de los dinosaurios - Temporada 1 (1974) [1080p] [Español],el-valle-de-los-dinosaurios,El valle de los dinosaurios,1,,10,11627,12919,1974,,Animación,Aventura,1080p,Español,false,5:44:30,1292,1156,catalogo_files/i_285_AN8C.webp,https://ok.ru/video/15341104007918,https://ok.ru/videoembed/15341104007918
563,15341104007918,episode,Episodio 11,El valle de los dinosaurios - Temporada 1 (1974) [1080p] [Español],el-valle-de-los-dinosaurios,El valle de los dinosaurios,1,,11,12919,14211,1974,,Animación,Aventura,1080p,Español,false,5:44:30,1292,1156,catalogo_files/i_285_AN8C.webp,https://ok.ru/video/15341104007918,https://ok.ru/videoembed/15341104007918
564,15341104007918,episode,Episodio 12,El valle de los dinosaurios - Temporada 1 (1974) [1080p] [Español],el-valle-de-los-dinosaurios,El valle de los dinosaurios,1,,12,14211,15502,1974,,Animación,Aventura,1080p,Español,false,5:44:30,1291,1156,catalogo_files/i_285_AN8C.webp,https://ok.ru/video/15341104007918,https://ok.ru/videoembed/15341104007918
565,15341104007918,episode,Episodio 13,El valle de los dinosaurios - Temporada 1 (1974) [1080p] [Español],el-valle-de-los-dinosaurios,El valle de los dinosaurios,1,,13,15502,16794,1974,,Animación,Aventura,1080p,Español,false,5:44:30,1292,1156,catalogo_files/i_285_AN8C.webp,https://ok.ru/video/15341104007918,https://ok.ru/videoembed/15341104007918
566,15341104007918,episode,Episodio 14,El valle de los dinosaurios - Temporada 1 (1974) [1080p] [Español],el-valle-de-los-dinosaurios,El valle de los dinosaurios,1,,14,16794,18086,1974,,Animación,Aventura,1080p,Español,false,5:44:30,1292,1156,catalogo_files/i_285_AN8C.webp,https://ok.ru/video/15341104007918,https://ok.ru/videoembed/15341104007918
567,15341104007918,episode,Episodio 15,El valle de los dinosaurios - Temporada 1 (1974) [1080p] [Español],el-valle-de-los-dinosaurios,El valle de los dinosaurios,1,,15,18086,19378,1974,,Animación,Aventura,1080p,Español,false,5:44:30,1292,1156,catalogo_files/i_285_AN8C.webp,https://ok.ru/video/15341104007918,https://ok.ru/videoembed/15341104007918
568,15341104007918,episode,Episodio 16,El valle de los dinosaurios - Temporada 1 (1974) [1080p] [Español],el-valle-de-los-dinosaurios,El valle de los dinosaurios,1,,16,19378,,1974,,Animación,Aventura,1080p,Español,false,5:44:30,1292,1156,catalogo_files/i_285_AN8C.webp,https://ok.ru/video/15341104007918,https://ok.ru/videoembed/15341104007918
569,15446472723182,movie,Kung Fu Panda,Kung Fu Panda (Dreamworks) [4K] [Español],,,,,,,,,DreamWorks,Animación,,4K,Español,false,1:32:32,5552,2904,catalogo_files/i_466_AN8C.webp,https://ok.ru/video/15446472723182,https://ok.ru/videoembed/15446472723182
570,15445497809646,movie,Flow,Flow [4K] [Español],,,,,,,,,,Animación,Aventura,4K,Español,false,1:25:29,5129,1946,catalogo_files/i_282_AN8C.webp,https://ok.ru/video/15445497809646,https://ok.ru/videoembed/15445497809646
571,15437443697390,movie,La era de hielo,La era de hielo (2002) [4K] [Español],,,,,,,,2002,,Animación,Aventura,4K,Español,false,1:21:07,4867,1915,catalogo_files/i_561_AN8C.webp,https://ok.ru/video/15437443697390,https://ok.ru/videoembed/15437443697390
572,15435981458158,movie,Enredados,Enredados (Disney) [4K] [Español],,,,,,,,,Disney,Animación,,4K,Español,false,1:40:57,6057,2200,catalogo_files/i_134_AN8C.webp,https://ok.ru/video/15435981458158,https://ok.ru/videoembed/15435981458158
573,15436367268590,movie,Gato con botas: el último deseo,Gato con botas: el último deseo (Dreamworks) [4K] [Español],,,,,,,,,DreamWorks,Animación,,4K,Español,false,1:42:22,6142,1867,catalogo_files/i_522_AN8C.webp,https://ok.ru/video/15436367268590,https://ok.ru/videoembed/15436367268590
574,15434395880174,movie,Spider-Man: un nuevo universo,Spider-Man: un nuevo universo (Marvel) [4K] [Español],,,,,,,,,Marvel,Superhéroes,Acción,4K,Español,false,1:56:50,7010,2759,catalogo_files/i_714_AN8C.webp,https://ok.ru/video/15434395880174,https://ok.ru/videoembed/15434395880174
575,15417835457262,episode,Episodio 1,KND: los chicos del barrio - Temporada 1 (Cartoon N.) [1080p] [Español],knd-los-chicos-del-barrio,KND: los chicos del barrio,1,,1,0,1351,,Cartoon N.,Animación,,1080p,Español,false,4:52:43,1351,1517,catalogo_files/i_371_AN8C.webp,https://ok.ru/video/15417835457262,https://ok.ru/videoembed/15417835457262
576,15417835457262,episode,Episodio 2,KND: los chicos del barrio - Temporada 1 (Cartoon N.) [1080p] [Español],knd-los-chicos-del-barrio,KND: los chicos del barrio,1,,2,1351,2702,,Cartoon N.,Animación,,1080p,Español,false,4:52:43,1351,1517,catalogo_files/i_371_AN8C.webp,https://ok.ru/video/15417835457262,https://ok.ru/videoembed/15417835457262
577,15417835457262,episode,Episodio 3,KND: los chicos del barrio - Temporada 1 (Cartoon N.) [1080p] [Español],knd-los-chicos-del-barrio,KND: los chicos del barrio,1,,3,2702,4053,,Cartoon N.,Animación,,1080p,Español,false,4:52:43,1351,1517,catalogo_files/i_371_AN8C.webp,https://ok.ru/video/15417835457262,https://ok.ru/videoembed/15417835457262
578,15417835457262,episode,Episodio 4,KND: los chicos del barrio - Temporada 1 (Cartoon N.) [1080p] [Español],knd-los-chicos-del-barrio,KND: los chicos del barrio,1,,4,4053,5404,,Cartoon N.,Animación,,1080p,Español,false,4:52:43,1351,1517,catalogo_files/i_371_AN8C.webp,https://ok.ru/video/15417835457262,https://ok.ru/videoembed/15417835457262
579,15417835457262,episode,Episodio 5,KND: los chicos del barrio - Temporada 1 (Cartoon N.) [1080p] [Español],knd-los-chicos-del-barrio,KND: los chicos del barrio,1,,5,5404,6755,,Cartoon N.,Animación,,1080p,Español,false,4:52:43,1351,1517,catalogo_files/i_371_AN8C.webp,https://ok.ru/video/15417835457262,https://ok.ru/videoembed/15417835457262
580,15417835457262,episode,Episodio 6,KND: los chicos del barrio - Temporada 1 (Cartoon N.) [1080p] [Español],knd-los-chicos-del-barrio,KND: los chicos del barrio,1,,6,6755,8106,,Cartoon N.,Animación,,1080p,Español,false,4:52:43,1351,1517,catalogo_files/i_371_AN8C.webp,https://ok.ru/video/15417835457262,https://ok.ru/videoembed/15417835457262
581,15417835457262,episode,Episodio 7,KND: los chicos del barrio - Temporada 1 (Cartoon N.) [1080p] [Español],knd-los-chicos-del-barrio,KND: los chicos del barrio,1,,7,8106,9457,,Cartoon N.,Animación,,1080p,Español,false,4:52:43,1351,1517,catalogo_files/i_371_AN8C.webp,https://ok.ru/video/15417835457262,https://ok.ru/videoembed/15417835457262
582,15417835457262,episode,Episodio 8,KND: los chicos del barrio - Temporada 1 (Cartoon N.) [1080p] [Español],knd-los-chicos-del-barrio,KND: los chicos del barrio,1,,8,9457,10808,,Cartoon N.,Animación,,1080p,Español,false,4:52:43,1351,1517,catalogo_files/i_371_AN8C.webp,https://ok.ru/video/15417835457262,https://ok.ru/videoembed/15417835457262
583,15417835457262,episode,Episodio 9,KND: los chicos del barrio - Temporada 1 (Cartoon N.) [1080p] [Español],knd-los-chicos-del-barrio,KND: los chicos del barrio,1,,9,10808,12159,,Cartoon N.,Animación,,1080p,Español,false,4:52:43,1351,1517,catalogo_files/i_371_AN8C.webp,https://ok.ru/video/15417835457262,https://ok.ru/videoembed/15417835457262
584,15417835457262,episode,Episodio 10,KND: los chicos del barrio - Temporada 1 (Cartoon N.) [1080p] [Español],knd-los-chicos-del-barrio,KND: los chicos del barrio,1,,10,12159,13510,,Cartoon N.,Animación,,1080p,Español,false,4:52:43,1351,1517,catalogo_files/i_371_AN8C.webp,https://ok.ru/video/15417835457262,https://ok.ru/videoembed/15417835457262
585,15417835457262,episode,Episodio 11,KND: los chicos del barrio - Temporada 1 (Cartoon N.) [1080p] [Español],knd-los-chicos-del-barrio,KND: los chicos del barrio,1,,11,13510,14861,,Cartoon N.,Animación,,1080p,Español,false,4:52:43,1351,1517,catalogo_files/i_371_AN8C.webp,https://ok.ru/video/15417835457262,https://ok.ru/videoembed/15417835457262
586,15417835457262,episode,Episodio 12,KND: los chicos del barrio - Temporada 1 (Cartoon N.) [1080p] [Español],knd-los-chicos-del-barrio,KND: los chicos del barrio,1,,12,14861,16212,,Cartoon N.,Animación,,1080p,Español,false,4:52:43,1351,1517,catalogo_files/i_371_AN8C.webp,https://ok.ru/video/15417835457262,https://ok.ru/videoembed/15417835457262
587,15417835457262,episode,Episodio 13,KND: los chicos del barrio - Temporada 1 (Cartoon N.) [1080p] [Español],knd-los-chicos-del-barrio,KND: los chicos del barrio,1,,13,16212,,,Cartoon N.,Animación,,1080p,Español,false,4:52:43,1351,1517,catalogo_files/i_371_AN8C.webp,https://ok.ru/video/15417835457262,https://ok.ru/videoembed/15417835457262
588,15415903783662,episode,Episodio 1,Dragon Ball - Temporada 5: 22º Torneo de las Artes Marciales [1440p] [Español],dragon-ball,Dragon Ball,5,22º Torneo de las Artes Marciales,1,0,1561,,,Anime,Acción,1440p,Español,false,7:48:10,1561,1363,catalogo_files/i_764_AN8C.webp,https://ok.ru/video/15415903783662,https://ok.ru/videoembed/15415903783662
589,15415903783662,episode,Episodio 2,Dragon Ball - Temporada 5: 22º Torneo de las Artes Marciales [1440p] [Español],dragon-ball,Dragon Ball,5,22º Torneo de las Artes Marciales,2,1561,3121,,,Anime,Acción,1440p,Español,false,7:48:10,1560,1363,catalogo_files/i_764_AN8C.webp,https://ok.ru/video/15415903783662,https://ok.ru/videoembed/15415903783662
590,15415903783662,episode,Episodio 3,Dragon Ball - Temporada 5: 22º Torneo de las Artes Marciales [1440p] [Español],dragon-ball,Dragon Ball,5,22º Torneo de las Artes Marciales,3,3121,4682,,,Anime,Acción,1440p,Español,false,7:48:10,1561,1363,catalogo_files/i_764_AN8C.webp,https://ok.ru/video/15415903783662,https://ok.ru/videoembed/15415903783662
591,15415903783662,episode,Episodio 4,Dragon Ball - Temporada 5: 22º Torneo de las Artes Marciales [1440p] [Español],dragon-ball,Dragon Ball,5,22º Torneo de las Artes Marciales,4,4682,6242,,,Anime,Acción,1440p,Español,false,7:48:10,1560,1363,catalogo_files/i_764_AN8C.webp,https://ok.ru/video/15415903783662,https://ok.ru/videoembed/15415903783662
592,15415903783662,episode,Episodio 5,Dragon Ball - Temporada 5: 22º Torneo de las Artes Marciales [1440p] [Español],dragon-ball,Dragon Ball,5,22º Torneo de las Artes Marciales,5,6242,7803,,,Anime,Acción,1440p,Español,false,7:48:10,1561,1363,catalogo_files/i_764_AN8C.webp,https://ok.ru/video/15415903783662,https://ok.ru/videoembed/15415903783662
593,15415903783662,episode,Episodio 6,Dragon Ball - Temporada 5: 22º Torneo de las Artes Marciales [1440p] [Español],dragon-ball,Dragon Ball,5,22º Torneo de las Artes Marciales,6,7803,9363,,,Anime,Acción,1440p,Español,false,7:48:10,1560,1363,catalogo_files/i_764_AN8C.webp,https://ok.ru/video/15415903783662,https://ok.ru/videoembed/15415903783662
594,15415903783662,episode,Episodio 7,Dragon Ball - Temporada 5: 22º Torneo de las Artes Marciales [1440p] [Español],dragon-ball,Dragon Ball,5,22º Torneo de las Artes Marciales,7,9363,10924,,,Anime,Acción,1440p,Español,false,7:48:10,1561,1363,catalogo_files/i_764_AN8C.webp,https://ok.ru/video/15415903783662,https://ok.ru/videoembed/15415903783662
595,15415903783662,episode,Episodio 8,Dragon Ball - Temporada 5: 22º Torneo de las Artes Marciales [1440p] [Español],dragon-ball,Dragon Ball,5,22º Torneo de las Artes Marciales,8,10924,12484,,,Anime,Acción,1440p,Español,false,7:48:10,1560,1363,catalogo_files/i_764_AN8C.webp,https://ok.ru/video/15415903783662,https://ok.ru/videoembed/15415903783662
596,15415903783662,episode,Episodio 9,Dragon Ball - Temporada 5: 22º Torneo de las Artes Marciales [1440p] [Español],dragon-ball,Dragon Ball,5,22º Torneo de las Artes Marciales,9,12484,14045,,,Anime,Acción,1440p,Español,false,7:48:10,1561,1363,catalogo_files/i_764_AN8C.webp,https://ok.ru/video/15415903783662,https://ok.ru/videoembed/15415903783662
597,15415903783662,episode,Episodio 10,Dragon Ball - Temporada 5: 22º Torneo de las Artes Marciales [1440p] [Español],dragon-ball,Dragon Ball,5,22º Torneo de las Artes Marciales,10,14045,15606,,,Anime,Acción,1440p,Español,false,7:48:10,1561,1363,catalogo_files/i_764_AN8C.webp,https://ok.ru/video/15415903783662,https://ok.ru/videoembed/15415903783662
598,15415903783662,episode,Episodio 11,Dragon Ball - Temporada 5: 22º Torneo de las Artes Marciales [1440p] [Español],dragon-ball,Dragon Ball,5,22º Torneo de las Artes Marciales,11,15606,17166,,,Anime,Acción,1440p,Español,false,7:48:10,1560,1363,catalogo_files/i_764_AN8C.webp,https://ok.ru/video/15415903783662,https://ok.ru/videoembed/15415903783662
599,15415903783662,episode,Episodio 12,Dragon Ball - Temporada 5: 22º Torneo de las Artes Marciales [1440p] [Español],dragon-ball,Dragon Ball,5,22º Torneo de las Artes Marciales,12,17166,18727,,,Anime,Acción,1440p,Español,false,7:48:10,1561,1363,catalogo_files/i_764_AN8C.webp,https://ok.ru/video/15415903783662,https://ok.ru/videoembed/15415903783662
600,15415903783662,episode,Episodio 13,Dragon Ball - Temporada 5: 22º Torneo de las Artes Marciales [1440p] [Español],dragon-ball,Dragon Ball,5,22º Torneo de las Artes Marciales,13,18727,20287,,,Anime,Acción,1440p,Español,false,7:48:10,1560,1363,catalogo_files/i_764_AN8C.webp,https://ok.ru/video/15415903783662,https://ok.ru/videoembed/15415903783662
601,15415903783662,episode,Episodio 14,Dragon Ball - Temporada 5: 22º Torneo de las Artes Marciales [1440p] [Español],dragon-ball,Dragon Ball,5,22º Torneo de las Artes Marciales,14,20287,21848,,,Anime,Acción,1440p,Español,false,7:48:10,1561,1363,catalogo_files/i_764_AN8C.webp,https://ok.ru/video/15415903783662,https://ok.ru/videoembed/15415903783662
602,15415903783662,episode,Episodio 15,Dragon Ball - Temporada 5: 22º Torneo de las Artes Marciales [1440p] [Español],dragon-ball,Dragon Ball,5,22º Torneo de las Artes Marciales,15,21848,23408,,,Anime,Acción,1440p,Español,false,7:48:10,1560,1363,catalogo_files/i_764_AN8C.webp,https://ok.ru/video/15415903783662,https://ok.ru/videoembed/15415903783662
603,15415903783662,episode,Episodio 16,Dragon Ball - Temporada 5: 22º Torneo de las Artes Marciales [1440p] [Español],dragon-ball,Dragon Ball,5,22º Torneo de las Artes Marciales,16,23408,24969,,,Anime,Acción,1440p,Español,false,7:48:10,1561,1363,catalogo_files/i_764_AN8C.webp,https://ok.ru/video/15415903783662,https://ok.ru/videoembed/15415903783662
604,15415903783662,episode,Episodio 17,Dragon Ball - Temporada 5: 22º Torneo de las Artes Marciales [1440p] [Español],dragon-ball,Dragon Ball,5,22º Torneo de las Artes Marciales,17,24969,26529,,,Anime,Acción,1440p,Español,false,7:48:10,1560,1363,catalogo_files/i_764_AN8C.webp,https://ok.ru/video/15415903783662,https://ok.ru/videoembed/15415903783662
605,15415903783662,episode,Episodio 18,Dragon Ball - Temporada 5: 22º Torneo de las Artes Marciales [1440p] [Español],dragon-ball,Dragon Ball,5,22º Torneo de las Artes Marciales,18,26529,,,,Anime,Acción,1440p,Español,false,7:48:10,1561,1363,catalogo_files/i_764_AN8C.webp,https://ok.ru/video/15415903783662,https://ok.ru/videoembed/15415903783662
606,15411794873070,episode,Episodio 1,Aaahh!!! Monstruos de verdad - Temporada 1 (Nickelodeon) [1080p] [Español],aaahh-monstruos-de-verdad,Aaahh!!! Monstruos de verdad,1,,1,0,1424,,Nickelodeon,Animación,,1080p,Español,false,5:08:38,1424,1719,catalogo_files/i_155_AN8C.webp,https://ok.ru/video/15411794873070,https://ok.ru/videoembed/15411794873070
607,15411794873070,episode,Episodio 2,Aaahh!!! Monstruos de verdad - Temporada 1 (Nickelodeon) [1080p] [Español],aaahh-monstruos-de-verdad,Aaahh!!! Monstruos de verdad,1,,2,1424,2849,,Nickelodeon,Animación,,1080p,Español,false,5:08:38,1425,1719,catalogo_files/i_155_AN8C.webp,https://ok.ru/video/15411794873070,https://ok.ru/videoembed/15411794873070
608,15411794873070,episode,Episodio 3,Aaahh!!! Monstruos de verdad - Temporada 1 (Nickelodeon) [1080p] [Español],aaahh-monstruos-de-verdad,Aaahh!!! Monstruos de verdad,1,,3,2849,4273,,Nickelodeon,Animación,,1080p,Español,false,5:08:38,1424,1719,catalogo_files/i_155_AN8C.webp,https://ok.ru/video/15411794873070,https://ok.ru/videoembed/15411794873070
609,15411794873070,episode,Episodio 4,Aaahh!!! Monstruos de verdad - Temporada 1 (Nickelodeon) [1080p] [Español],aaahh-monstruos-de-verdad,Aaahh!!! Monstruos de verdad,1,,4,4273,5698,,Nickelodeon,Animación,,1080p,Español,false,5:08:38,1425,1719,catalogo_files/i_155_AN8C.webp,https://ok.ru/video/15411794873070,https://ok.ru/videoembed/15411794873070
610,15411794873070,episode,Episodio 5,Aaahh!!! Monstruos de verdad - Temporada 1 (Nickelodeon) [1080p] [Español],aaahh-monstruos-de-verdad,Aaahh!!! Monstruos de verdad,1,,5,5698,7122,,Nickelodeon,Animación,,1080p,Español,false,5:08:38,1424,1719,catalogo_files/i_155_AN8C.webp,https://ok.ru/video/15411794873070,https://ok.ru/videoembed/15411794873070
611,15411794873070,episode,Episodio 6,Aaahh!!! Monstruos de verdad - Temporada 1 (Nickelodeon) [1080p] [Español],aaahh-monstruos-de-verdad,Aaahh!!! Monstruos de verdad,1,,6,7122,8547,,Nickelodeon,Animación,,1080p,Español,false,5:08:38,1425,1719,catalogo_files/i_155_AN8C.webp,https://ok.ru/video/15411794873070,https://ok.ru/videoembed/15411794873070
612,15411794873070,episode,Episodio 7,Aaahh!!! Monstruos de verdad - Temporada 1 (Nickelodeon) [1080p] [Español],aaahh-monstruos-de-verdad,Aaahh!!! Monstruos de verdad,1,,7,8547,9971,,Nickelodeon,Animación,,1080p,Español,false,5:08:38,1424,1719,catalogo_files/i_155_AN8C.webp,https://ok.ru/video/15411794873070,https://ok.ru/videoembed/15411794873070
613,15411794873070,episode,Episodio 8,Aaahh!!! Monstruos de verdad - Temporada 1 (Nickelodeon) [1080p] [Español],aaahh-monstruos-de-verdad,Aaahh!!! Monstruos de verdad,1,,8,9971,11396,,Nickelodeon,Animación,,1080p,Español,false,5:08:38,1425,1719,catalogo_files/i_155_AN8C.webp,https://ok.ru/video/15411794873070,https://ok.ru/videoembed/15411794873070
614,15411794873070,episode,Episodio 9,Aaahh!!! Monstruos de verdad - Temporada 1 (Nickelodeon) [1080p] [Español],aaahh-monstruos-de-verdad,Aaahh!!! Monstruos de verdad,1,,9,11396,12820,,Nickelodeon,Animación,,1080p,Español,false,5:08:38,1424,1719,catalogo_files/i_155_AN8C.webp,https://ok.ru/video/15411794873070,https://ok.ru/videoembed/15411794873070
615,15411794873070,episode,Episodio 10,Aaahh!!! Monstruos de verdad - Temporada 1 (Nickelodeon) [1080p] [Español],aaahh-monstruos-de-verdad,Aaahh!!! Monstruos de verdad,1,,10,12820,14245,,Nickelodeon,Animación,,1080p,Español,false,5:08:38,1425,1719,catalogo_files/i_155_AN8C.webp,https://ok.ru/video/15411794873070,https://ok.ru/videoembed/15411794873070
616,15411794873070,episode,Episodio 11,Aaahh!!! Monstruos de verdad - Temporada 1 (Nickelodeon) [1080p] [Español],aaahh-monstruos-de-verdad,Aaahh!!! Monstruos de verdad,1,,11,14245,15669,,Nickelodeon,Animación,,1080p,Español,false,5:08:38,1424,1719,catalogo_files/i_155_AN8C.webp,https://ok.ru/video/15411794873070,https://ok.ru/videoembed/15411794873070
617,15411794873070,episode,Episodio 12,Aaahh!!! Monstruos de verdad - Temporada 1 (Nickelodeon) [1080p] [Español],aaahh-monstruos-de-verdad,Aaahh!!! Monstruos de verdad,1,,12,15669,17094,,Nickelodeon,Animación,,1080p,Español,false,5:08:38,1425,1719,catalogo_files/i_155_AN8C.webp,https://ok.ru/video/15411794873070,https://ok.ru/videoembed/15411794873070
618,15411794873070,episode,Episodio 13,Aaahh!!! Monstruos de verdad - Temporada 1 (Nickelodeon) [1080p] [Español],aaahh-monstruos-de-verdad,Aaahh!!! Monstruos de verdad,1,,13,17094,,,Nickelodeon,Animación,,1080p,Español,false,5:08:38,1424,1719,catalogo_files/i_155_AN8C.webp,https://ok.ru/video/15411794873070,https://ok.ru/videoembed/15411794873070
619,15415264676590,episode,Episodio 1,Dragon Ball - Temporada 4: El Palacio de Uranai Baba [1440p] [Español],dragon-ball,Dragon Ball,4,El Palacio de Uranai Baba,1,0,1443,,,Anime,Acción,1440p,Español,false,6:00:46,1443,1367,catalogo_files/i_703_AN8C.webp,https://ok.ru/video/15415264676590,https://ok.ru/videoembed/15415264676590
620,15415264676590,episode,Episodio 2,Dragon Ball - Temporada 4: El Palacio de Uranai Baba [1440p] [Español],dragon-ball,Dragon Ball,4,El Palacio de Uranai Baba,2,1443,2886,,,Anime,Acción,1440p,Español,false,6:00:46,1443,1367,catalogo_files/i_703_AN8C.webp,https://ok.ru/video/15415264676590,https://ok.ru/videoembed/15415264676590
621,15415264676590,episode,Episodio 3,Dragon Ball - Temporada 4: El Palacio de Uranai Baba [1440p] [Español],dragon-ball,Dragon Ball,4,El Palacio de Uranai Baba,3,2886,4329,,,Anime,Acción,1440p,Español,false,6:00:46,1443,1367,catalogo_files/i_703_AN8C.webp,https://ok.ru/video/15415264676590,https://ok.ru/videoembed/15415264676590
622,15415264676590,episode,Episodio 4,Dragon Ball - Temporada 4: El Palacio de Uranai Baba [1440p] [Español],dragon-ball,Dragon Ball,4,El Palacio de Uranai Baba,4,4329,5772,,,Anime,Acción,1440p,Español,false,6:00:46,1443,1367,catalogo_files/i_703_AN8C.webp,https://ok.ru/video/15415264676590,https://ok.ru/videoembed/15415264676590
623,15415264676590,episode,Episodio 5,Dragon Ball - Temporada 4: El Palacio de Uranai Baba [1440p] [Español],dragon-ball,Dragon Ball,4,El Palacio de Uranai Baba,5,5772,7215,,,Anime,Acción,1440p,Español,false,6:00:46,1443,1367,catalogo_files/i_703_AN8C.webp,https://ok.ru/video/15415264676590,https://ok.ru/videoembed/15415264676590
624,15415264676590,episode,Episodio 6,Dragon Ball - Temporada 4: El Palacio de Uranai Baba [1440p] [Español],dragon-ball,Dragon Ball,4,El Palacio de Uranai Baba,6,7215,8658,,,Anime,Acción,1440p,Español,false,6:00:46,1443,1367,catalogo_files/i_703_AN8C.webp,https://ok.ru/video/15415264676590,https://ok.ru/videoembed/15415264676590
625,15415264676590,episode,Episodio 7,Dragon Ball - Temporada 4: El Palacio de Uranai Baba [1440p] [Español],dragon-ball,Dragon Ball,4,El Palacio de Uranai Baba,7,8658,10101,,,Anime,Acción,1440p,Español,false,6:00:46,1443,1367,catalogo_files/i_703_AN8C.webp,https://ok.ru/video/15415264676590,https://ok.ru/videoembed/15415264676590
626,15415264676590,episode,Episodio 8,Dragon Ball - Temporada 4: El Palacio de Uranai Baba [1440p] [Español],dragon-ball,Dragon Ball,4,El Palacio de Uranai Baba,8,10101,11545,,,Anime,Acción,1440p,Español,false,6:00:46,1444,1367,catalogo_files/i_703_AN8C.webp,https://ok.ru/video/15415264676590,https://ok.ru/videoembed/15415264676590
627,15415264676590,episode,Episodio 9,Dragon Ball - Temporada 4: El Palacio de Uranai Baba [1440p] [Español],dragon-ball,Dragon Ball,4,El Palacio de Uranai Baba,9,11545,12988,,,Anime,Acción,1440p,Español,false,6:00:46,1443,1367,catalogo_files/i_703_AN8C.webp,https://ok.ru/video/15415264676590,https://ok.ru/videoembed/15415264676590
628,15415264676590,episode,Episodio 10,Dragon Ball - Temporada 4: El Palacio de Uranai Baba [1440p] [Español],dragon-ball,Dragon Ball,4,El Palacio de Uranai Baba,10,12988,14431,,,Anime,Acción,1440p,Español,false,6:00:46,1443,1367,catalogo_files/i_703_AN8C.webp,https://ok.ru/video/15415264676590,https://ok.ru/videoembed/15415264676590
629,15415264676590,episode,Episodio 11,Dragon Ball - Temporada 4: El Palacio de Uranai Baba [1440p] [Español],dragon-ball,Dragon Ball,4,El Palacio de Uranai Baba,11,14431,15874,,,Anime,Acción,1440p,Español,false,6:00:46,1443,1367,catalogo_files/i_703_AN8C.webp,https://ok.ru/video/15415264676590,https://ok.ru/videoembed/15415264676590
630,15415264676590,episode,Episodio 12,Dragon Ball - Temporada 4: El Palacio de Uranai Baba [1440p] [Español],dragon-ball,Dragon Ball,4,El Palacio de Uranai Baba,12,15874,17317,,,Anime,Acción,1440p,Español,false,6:00:46,1443,1367,catalogo_files/i_703_AN8C.webp,https://ok.ru/video/15415264676590,https://ok.ru/videoembed/15415264676590
631,15415264676590,episode,Episodio 13,Dragon Ball - Temporada 4: El Palacio de Uranai Baba [1440p] [Español],dragon-ball,Dragon Ball,4,El Palacio de Uranai Baba,13,17317,18760,,,Anime,Acción,1440p,Español,false,6:00:46,1443,1367,catalogo_files/i_703_AN8C.webp,https://ok.ru/video/15415264676590,https://ok.ru/videoembed/15415264676590
632,15415264676590,episode,Episodio 14,Dragon Ball - Temporada 4: El Palacio de Uranai Baba [1440p] [Español],dragon-ball,Dragon Ball,4,El Palacio de Uranai Baba,14,18760,20203,,,Anime,Acción,1440p,Español,false,6:00:46,1443,1367,catalogo_files/i_703_AN8C.webp,https://ok.ru/video/15415264676590,https://ok.ru/videoembed/15415264676590
633,15415264676590,episode,Episodio 15,Dragon Ball - Temporada 4: El Palacio de Uranai Baba [1440p] [Español],dragon-ball,Dragon Ball,4,El Palacio de Uranai Baba,15,20203,,,,Anime,Acción,1440p,Español,false,6:00:46,1443,1367,catalogo_files/i_703_AN8C.webp,https://ok.ru/video/15415264676590,https://ok.ru/videoembed/15415264676590
634,15383567731438,episode,Episodio 1,La Casa Búho - Temporada 1 (Disney) [1080p] [Español],la-casa-buho,La Casa Búho,1,,1,0,1312,,Disney,Animación,,1080p,Español,false,6:55:27,1312,1090,catalogo_files/i_473_AN8C.webp,https://ok.ru/video/15383567731438,https://ok.ru/videoembed/15383567731438
635,15383567731438,episode,Episodio 2,La Casa Búho - Temporada 1 (Disney) [1080p] [Español],la-casa-buho,La Casa Búho,1,,2,1312,2624,,Disney,Animación,,1080p,Español,false,6:55:27,1312,1090,catalogo_files/i_473_AN8C.webp,https://ok.ru/video/15383567731438,https://ok.ru/videoembed/15383567731438
636,15383567731438,episode,Episodio 3,La Casa Búho - Temporada 1 (Disney) [1080p] [Español],la-casa-buho,La Casa Búho,1,,3,2624,3936,,Disney,Animación,,1080p,Español,false,6:55:27,1312,1090,catalogo_files/i_473_AN8C.webp,https://ok.ru/video/15383567731438,https://ok.ru/videoembed/15383567731438
637,15383567731438,episode,Episodio 4,La Casa Búho - Temporada 1 (Disney) [1080p] [Español],la-casa-buho,La Casa Búho,1,,4,3936,5248,,Disney,Animación,,1080p,Español,false,6:55:27,1312,1090,catalogo_files/i_473_AN8C.webp,https://ok.ru/video/15383567731438,https://ok.ru/videoembed/15383567731438
638,15383567731438,episode,Episodio 5,La Casa Búho - Temporada 1 (Disney) [1080p] [Español],la-casa-buho,La Casa Búho,1,,5,5248,6560,,Disney,Animación,,1080p,Español,false,6:55:27,1312,1090,catalogo_files/i_473_AN8C.webp,https://ok.ru/video/15383567731438,https://ok.ru/videoembed/15383567731438
639,15383567731438,episode,Episodio 6,La Casa Búho - Temporada 1 (Disney) [1080p] [Español],la-casa-buho,La Casa Búho,1,,6,6560,7872,,Disney,Animación,,1080p,Español,false,6:55:27,1312,1090,catalogo_files/i_473_AN8C.webp,https://ok.ru/video/15383567731438,https://ok.ru/videoembed/15383567731438
640,15383567731438,episode,Episodio 7,La Casa Búho - Temporada 1 (Disney) [1080p] [Español],la-casa-buho,La Casa Búho,1,,7,7872,9184,,Disney,Animación,,1080p,Español,false,6:55:27,1312,1090,catalogo_files/i_473_AN8C.webp,https://ok.ru/video/15383567731438,https://ok.ru/videoembed/15383567731438
641,15383567731438,episode,Episodio 8,La Casa Búho - Temporada 1 (Disney) [1080p] [Español],la-casa-buho,La Casa Búho,1,,8,9184,10496,,Disney,Animación,,1080p,Español,false,6:55:27,1312,1090,catalogo_files/i_473_AN8C.webp,https://ok.ru/video/15383567731438,https://ok.ru/videoembed/15383567731438
642,15383567731438,episode,Episodio 9,La Casa Búho - Temporada 1 (Disney) [1080p] [Español],la-casa-buho,La Casa Búho,1,,9,10496,11808,,Disney,Animación,,1080p,Español,false,6:55:27,1312,1090,catalogo_files/i_473_AN8C.webp,https://ok.ru/video/15383567731438,https://ok.ru/videoembed/15383567731438
643,15383567731438,episode,Episodio 10,La Casa Búho - Temporada 1 (Disney) [1080p] [Español],la-casa-buho,La Casa Búho,1,,10,11808,13119,,Disney,Animación,,1080p,Español,false,6:55:27,1311,1090,catalogo_files/i_473_AN8C.webp,https://ok.ru/video/15383567731438,https://ok.ru/videoembed/15383567731438
644,15383567731438,episode,Episodio 11,La Casa Búho - Temporada 1 (Disney) [1080p] [Español],la-casa-buho,La Casa Búho,1,,11,13119,14431,,Disney,Animación,,1080p,Español,false,6:55:27,1312,1090,catalogo_files/i_473_AN8C.webp,https://ok.ru/video/15383567731438,https://ok.ru/videoembed/15383567731438
645,15383567731438,episode,Episodio 12,La Casa Búho - Temporada 1 (Disney) [1080p] [Español],la-casa-buho,La Casa Búho,1,,12,14431,15743,,Disney,Animación,,1080p,Español,false,6:55:27,1312,1090,catalogo_files/i_473_AN8C.webp,https://ok.ru/video/15383567731438,https://ok.ru/videoembed/15383567731438
646,15383567731438,episode,Episodio 13,La Casa Búho - Temporada 1 (Disney) [1080p] [Español],la-casa-buho,La Casa Búho,1,,13,15743,17055,,Disney,Animación,,1080p,Español,false,6:55:27,1312,1090,catalogo_files/i_473_AN8C.webp,https://ok.ru/video/15383567731438,https://ok.ru/videoembed/15383567731438
647,15383567731438,episode,Episodio 14,La Casa Búho - Temporada 1 (Disney) [1080p] [Español],la-casa-buho,La Casa Búho,1,,14,17055,18367,,Disney,Animación,,1080p,Español,false,6:55:27,1312,1090,catalogo_files/i_473_AN8C.webp,https://ok.ru/video/15383567731438,https://ok.ru/videoembed/15383567731438
648,15383567731438,episode,Episodio 15,La Casa Búho - Temporada 1 (Disney) [1080p] [Español],la-casa-buho,La Casa Búho,1,,15,18367,19679,,Disney,Animación,,1080p,Español,false,6:55:27,1312,1090,catalogo_files/i_473_AN8C.webp,https://ok.ru/video/15383567731438,https://ok.ru/videoembed/15383567731438
649,15383567731438,episode,Episodio 16,La Casa Búho - Temporada 1 (Disney) [1080p] [Español],la-casa-buho,La Casa Búho,1,,16,19679,20991,,Disney,Animación,,1080p,Español,false,6:55:27,1312,1090,catalogo_files/i_473_AN8C.webp,https://ok.ru/video/15383567731438,https://ok.ru/videoembed/15383567731438
650,15383567731438,episode,Episodio 17,La Casa Búho - Temporada 1 (Disney) [1080p] [Español],la-casa-buho,La Casa Búho,1,,17,20991,22303,,Disney,Animación,,1080p,Español,false,6:55:27,1312,1090,catalogo_files/i_473_AN8C.webp,https://ok.ru/video/15383567731438,https://ok.ru/videoembed/15383567731438
651,15383567731438,episode,Episodio 18,La Casa Búho - Temporada 1 (Disney) [1080p] [Español],la-casa-buho,La Casa Búho,1,,18,22303,23615,,Disney,Animación,,1080p,Español,false,6:55:27,1312,1090,catalogo_files/i_473_AN8C.webp,https://ok.ru/video/15383567731438,https://ok.ru/videoembed/15383567731438
652,15383567731438,episode,Episodio 19,La Casa Búho - Temporada 1 (Disney) [1080p] [Español],la-casa-buho,La Casa Búho,1,,19,23615,,,Disney,Animación,,1080p,Español,false,6:55:27,1312,1090,catalogo_files/i_473_AN8C.webp,https://ok.ru/video/15383567731438,https://ok.ru/videoembed/15383567731438
653,15402547940078,movie,Bichos: una aventura en miniatura,Bichos: una aventura en miniatura (Pixar) [4K] [Español],,,,,,,,,Pixar,Animación,,4K,Español,false,1:34:54,5694,1537,catalogo_files/i_409_AN8C.webp,https://ok.ru/video/15402547940078,https://ok.ru/videoembed/15402547940078
654,15340587125486,movie,Mini espías 3D: Se Acabó El Juego,Mini espías 3D: Se Acabó El Juego [4K] [Español],,,,,,,,,,Aventura,Infantil,4K,Español,false,1:22:37,4957,1219,catalogo_files/i_372_AN8C.webp,https://ok.ru/video/15340587125486,https://ok.ru/videoembed/15340587125486
655,15400602241774,episode,Episodio 1,"Coraje, el perro cobarde - Temporada 1 (Cartoon N.) [1080p] [Español]",coraje-el-perro-cobarde,"Coraje, el perro cobarde",1,,1,0,1345,,Cartoon N.,Animación,,1080p,Español,false,4:51:19,1345,2172,catalogo_files/i_183_AN8C.webp,https://ok.ru/video/15400602241774,https://ok.ru/videoembed/15400602241774
656,15400602241774,episode,Episodio 2,"Coraje, el perro cobarde - Temporada 1 (Cartoon N.) [1080p] [Español]",coraje-el-perro-cobarde,"Coraje, el perro cobarde",1,,2,1345,2689,,Cartoon N.,Animación,,1080p,Español,false,4:51:19,1344,2172,catalogo_files/i_183_AN8C.webp,https://ok.ru/video/15400602241774,https://ok.ru/videoembed/15400602241774
657,15400602241774,episode,Episodio 3,"Coraje, el perro cobarde - Temporada 1 (Cartoon N.) [1080p] [Español]",coraje-el-perro-cobarde,"Coraje, el perro cobarde",1,,3,2689,4034,,Cartoon N.,Animación,,1080p,Español,false,4:51:19,1345,2172,catalogo_files/i_183_AN8C.webp,https://ok.ru/video/15400602241774,https://ok.ru/videoembed/15400602241774
658,15400602241774,episode,Episodio 4,"Coraje, el perro cobarde - Temporada 1 (Cartoon N.) [1080p] [Español]",coraje-el-perro-cobarde,"Coraje, el perro cobarde",1,,4,4034,5378,,Cartoon N.,Animación,,1080p,Español,false,4:51:19,1344,2172,catalogo_files/i_183_AN8C.webp,https://ok.ru/video/15400602241774,https://ok.ru/videoembed/15400602241774
659,15400602241774,episode,Episodio 5,"Coraje, el perro cobarde - Temporada 1 (Cartoon N.) [1080p] [Español]",coraje-el-perro-cobarde,"Coraje, el perro cobarde",1,,5,5378,6723,,Cartoon N.,Animación,,1080p,Español,false,4:51:19,1345,2172,catalogo_files/i_183_AN8C.webp,https://ok.ru/video/15400602241774,https://ok.ru/videoembed/15400602241774
660,15400602241774,episode,Episodio 6,"Coraje, el perro cobarde - Temporada 1 (Cartoon N.) [1080p] [Español]",coraje-el-perro-cobarde,"Coraje, el perro cobarde",1,,6,6723,8067,,Cartoon N.,Animación,,1080p,Español,false,4:51:19,1344,2172,catalogo_files/i_183_AN8C.webp,https://ok.ru/video/15400602241774,https://ok.ru/videoembed/15400602241774
661,15400602241774,episode,Episodio 7,"Coraje, el perro cobarde - Temporada 1 (Cartoon N.) [1080p] [Español]",coraje-el-perro-cobarde,"Coraje, el perro cobarde",1,,7,8067,9412,,Cartoon N.,Animación,,1080p,Español,false,4:51:19,1345,2172,catalogo_files/i_183_AN8C.webp,https://ok.ru/video/15400602241774,https://ok.ru/videoembed/15400602241774
662,15400602241774,episode,Episodio 8,"Coraje, el perro cobarde - Temporada 1 (Cartoon N.) [1080p] [Español]",coraje-el-perro-cobarde,"Coraje, el perro cobarde",1,,8,9412,10756,,Cartoon N.,Animación,,1080p,Español,false,4:51:19,1344,2172,catalogo_files/i_183_AN8C.webp,https://ok.ru/video/15400602241774,https://ok.ru/videoembed/15400602241774
663,15400602241774,episode,Episodio 9,"Coraje, el perro cobarde - Temporada 1 (Cartoon N.) [1080p] [Español]",coraje-el-perro-cobarde,"Coraje, el perro cobarde",1,,9,10756,12101,,Cartoon N.,Animación,,1080p,Español,false,4:51:19,1345,2172,catalogo_files/i_183_AN8C.webp,https://ok.ru/video/15400602241774,https://ok.ru/videoembed/15400602241774
664,15400602241774,episode,Episodio 10,"Coraje, el perro cobarde - Temporada 1 (Cartoon N.) [1080p] [Español]",coraje-el-perro-cobarde,"Coraje, el perro cobarde",1,,10,12101,13445,,Cartoon N.,Animación,,1080p,Español,false,4:51:19,1344,2172,catalogo_files/i_183_AN8C.webp,https://ok.ru/video/15400602241774,https://ok.ru/videoembed/15400602241774
665,15400602241774,episode,Episodio 11,"Coraje, el perro cobarde - Temporada 1 (Cartoon N.) [1080p] [Español]",coraje-el-perro-cobarde,"Coraje, el perro cobarde",1,,11,13445,14790,,Cartoon N.,Animación,,1080p,Español,false,4:51:19,1345,2172,catalogo_files/i_183_AN8C.webp,https://ok.ru/video/15400602241774,https://ok.ru/videoembed/15400602241774
666,15400602241774,episode,Episodio 12,"Coraje, el perro cobarde - Temporada 1 (Cartoon N.) [1080p] [Español]",coraje-el-perro-cobarde,"Coraje, el perro cobarde",1,,12,14790,16134,,Cartoon N.,Animación,,1080p,Español,false,4:51:19,1344,2172,catalogo_files/i_183_AN8C.webp,https://ok.ru/video/15400602241774,https://ok.ru/videoembed/15400602241774
667,15400602241774,episode,Episodio 13,"Coraje, el perro cobarde - Temporada 1 (Cartoon N.) [1080p] [Español]",coraje-el-perro-cobarde,"Coraje, el perro cobarde",1,,13,16134,,,Cartoon N.,Animación,,1080p,Español,false,4:51:19,1345,2172,catalogo_files/i_183_AN8C.webp,https://ok.ru/video/15400602241774,https://ok.ru/videoembed/15400602241774
668,15394941504238,episode,Episodio 1,Primal - Temporada 1 [1080p] [Español],primal,Primal,1,,1,0,1319,,,Animación,Acción,1080p,Español,false,3:39:49,1319,2004,catalogo_files/i_112_AN8C.webp,https://ok.ru/video/15394941504238,https://ok.ru/videoembed/15394941504238
669,15394941504238,episode,Episodio 2,Primal - Temporada 1 [1080p] [Español],primal,Primal,1,,2,1319,2638,,,Animación,Acción,1080p,Español,false,3:39:49,1319,2004,catalogo_files/i_112_AN8C.webp,https://ok.ru/video/15394941504238,https://ok.ru/videoembed/15394941504238
670,15394941504238,episode,Episodio 3,Primal - Temporada 1 [1080p] [Español],primal,Primal,1,,3,2638,3957,,,Animación,Acción,1080p,Español,false,3:39:49,1319,2004,catalogo_files/i_112_AN8C.webp,https://ok.ru/video/15394941504238,https://ok.ru/videoembed/15394941504238
671,15394941504238,episode,Episodio 4,Primal - Temporada 1 [1080p] [Español],primal,Primal,1,,4,3957,5276,,,Animación,Acción,1080p,Español,false,3:39:49,1319,2004,catalogo_files/i_112_AN8C.webp,https://ok.ru/video/15394941504238,https://ok.ru/videoembed/15394941504238
672,15394941504238,episode,Episodio 5,Primal - Temporada 1 [1080p] [Español],primal,Primal,1,,5,5276,6594,,,Animación,Acción,1080p,Español,false,3:39:49,1318,2004,catalogo_files/i_112_AN8C.webp,https://ok.ru/video/15394941504238,https://ok.ru/videoembed/15394941504238
673,15394941504238,episode,Episodio 6,Primal - Temporada 1 [1080p] [Español],primal,Primal,1,,6,6594,7913,,,Animación,Acción,1080p,Español,false,3:39:49,1319,2004,catalogo_files/i_112_AN8C.webp,https://ok.ru/video/15394941504238,https://ok.ru/videoembed/15394941504238
674,15394941504238,episode,Episodio 7,Primal - Temporada 1 [1080p] [Español],primal,Primal,1,,7,7913,9232,,,Animación,Acción,1080p,Español,false,3:39:49,1319,2004,catalogo_files/i_112_AN8C.webp,https://ok.ru/video/15394941504238,https://ok.ru/videoembed/15394941504238
675,15394941504238,episode,Episodio 8,Primal - Temporada 1 [1080p] [Español],primal,Primal,1,,8,9232,10551,,,Animación,Acción,1080p,Español,false,3:39:49,1319,2004,catalogo_files/i_112_AN8C.webp,https://ok.ru/video/15394941504238,https://ok.ru/videoembed/15394941504238
676,15394941504238,episode,Episodio 9,Primal - Temporada 1 [1080p] [Español],primal,Primal,1,,9,10551,11870,,,Animación,Acción,1080p,Español,false,3:39:49,1319,2004,catalogo_files/i_112_AN8C.webp,https://ok.ru/video/15394941504238,https://ok.ru/videoembed/15394941504238
677,15394941504238,episode,Episodio 10,Primal - Temporada 1 [1080p] [Español],primal,Primal,1,,10,11870,,,,Animación,Acción,1080p,Español,false,3:39:49,1319,2004,catalogo_files/i_112_AN8C.webp,https://ok.ru/video/15394941504238,https://ok.ru/videoembed/15394941504238
678,15385316035310,episode,Episodio 1,Rick y Morty - Temporada 1 (Adult Swim) [1080p] [Español],rick-y-morty,Rick y Morty,1,,1,0,1318,,Adult Swim,Animación,,1080p,Español,false,4:01:36,1318,2211,catalogo_files/i_041_AN8C.webp,https://ok.ru/video/15385316035310,https://ok.ru/videoembed/15385316035310
679,15385316035310,episode,Episodio 2,Rick y Morty - Temporada 1 (Adult Swim) [1080p] [Español],rick-y-morty,Rick y Morty,1,,2,1318,2636,,Adult Swim,Animación,,1080p,Español,false,4:01:36,1318,2211,catalogo_files/i_041_AN8C.webp,https://ok.ru/video/15385316035310,https://ok.ru/videoembed/15385316035310
680,15385316035310,episode,Episodio 3,Rick y Morty - Temporada 1 (Adult Swim) [1080p] [Español],rick-y-morty,Rick y Morty,1,,3,2636,3953,,Adult Swim,Animación,,1080p,Español,false,4:01:36,1317,2211,catalogo_files/i_041_AN8C.webp,https://ok.ru/video/15385316035310,https://ok.ru/videoembed/15385316035310
681,15385316035310,episode,Episodio 4,Rick y Morty - Temporada 1 (Adult Swim) [1080p] [Español],rick-y-morty,Rick y Morty,1,,4,3953,5271,,Adult Swim,Animación,,1080p,Español,false,4:01:36,1318,2211,catalogo_files/i_041_AN8C.webp,https://ok.ru/video/15385316035310,https://ok.ru/videoembed/15385316035310
682,15385316035310,episode,Episodio 5,Rick y Morty - Temporada 1 (Adult Swim) [1080p] [Español],rick-y-morty,Rick y Morty,1,,5,5271,6589,,Adult Swim,Animación,,1080p,Español,false,4:01:36,1318,2211,catalogo_files/i_041_AN8C.webp,https://ok.ru/video/15385316035310,https://ok.ru/videoembed/15385316035310
683,15385316035310,episode,Episodio 6,Rick y Morty - Temporada 1 (Adult Swim) [1080p] [Español],rick-y-morty,Rick y Morty,1,,6,6589,7907,,Adult Swim,Animación,,1080p,Español,false,4:01:36,1318,2211,catalogo_files/i_041_AN8C.webp,https://ok.ru/video/15385316035310,https://ok.ru/videoembed/15385316035310
684,15385316035310,episode,Episodio 7,Rick y Morty - Temporada 1 (Adult Swim) [1080p] [Español],rick-y-morty,Rick y Morty,1,,7,7907,9225,,Adult Swim,Animación,,1080p,Español,false,4:01:36,1318,2211,catalogo_files/i_041_AN8C.webp,https://ok.ru/video/15385316035310,https://ok.ru/videoembed/15385316035310
685,15385316035310,episode,Episodio 8,Rick y Morty - Temporada 1 (Adult Swim) [1080p] [Español],rick-y-morty,Rick y Morty,1,,8,9225,10543,,Adult Swim,Animación,,1080p,Español,false,4:01:36,1318,2211,catalogo_files/i_041_AN8C.webp,https://ok.ru/video/15385316035310,https://ok.ru/videoembed/15385316035310
686,15385316035310,episode,Episodio 9,Rick y Morty - Temporada 1 (Adult Swim) [1080p] [Español],rick-y-morty,Rick y Morty,1,,9,10543,11860,,Adult Swim,Animación,,1080p,Español,false,4:01:36,1317,2211,catalogo_files/i_041_AN8C.webp,https://ok.ru/video/15385316035310,https://ok.ru/videoembed/15385316035310
687,15385316035310,episode,Episodio 10,Rick y Morty - Temporada 1 (Adult Swim) [1080p] [Español],rick-y-morty,Rick y Morty,1,,10,11860,13178,,Adult Swim,Animación,,1080p,Español,false,4:01:36,1318,2211,catalogo_files/i_041_AN8C.webp,https://ok.ru/video/15385316035310,https://ok.ru/videoembed/15385316035310
688,15385316035310,episode,Episodio 11,Rick y Morty - Temporada 1 (Adult Swim) [1080p] [Español],rick-y-morty,Rick y Morty,1,,11,13178,,,Adult Swim,Animación,,1080p,Español,false,4:01:36,1318,2211,catalogo_files/i_041_AN8C.webp,https://ok.ru/video/15385316035310,https://ok.ru/videoembed/15385316035310
689,15375329725166,episode,Episodio 1,Padre de familia - Temporada 1 (20th Television) [1080p] [Español],padre-de-familia,Padre de familia,1,,1,0,1346,,20th Television,Animación,Comedia,1080p,Español,false,2:37:01,1346,1648,catalogo_files/i_490_AN8C.webp,https://ok.ru/video/15375329725166,https://ok.ru/videoembed/15375329725166
690,15375329725166,episode,Episodio 2,Padre de familia - Temporada 1 (20th Television) [1080p] [Español],padre-de-familia,Padre de familia,1,,2,1346,2692,,20th Television,Animación,Comedia,1080p,Español,false,2:37:01,1346,1648,catalogo_files/i_490_AN8C.webp,https://ok.ru/video/15375329725166,https://ok.ru/videoembed/15375329725166
691,15375329725166,episode,Episodio 3,Padre de familia - Temporada 1 (20th Television) [1080p] [Español],padre-de-familia,Padre de familia,1,,3,2692,4038,,20th Television,Animación,Comedia,1080p,Español,false,2:37:01,1346,1648,catalogo_files/i_490_AN8C.webp,https://ok.ru/video/15375329725166,https://ok.ru/videoembed/15375329725166
692,15375329725166,episode,Episodio 4,Padre de familia - Temporada 1 (20th Television) [1080p] [Español],padre-de-familia,Padre de familia,1,,4,4038,5383,,20th Television,Animación,Comedia,1080p,Español,false,2:37:01,1345,1648,catalogo_files/i_490_AN8C.webp,https://ok.ru/video/15375329725166,https://ok.ru/videoembed/15375329725166
693,15375329725166,episode,Episodio 5,Padre de familia - Temporada 1 (20th Television) [1080p] [Español],padre-de-familia,Padre de familia,1,,5,5383,6729,,20th Television,Animación,Comedia,1080p,Español,false,2:37:01,1346,1648,catalogo_files/i_490_AN8C.webp,https://ok.ru/video/15375329725166,https://ok.ru/videoembed/15375329725166
694,15375329725166,episode,Episodio 6,Padre de familia - Temporada 1 (20th Television) [1080p] [Español],padre-de-familia,Padre de familia,1,,6,6729,8075,,20th Television,Animación,Comedia,1080p,Español,false,2:37:01,1346,1648,catalogo_files/i_490_AN8C.webp,https://ok.ru/video/15375329725166,https://ok.ru/videoembed/15375329725166
695,15375329725166,episode,Episodio 7,Padre de familia - Temporada 1 (20th Television) [1080p] [Español],padre-de-familia,Padre de familia,1,,7,8075,,,20th Television,Animación,Comedia,1080p,Español,false,2:37:01,1346,1648,catalogo_files/i_490_AN8C.webp,https://ok.ru/video/15375329725166,https://ok.ru/videoembed/15375329725166
696,15374595394286,episode,Episodio 1,Los Simpsons - Temporada 1 (20th Television) [1080p] [Español],los-simpsons,Los Simpsons,1,,1,0,1253,,20th Television,Animación,Comedia,1080p,Español,false,4:31:27,1253,2634,catalogo_files/i_499_AN8C.webp,https://ok.ru/video/15374595394286,https://ok.ru/videoembed/15374595394286
697,15374595394286,episode,Episodio 2,Los Simpsons - Temporada 1 (20th Television) [1080p] [Español],los-simpsons,Los Simpsons,1,,2,1253,2506,,20th Television,Animación,Comedia,1080p,Español,false,4:31:27,1253,2634,catalogo_files/i_499_AN8C.webp,https://ok.ru/video/15374595394286,https://ok.ru/videoembed/15374595394286
698,15374595394286,episode,Episodio 3,Los Simpsons - Temporada 1 (20th Television) [1080p] [Español],los-simpsons,Los Simpsons,1,,3,2506,3759,,20th Television,Animación,Comedia,1080p,Español,false,4:31:27,1253,2634,catalogo_files/i_499_AN8C.webp,https://ok.ru/video/15374595394286,https://ok.ru/videoembed/15374595394286
699,15374595394286,episode,Episodio 4,Los Simpsons - Temporada 1 (20th Television) [1080p] [Español],los-simpsons,Los Simpsons,1,,4,3759,5011,,20th Television,Animación,Comedia,1080p,Español,false,4:31:27,1252,2634,catalogo_files/i_499_AN8C.webp,https://ok.ru/video/15374595394286,https://ok.ru/videoembed/15374595394286
700,15374595394286,episode,Episodio 5,Los Simpsons - Temporada 1 (20th Television) [1080p] [Español],los-simpsons,Los Simpsons,1,,5,5011,6264,,20th Television,Animación,Comedia,1080p,Español,false,4:31:27,1253,2634,catalogo_files/i_499_AN8C.webp,https://ok.ru/video/15374595394286,https://ok.ru/videoembed/15374595394286
701,15374595394286,episode,Episodio 6,Los Simpsons - Temporada 1 (20th Television) [1080p] [Español],los-simpsons,Los Simpsons,1,,6,6264,7517,,20th Television,Animación,Comedia,1080p,Español,false,4:31:27,1253,2634,catalogo_files/i_499_AN8C.webp,https://ok.ru/video/15374595394286,https://ok.ru/videoembed/15374595394286
702,15374595394286,episode,Episodio 7,Los Simpsons - Temporada 1 (20th Television) [1080p] [Español],los-simpsons,Los Simpsons,1,,7,7517,8770,,20th Television,Animación,Comedia,1080p,Español,false,4:31:27,1253,2634,catalogo_files/i_499_AN8C.webp,https://ok.ru/video/15374595394286,https://ok.ru/videoembed/15374595394286
703,15374595394286,episode,Episodio 8,Los Simpsons - Temporada 1 (20th Television) [1080p] [Español],los-simpsons,Los Simpsons,1,,8,8770,10023,,20th Television,Animación,Comedia,1080p,Español,false,4:31:27,1253,2634,catalogo_files/i_499_AN8C.webp,https://ok.ru/video/15374595394286,https://ok.ru/videoembed/15374595394286
704,15374595394286,episode,Episodio 9,Los Simpsons - Temporada 1 (20th Television) [1080p] [Español],los-simpsons,Los Simpsons,1,,9,10023,11276,,20th Television,Animación,Comedia,1080p,Español,false,4:31:27,1253,2634,catalogo_files/i_499_AN8C.webp,https://ok.ru/video/15374595394286,https://ok.ru/videoembed/15374595394286
705,15374595394286,episode,Episodio 10,Los Simpsons - Temporada 1 (20th Television) [1080p] [Español],los-simpsons,Los Simpsons,1,,10,11276,12528,,20th Television,Animación,Comedia,1080p,Español,false,4:31:27,1252,2634,catalogo_files/i_499_AN8C.webp,https://ok.ru/video/15374595394286,https://ok.ru/videoembed/15374595394286
706,15374595394286,episode,Episodio 11,Los Simpsons - Temporada 1 (20th Television) [1080p] [Español],los-simpsons,Los Simpsons,1,,11,12528,13781,,20th Television,Animación,Comedia,1080p,Español,false,4:31:27,1253,2634,catalogo_files/i_499_AN8C.webp,https://ok.ru/video/15374595394286,https://ok.ru/videoembed/15374595394286
707,15374595394286,episode,Episodio 12,Los Simpsons - Temporada 1 (20th Television) [1080p] [Español],los-simpsons,Los Simpsons,1,,12,13781,15034,,20th Television,Animación,Comedia,1080p,Español,false,4:31:27,1253,2634,catalogo_files/i_499_AN8C.webp,https://ok.ru/video/15374595394286,https://ok.ru/videoembed/15374595394286
708,15374595394286,episode,Episodio 13,Los Simpsons - Temporada 1 (20th Television) [1080p] [Español],los-simpsons,Los Simpsons,1,,13,15034,,,20th Television,Animación,Comedia,1080p,Español,false,4:31:27,1253,2634,catalogo_files/i_499_AN8C.webp,https://ok.ru/video/15374595394286,https://ok.ru/videoembed/15374595394286
709,15374451346158,episode,Episodio 1,South Park - Temporada 1 (Comedy C.) [1080p] [Español],south-park,South Park,1,,1,0,1325,,Comedy C.,Animación,Comedia,1080p,Español,false,4:47:04,1325,1873,catalogo_files/i_002_AN8C.webp,https://ok.ru/video/15374451346158,https://ok.ru/videoembed/15374451346158
710,15374451346158,episode,Episodio 2,South Park - Temporada 1 (Comedy C.) [1080p] [Español],south-park,South Park,1,,2,1325,2650,,Comedy C.,Animación,Comedia,1080p,Español,false,4:47:04,1325,1873,catalogo_files/i_002_AN8C.webp,https://ok.ru/video/15374451346158,https://ok.ru/videoembed/15374451346158
711,15374451346158,episode,Episodio 3,South Park - Temporada 1 (Comedy C.) [1080p] [Español],south-park,South Park,1,,3,2650,3975,,Comedy C.,Animación,Comedia,1080p,Español,false,4:47:04,1325,1873,catalogo_files/i_002_AN8C.webp,https://ok.ru/video/15374451346158,https://ok.ru/videoembed/15374451346158
712,15374451346158,episode,Episodio 4,South Park - Temporada 1 (Comedy C.) [1080p] [Español],south-park,South Park,1,,4,3975,5300,,Comedy C.,Animación,Comedia,1080p,Español,false,4:47:04,1325,1873,catalogo_files/i_002_AN8C.webp,https://ok.ru/video/15374451346158,https://ok.ru/videoembed/15374451346158
713,15374451346158,episode,Episodio 5,South Park - Temporada 1 (Comedy C.) [1080p] [Español],south-park,South Park,1,,5,5300,6625,,Comedy C.,Animación,Comedia,1080p,Español,false,4:47:04,1325,1873,catalogo_files/i_002_AN8C.webp,https://ok.ru/video/15374451346158,https://ok.ru/videoembed/15374451346158
714,15374451346158,episode,Episodio 6,South Park - Temporada 1 (Comedy C.) [1080p] [Español],south-park,South Park,1,,6,6625,7950,,Comedy C.,Animación,Comedia,1080p,Español,false,4:47:04,1325,1873,catalogo_files/i_002_AN8C.webp,https://ok.ru/video/15374451346158,https://ok.ru/videoembed/15374451346158
715,15374451346158,episode,Episodio 7,South Park - Temporada 1 (Comedy C.) [1080p] [Español],south-park,South Park,1,,7,7950,9274,,Comedy C.,Animación,Comedia,1080p,Español,false,4:47:04,1324,1873,catalogo_files/i_002_AN8C.webp,https://ok.ru/video/15374451346158,https://ok.ru/videoembed/15374451346158
716,15374451346158,episode,Episodio 8,South Park - Temporada 1 (Comedy C.) [1080p] [Español],south-park,South Park,1,,8,9274,10599,,Comedy C.,Animación,Comedia,1080p,Español,false,4:47:04,1325,1873,catalogo_files/i_002_AN8C.webp,https://ok.ru/video/15374451346158,https://ok.ru/videoembed/15374451346158
717,15374451346158,episode,Episodio 9,South Park - Temporada 1 (Comedy C.) [1080p] [Español],south-park,South Park,1,,9,10599,11924,,Comedy C.,Animación,Comedia,1080p,Español,false,4:47:04,1325,1873,catalogo_files/i_002_AN8C.webp,https://ok.ru/video/15374451346158,https://ok.ru/videoembed/15374451346158
718,15374451346158,episode,Episodio 10,South Park - Temporada 1 (Comedy C.) [1080p] [Español],south-park,South Park,1,,10,11924,13249,,Comedy C.,Animación,Comedia,1080p,Español,false,4:47:04,1325,1873,catalogo_files/i_002_AN8C.webp,https://ok.ru/video/15374451346158,https://ok.ru/videoembed/15374451346158
719,15374451346158,episode,Episodio 11,South Park - Temporada 1 (Comedy C.) [1080p] [Español],south-park,South Park,1,,11,13249,14574,,Comedy C.,Animación,Comedia,1080p,Español,false,4:47:04,1325,1873,catalogo_files/i_002_AN8C.webp,https://ok.ru/video/15374451346158,https://ok.ru/videoembed/15374451346158
720,15374451346158,episode,Episodio 12,South Park - Temporada 1 (Comedy C.) [1080p] [Español],south-park,South Park,1,,12,14574,15899,,Comedy C.,Animación,Comedia,1080p,Español,false,4:47:04,1325,1873,catalogo_files/i_002_AN8C.webp,https://ok.ru/video/15374451346158,https://ok.ru/videoembed/15374451346158
721,15374451346158,episode,Episodio 13,South Park - Temporada 1 (Comedy C.) [1080p] [Español],south-park,South Park,1,,13,15899,,,Comedy C.,Animación,Comedia,1080p,Español,false,4:47:04,1325,1873,catalogo_files/i_002_AN8C.webp,https://ok.ru/video/15374451346158,https://ok.ru/videoembed/15374451346158
722,15363244952302,episode,Episodio 1,Las Chicas Superpoderosas - Temporada 1 (Cartoon N.) [1080p] [Español],las-chicas-superpoderosas,Las Chicas Superpoderosas,1,,1,0,1341,,Cartoon N.,Animación,,1080p,Español,false,4:50:33,1341,1837,catalogo_files/i_459_AN8C.webp,https://ok.ru/video/15363244952302,https://ok.ru/videoembed/15363244952302
723,15363244952302,episode,Episodio 2,Las Chicas Superpoderosas - Temporada 1 (Cartoon N.) [1080p] [Español],las-chicas-superpoderosas,Las Chicas Superpoderosas,1,,2,1341,2682,,Cartoon N.,Animación,,1080p,Español,false,4:50:33,1341,1837,catalogo_files/i_459_AN8C.webp,https://ok.ru/video/15363244952302,https://ok.ru/videoembed/15363244952302
724,15363244952302,episode,Episodio 3,Las Chicas Superpoderosas - Temporada 1 (Cartoon N.) [1080p] [Español],las-chicas-superpoderosas,Las Chicas Superpoderosas,1,,3,2682,4023,,Cartoon N.,Animación,,1080p,Español,false,4:50:33,1341,1837,catalogo_files/i_459_AN8C.webp,https://ok.ru/video/15363244952302,https://ok.ru/videoembed/15363244952302
725,15363244952302,episode,Episodio 4,Las Chicas Superpoderosas - Temporada 1 (Cartoon N.) [1080p] [Español],las-chicas-superpoderosas,Las Chicas Superpoderosas,1,,4,4023,5364,,Cartoon N.,Animación,,1080p,Español,false,4:50:33,1341,1837,catalogo_files/i_459_AN8C.webp,https://ok.ru/video/15363244952302,https://ok.ru/videoembed/15363244952302
726,15363244952302,episode,Episodio 5,Las Chicas Superpoderosas - Temporada 1 (Cartoon N.) [1080p] [Español],las-chicas-superpoderosas,Las Chicas Superpoderosas,1,,5,5364,6705,,Cartoon N.,Animación,,1080p,Español,false,4:50:33,1341,1837,catalogo_files/i_459_AN8C.webp,https://ok.ru/video/15363244952302,https://ok.ru/videoembed/15363244952302
727,15363244952302,episode,Episodio 6,Las Chicas Superpoderosas - Temporada 1 (Cartoon N.) [1080p] [Español],las-chicas-superpoderosas,Las Chicas Superpoderosas,1,,6,6705,8046,,Cartoon N.,Animación,,1080p,Español,false,4:50:33,1341,1837,catalogo_files/i_459_AN8C.webp,https://ok.ru/video/15363244952302,https://ok.ru/videoembed/15363244952302
728,15363244952302,episode,Episodio 7,Las Chicas Superpoderosas - Temporada 1 (Cartoon N.) [1080p] [Español],las-chicas-superpoderosas,Las Chicas Superpoderosas,1,,7,8046,9387,,Cartoon N.,Animación,,1080p,Español,false,4:50:33,1341,1837,catalogo_files/i_459_AN8C.webp,https://ok.ru/video/15363244952302,https://ok.ru/videoembed/15363244952302
729,15363244952302,episode,Episodio 8,Las Chicas Superpoderosas - Temporada 1 (Cartoon N.) [1080p] [Español],las-chicas-superpoderosas,Las Chicas Superpoderosas,1,,8,9387,10728,,Cartoon N.,Animación,,1080p,Español,false,4:50:33,1341,1837,catalogo_files/i_459_AN8C.webp,https://ok.ru/video/15363244952302,https://ok.ru/videoembed/15363244952302
730,15363244952302,episode,Episodio 9,Las Chicas Superpoderosas - Temporada 1 (Cartoon N.) [1080p] [Español],las-chicas-superpoderosas,Las Chicas Superpoderosas,1,,9,10728,12069,,Cartoon N.,Animación,,1080p,Español,false,4:50:33,1341,1837,catalogo_files/i_459_AN8C.webp,https://ok.ru/video/15363244952302,https://ok.ru/videoembed/15363244952302
731,15363244952302,episode,Episodio 10,Las Chicas Superpoderosas - Temporada 1 (Cartoon N.) [1080p] [Español],las-chicas-superpoderosas,Las Chicas Superpoderosas,1,,10,12069,13410,,Cartoon N.,Animación,,1080p,Español,false,4:50:33,1341,1837,catalogo_files/i_459_AN8C.webp,https://ok.ru/video/15363244952302,https://ok.ru/videoembed/15363244952302
732,15363244952302,episode,Episodio 11,Las Chicas Superpoderosas - Temporada 1 (Cartoon N.) [1080p] [Español],las-chicas-superpoderosas,Las Chicas Superpoderosas,1,,11,13410,14751,,Cartoon N.,Animación,,1080p,Español,false,4:50:33,1341,1837,catalogo_files/i_459_AN8C.webp,https://ok.ru/video/15363244952302,https://ok.ru/videoembed/15363244952302
733,15363244952302,episode,Episodio 12,Las Chicas Superpoderosas - Temporada 1 (Cartoon N.) [1080p] [Español],las-chicas-superpoderosas,Las Chicas Superpoderosas,1,,12,14751,16092,,Cartoon N.,Animación,,1080p,Español,false,4:50:33,1341,1837,catalogo_files/i_459_AN8C.webp,https://ok.ru/video/15363244952302,https://ok.ru/videoembed/15363244952302
734,15363244952302,episode,Episodio 13,Las Chicas Superpoderosas - Temporada 1 (Cartoon N.) [1080p] [Español],las-chicas-superpoderosas,Las Chicas Superpoderosas,1,,13,16092,,,Cartoon N.,Animación,,1080p,Español,false,4:50:33,1341,1837,catalogo_files/i_459_AN8C.webp,https://ok.ru/video/15363244952302,https://ok.ru/videoembed/15363244952302
735,15363092056814,episode,Episodio 1,Futurama - Temporada 1 (20th Television) [1080p] [Español],futurama,Futurama,1,,1,0,1284,,20th Television,Animación,Ciencia Ficción,1080p,Español,false,4:38:14,1284,2206,catalogo_files/i_493_AN8C.webp,https://ok.ru/video/15363092056814,https://ok.ru/videoembed/15363092056814
736,15363092056814,episode,Episodio 2,Futurama - Temporada 1 (20th Television) [1080p] [Español],futurama,Futurama,1,,2,1284,2568,,20th Television,Animación,Ciencia Ficción,1080p,Español,false,4:38:14,1284,2206,catalogo_files/i_493_AN8C.webp,https://ok.ru/video/15363092056814,https://ok.ru/videoembed/15363092056814
737,15363092056814,episode,Episodio 3,Futurama - Temporada 1 (20th Television) [1080p] [Español],futurama,Futurama,1,,3,2568,3852,,20th Television,Animación,Ciencia Ficción,1080p,Español,false,4:38:14,1284,2206,catalogo_files/i_493_AN8C.webp,https://ok.ru/video/15363092056814,https://ok.ru/videoembed/15363092056814
738,15363092056814,episode,Episodio 4,Futurama - Temporada 1 (20th Television) [1080p] [Español],futurama,Futurama,1,,4,3852,5137,,20th Television,Animación,Ciencia Ficción,1080p,Español,false,4:38:14,1285,2206,catalogo_files/i_493_AN8C.webp,https://ok.ru/video/15363092056814,https://ok.ru/videoembed/15363092056814
739,15363092056814,episode,Episodio 5,Futurama - Temporada 1 (20th Television) [1080p] [Español],futurama,Futurama,1,,5,5137,6421,,20th Television,Animación,Ciencia Ficción,1080p,Español,false,4:38:14,1284,2206,catalogo_files/i_493_AN8C.webp,https://ok.ru/video/15363092056814,https://ok.ru/videoembed/15363092056814
740,15363092056814,episode,Episodio 6,Futurama - Temporada 1 (20th Television) [1080p] [Español],futurama,Futurama,1,,6,6421,7705,,20th Television,Animación,Ciencia Ficción,1080p,Español,false,4:38:14,1284,2206,catalogo_files/i_493_AN8C.webp,https://ok.ru/video/15363092056814,https://ok.ru/videoembed/15363092056814
741,15363092056814,episode,Episodio 7,Futurama - Temporada 1 (20th Television) [1080p] [Español],futurama,Futurama,1,,7,7705,8989,,20th Television,Animación,Ciencia Ficción,1080p,Español,false,4:38:14,1284,2206,catalogo_files/i_493_AN8C.webp,https://ok.ru/video/15363092056814,https://ok.ru/videoembed/15363092056814
742,15363092056814,episode,Episodio 8,Futurama - Temporada 1 (20th Television) [1080p] [Español],futurama,Futurama,1,,8,8989,10273,,20th Television,Animación,Ciencia Ficción,1080p,Español,false,4:38:14,1284,2206,catalogo_files/i_493_AN8C.webp,https://ok.ru/video/15363092056814,https://ok.ru/videoembed/15363092056814
743,15363092056814,episode,Episodio 9,Futurama - Temporada 1 (20th Television) [1080p] [Español],futurama,Futurama,1,,9,10273,11557,,20th Television,Animación,Ciencia Ficción,1080p,Español,false,4:38:14,1284,2206,catalogo_files/i_493_AN8C.webp,https://ok.ru/video/15363092056814,https://ok.ru/videoembed/15363092056814
744,15363092056814,episode,Episodio 10,Futurama - Temporada 1 (20th Television) [1080p] [Español],futurama,Futurama,1,,10,11557,12842,,20th Television,Animación,Ciencia Ficción,1080p,Español,false,4:38:14,1285,2206,catalogo_files/i_493_AN8C.webp,https://ok.ru/video/15363092056814,https://ok.ru/videoembed/15363092056814
745,15363092056814,episode,Episodio 11,Futurama - Temporada 1 (20th Television) [1080p] [Español],futurama,Futurama,1,,11,12842,14126,,20th Television,Animación,Ciencia Ficción,1080p,Español,false,4:38:14,1284,2206,catalogo_files/i_493_AN8C.webp,https://ok.ru/video/15363092056814,https://ok.ru/videoembed/15363092056814
746,15363092056814,episode,Episodio 12,Futurama - Temporada 1 (20th Television) [1080p] [Español],futurama,Futurama,1,,12,14126,15410,,20th Television,Animación,Ciencia Ficción,1080p,Español,false,4:38:14,1284,2206,catalogo_files/i_493_AN8C.webp,https://ok.ru/video/15363092056814,https://ok.ru/videoembed/15363092056814
747,15363092056814,episode,Episodio 13,Futurama - Temporada 1 (20th Television) [1080p] [Español],futurama,Futurama,1,,13,15410,,,20th Television,Animación,Ciencia Ficción,1080p,Español,false,4:38:14,1284,2206,catalogo_files/i_493_AN8C.webp,https://ok.ru/video/15363092056814,https://ok.ru/videoembed/15363092056814
748,15362912094958,episode,Episodio 1,Los jóvenes titanes - Temporada 1 [DC] [1080p] [Español],los-jovenes-titanes,Los jóvenes titanes,1,,1,0,1286,,DC,Superhéroes,Acción,1080p,Español,false,4:38:33,1286,1937,catalogo_files/i_357_AN8C.webp,https://ok.ru/video/15362912094958,https://ok.ru/videoembed/15362912094958
749,15362912094958,episode,Episodio 2,Los jóvenes titanes - Temporada 1 [DC] [1080p] [Español],los-jovenes-titanes,Los jóvenes titanes,1,,2,1286,2571,,DC,Superhéroes,Acción,1080p,Español,false,4:38:33,1285,1937,catalogo_files/i_357_AN8C.webp,https://ok.ru/video/15362912094958,https://ok.ru/videoembed/15362912094958
750,15362912094958,episode,Episodio 3,Los jóvenes titanes - Temporada 1 [DC] [1080p] [Español],los-jovenes-titanes,Los jóvenes titanes,1,,3,2571,3857,,DC,Superhéroes,Acción,1080p,Español,false,4:38:33,1286,1937,catalogo_files/i_357_AN8C.webp,https://ok.ru/video/15362912094958,https://ok.ru/videoembed/15362912094958
751,15362912094958,episode,Episodio 4,Los jóvenes titanes - Temporada 1 [DC] [1080p] [Español],los-jovenes-titanes,Los jóvenes titanes,1,,4,3857,5142,,DC,Superhéroes,Acción,1080p,Español,false,4:38:33,1285,1937,catalogo_files/i_357_AN8C.webp,https://ok.ru/video/15362912094958,https://ok.ru/videoembed/15362912094958
752,15362912094958,episode,Episodio 5,Los jóvenes titanes - Temporada 1 [DC] [1080p] [Español],los-jovenes-titanes,Los jóvenes titanes,1,,5,5142,6428,,DC,Superhéroes,Acción,1080p,Español,false,4:38:33,1286,1937,catalogo_files/i_357_AN8C.webp,https://ok.ru/video/15362912094958,https://ok.ru/videoembed/15362912094958
753,15362912094958,episode,Episodio 6,Los jóvenes titanes - Temporada 1 [DC] [1080p] [Español],los-jovenes-titanes,Los jóvenes titanes,1,,6,6428,7714,,DC,Superhéroes,Acción,1080p,Español,false,4:38:33,1286,1937,catalogo_files/i_357_AN8C.webp,https://ok.ru/video/15362912094958,https://ok.ru/videoembed/15362912094958
754,15362912094958,episode,Episodio 7,Los jóvenes titanes - Temporada 1 [DC] [1080p] [Español],los-jovenes-titanes,Los jóvenes titanes,1,,7,7714,8999,,DC,Superhéroes,Acción,1080p,Español,false,4:38:33,1285,1937,catalogo_files/i_357_AN8C.webp,https://ok.ru/video/15362912094958,https://ok.ru/videoembed/15362912094958
755,15362912094958,episode,Episodio 8,Los jóvenes titanes - Temporada 1 [DC] [1080p] [Español],los-jovenes-titanes,Los jóvenes titanes,1,,8,8999,10285,,DC,Superhéroes,Acción,1080p,Español,false,4:38:33,1286,1937,catalogo_files/i_357_AN8C.webp,https://ok.ru/video/15362912094958,https://ok.ru/videoembed/15362912094958
756,15362912094958,episode,Episodio 9,Los jóvenes titanes - Temporada 1 [DC] [1080p] [Español],los-jovenes-titanes,Los jóvenes titanes,1,,9,10285,11571,,DC,Superhéroes,Acción,1080p,Español,false,4:38:33,1286,1937,catalogo_files/i_357_AN8C.webp,https://ok.ru/video/15362912094958,https://ok.ru/videoembed/15362912094958
757,15362912094958,episode,Episodio 10,Los jóvenes titanes - Temporada 1 [DC] [1080p] [Español],los-jovenes-titanes,Los jóvenes titanes,1,,10,11571,12856,,DC,Superhéroes,Acción,1080p,Español,false,4:38:33,1285,1937,catalogo_files/i_357_AN8C.webp,https://ok.ru/video/15362912094958,https://ok.ru/videoembed/15362912094958
758,15362912094958,episode,Episodio 11,Los jóvenes titanes - Temporada 1 [DC] [1080p] [Español],los-jovenes-titanes,Los jóvenes titanes,1,,11,12856,14142,,DC,Superhéroes,Acción,1080p,Español,false,4:38:33,1286,1937,catalogo_files/i_357_AN8C.webp,https://ok.ru/video/15362912094958,https://ok.ru/videoembed/15362912094958
759,15362912094958,episode,Episodio 12,Los jóvenes titanes - Temporada 1 [DC] [1080p] [Español],los-jovenes-titanes,Los jóvenes titanes,1,,12,14142,15427,,DC,Superhéroes,Acción,1080p,Español,false,4:38:33,1285,1937,catalogo_files/i_357_AN8C.webp,https://ok.ru/video/15362912094958,https://ok.ru/videoembed/15362912094958
760,15362912094958,episode,Episodio 13,Los jóvenes titanes - Temporada 1 [DC] [1080p] [Español],los-jovenes-titanes,Los jóvenes titanes,1,,13,15427,,,DC,Superhéroes,Acción,1080p,Español,false,4:38:33,1286,1937,catalogo_files/i_357_AN8C.webp,https://ok.ru/video/15362912094958,https://ok.ru/videoembed/15362912094958
761,15360358681326,episode,Episodio 1,Phineas y Ferb - Temporada 1 (Disney) [1080p] [Español],phineas-y-ferb,Phineas y Ferb,1,,1,0,1339,,Disney,Animación,,1080p,Español,false,9:40:24,1339,2049,catalogo_files/i_518_AN8C.webp,https://ok.ru/video/15360358681326,https://ok.ru/videoembed/15360358681326
762,15360358681326,episode,Episodio 2,Phineas y Ferb - Temporada 1 (Disney) [1080p] [Español],phineas-y-ferb,Phineas y Ferb,1,,2,1339,2679,,Disney,Animación,,1080p,Español,false,9:40:24,1340,2049,catalogo_files/i_518_AN8C.webp,https://ok.ru/video/15360358681326,https://ok.ru/videoembed/15360358681326
763,15360358681326,episode,Episodio 3,Phineas y Ferb - Temporada 1 (Disney) [1080p] [Español],phineas-y-ferb,Phineas y Ferb,1,,3,2679,4018,,Disney,Animación,,1080p,Español,false,9:40:24,1339,2049,catalogo_files/i_518_AN8C.webp,https://ok.ru/video/15360358681326,https://ok.ru/videoembed/15360358681326
764,15360358681326,episode,Episodio 4,Phineas y Ferb - Temporada 1 (Disney) [1080p] [Español],phineas-y-ferb,Phineas y Ferb,1,,4,4018,5358,,Disney,Animación,,1080p,Español,false,9:40:24,1340,2049,catalogo_files/i_518_AN8C.webp,https://ok.ru/video/15360358681326,https://ok.ru/videoembed/15360358681326
765,15360358681326,episode,Episodio 5,Phineas y Ferb - Temporada 1 (Disney) [1080p] [Español],phineas-y-ferb,Phineas y Ferb,1,,5,5358,6697,,Disney,Animación,,1080p,Español,false,9:40:24,1339,2049,catalogo_files/i_518_AN8C.webp,https://ok.ru/video/15360358681326,https://ok.ru/videoembed/15360358681326
766,15360358681326,episode,Episodio 6,Phineas y Ferb - Temporada 1 (Disney) [1080p] [Español],phineas-y-ferb,Phineas y Ferb,1,,6,6697,8036,,Disney,Animación,,1080p,Español,false,9:40:24,1339,2049,catalogo_files/i_518_AN8C.webp,https://ok.ru/video/15360358681326,https://ok.ru/videoembed/15360358681326
767,15360358681326,episode,Episodio 7,Phineas y Ferb - Temporada 1 (Disney) [1080p] [Español],phineas-y-ferb,Phineas y Ferb,1,,7,8036,9376,,Disney,Animación,,1080p,Español,false,9:40:24,1340,2049,catalogo_files/i_518_AN8C.webp,https://ok.ru/video/15360358681326,https://ok.ru/videoembed/15360358681326
768,15360358681326,episode,Episodio 8,Phineas y Ferb - Temporada 1 (Disney) [1080p] [Español],phineas-y-ferb,Phineas y Ferb,1,,8,9376,10715,,Disney,Animación,,1080p,Español,false,9:40:24,1339,2049,catalogo_files/i_518_AN8C.webp,https://ok.ru/video/15360358681326,https://ok.ru/videoembed/15360358681326
769,15360358681326,episode,Episodio 9,Phineas y Ferb - Temporada 1 (Disney) [1080p] [Español],phineas-y-ferb,Phineas y Ferb,1,,9,10715,12054,,Disney,Animación,,1080p,Español,false,9:40:24,1339,2049,catalogo_files/i_518_AN8C.webp,https://ok.ru/video/15360358681326,https://ok.ru/videoembed/15360358681326
770,15360358681326,episode,Episodio 10,Phineas y Ferb - Temporada 1 (Disney) [1080p] [Español],phineas-y-ferb,Phineas y Ferb,1,,10,12054,13394,,Disney,Animación,,1080p,Español,false,9:40:24,1340,2049,catalogo_files/i_518_AN8C.webp,https://ok.ru/video/15360358681326,https://ok.ru/videoembed/15360358681326
771,15360358681326,episode,Episodio 11,Phineas y Ferb - Temporada 1 (Disney) [1080p] [Español],phineas-y-ferb,Phineas y Ferb,1,,11,13394,14733,,Disney,Animación,,1080p,Español,false,9:40:24,1339,2049,catalogo_files/i_518_AN8C.webp,https://ok.ru/video/15360358681326,https://ok.ru/videoembed/15360358681326
772,15360358681326,episode,Episodio 12,Phineas y Ferb - Temporada 1 (Disney) [1080p] [Español],phineas-y-ferb,Phineas y Ferb,1,,12,14733,16073,,Disney,Animación,,1080p,Español,false,9:40:24,1340,2049,catalogo_files/i_518_AN8C.webp,https://ok.ru/video/15360358681326,https://ok.ru/videoembed/15360358681326
773,15360358681326,episode,Episodio 13,Phineas y Ferb - Temporada 1 (Disney) [1080p] [Español],phineas-y-ferb,Phineas y Ferb,1,,13,16073,17412,,Disney,Animación,,1080p,Español,false,9:40:24,1339,2049,catalogo_files/i_518_AN8C.webp,https://ok.ru/video/15360358681326,https://ok.ru/videoembed/15360358681326
774,15360358681326,episode,Episodio 14,Phineas y Ferb - Temporada 1 (Disney) [1080p] [Español],phineas-y-ferb,Phineas y Ferb,1,,14,17412,18751,,Disney,Animación,,1080p,Español,false,9:40:24,1339,2049,catalogo_files/i_518_AN8C.webp,https://ok.ru/video/15360358681326,https://ok.ru/videoembed/15360358681326
775,15360358681326,episode,Episodio 15,Phineas y Ferb - Temporada 1 (Disney) [1080p] [Español],phineas-y-ferb,Phineas y Ferb,1,,15,18751,20091,,Disney,Animación,,1080p,Español,false,9:40:24,1340,2049,catalogo_files/i_518_AN8C.webp,https://ok.ru/video/15360358681326,https://ok.ru/videoembed/15360358681326
776,15360358681326,episode,Episodio 16,Phineas y Ferb - Temporada 1 (Disney) [1080p] [Español],phineas-y-ferb,Phineas y Ferb,1,,16,20091,21430,,Disney,Animación,,1080p,Español,false,9:40:24,1339,2049,catalogo_files/i_518_AN8C.webp,https://ok.ru/video/15360358681326,https://ok.ru/videoembed/15360358681326
777,15360358681326,episode,Episodio 17,Phineas y Ferb - Temporada 1 (Disney) [1080p] [Español],phineas-y-ferb,Phineas y Ferb,1,,17,21430,22770,,Disney,Animación,,1080p,Español,false,9:40:24,1340,2049,catalogo_files/i_518_AN8C.webp,https://ok.ru/video/15360358681326,https://ok.ru/videoembed/15360358681326
778,15360358681326,episode,Episodio 18,Phineas y Ferb - Temporada 1 (Disney) [1080p] [Español],phineas-y-ferb,Phineas y Ferb,1,,18,22770,24109,,Disney,Animación,,1080p,Español,false,9:40:24,1339,2049,catalogo_files/i_518_AN8C.webp,https://ok.ru/video/15360358681326,https://ok.ru/videoembed/15360358681326
779,15360358681326,episode,Episodio 19,Phineas y Ferb - Temporada 1 (Disney) [1080p] [Español],phineas-y-ferb,Phineas y Ferb,1,,19,24109,25448,,Disney,Animación,,1080p,Español,false,9:40:24,1339,2049,catalogo_files/i_518_AN8C.webp,https://ok.ru/video/15360358681326,https://ok.ru/videoembed/15360358681326
780,15360358681326,episode,Episodio 20,Phineas y Ferb - Temporada 1 (Disney) [1080p] [Español],phineas-y-ferb,Phineas y Ferb,1,,20,25448,26788,,Disney,Animación,,1080p,Español,false,9:40:24,1340,2049,catalogo_files/i_518_AN8C.webp,https://ok.ru/video/15360358681326,https://ok.ru/videoembed/15360358681326
781,15360358681326,episode,Episodio 21,Phineas y Ferb - Temporada 1 (Disney) [1080p] [Español],phineas-y-ferb,Phineas y Ferb,1,,21,26788,28127,,Disney,Animación,,1080p,Español,false,9:40:24,1339,2049,catalogo_files/i_518_AN8C.webp,https://ok.ru/video/15360358681326,https://ok.ru/videoembed/15360358681326
782,15360358681326,episode,Episodio 22,Phineas y Ferb - Temporada 1 (Disney) [1080p] [Español],phineas-y-ferb,Phineas y Ferb,1,,22,28127,29466,,Disney,Animación,,1080p,Español,false,9:40:24,1339,2049,catalogo_files/i_518_AN8C.webp,https://ok.ru/video/15360358681326,https://ok.ru/videoembed/15360358681326
783,15360358681326,episode,Episodio 23,Phineas y Ferb - Temporada 1 (Disney) [1080p] [Español],phineas-y-ferb,Phineas y Ferb,1,,23,29466,30806,,Disney,Animación,,1080p,Español,false,9:40:24,1340,2049,catalogo_files/i_518_AN8C.webp,https://ok.ru/video/15360358681326,https://ok.ru/videoembed/15360358681326
784,15360358681326,episode,Episodio 24,Phineas y Ferb - Temporada 1 (Disney) [1080p] [Español],phineas-y-ferb,Phineas y Ferb,1,,24,30806,32145,,Disney,Animación,,1080p,Español,false,9:40:24,1339,2049,catalogo_files/i_518_AN8C.webp,https://ok.ru/video/15360358681326,https://ok.ru/videoembed/15360358681326
785,15360358681326,episode,Episodio 25,Phineas y Ferb - Temporada 1 (Disney) [1080p] [Español],phineas-y-ferb,Phineas y Ferb,1,,25,32145,33485,,Disney,Animación,,1080p,Español,false,9:40:24,1340,2049,catalogo_files/i_518_AN8C.webp,https://ok.ru/video/15360358681326,https://ok.ru/videoembed/15360358681326
786,15360358681326,episode,Episodio 26,Phineas y Ferb - Temporada 1 (Disney) [1080p] [Español],phineas-y-ferb,Phineas y Ferb,1,,26,33485,,,Disney,Animación,,1080p,Español,false,9:40:24,1339,2049,catalogo_files/i_518_AN8C.webp,https://ok.ru/video/15360358681326,https://ok.ru/videoembed/15360358681326
787,15359207279342,episode,Episodio 1,Gravity Falls - Temporada 2 (Disney) [1080p] [Español],gravity-falls,Gravity Falls,2,,1,0,1440,,Disney,Animación,,1080p,Español,false,8:00:03,1440,1914,catalogo_files/i_439_AN8C.webp,https://ok.ru/video/15359207279342,https://ok.ru/videoembed/15359207279342
788,15359207279342,episode,Episodio 2,Gravity Falls - Temporada 2 (Disney) [1080p] [Español],gravity-falls,Gravity Falls,2,,2,1440,2880,,Disney,Animación,,1080p,Español,false,8:00:03,1440,1914,catalogo_files/i_439_AN8C.webp,https://ok.ru/video/15359207279342,https://ok.ru/videoembed/15359207279342
789,15359207279342,episode,Episodio 3,Gravity Falls - Temporada 2 (Disney) [1080p] [Español],gravity-falls,Gravity Falls,2,,3,2880,4320,,Disney,Animación,,1080p,Español,false,8:00:03,1440,1914,catalogo_files/i_439_AN8C.webp,https://ok.ru/video/15359207279342,https://ok.ru/videoembed/15359207279342
790,15359207279342,episode,Episodio 4,Gravity Falls - Temporada 2 (Disney) [1080p] [Español],gravity-falls,Gravity Falls,2,,4,4320,5761,,Disney,Animación,,1080p,Español,false,8:00:03,1441,1914,catalogo_files/i_439_AN8C.webp,https://ok.ru/video/15359207279342,https://ok.ru/videoembed/15359207279342
791,15359207279342,episode,Episodio 5,Gravity Falls - Temporada 2 (Disney) [1080p] [Español],gravity-falls,Gravity Falls,2,,5,5761,7201,,Disney,Animación,,1080p,Español,false,8:00:03,1440,1914,catalogo_files/i_439_AN8C.webp,https://ok.ru/video/15359207279342,https://ok.ru/videoembed/15359207279342
792,15359207279342,episode,Episodio 6,Gravity Falls - Temporada 2 (Disney) [1080p] [Español],gravity-falls,Gravity Falls,2,,6,7201,8641,,Disney,Animación,,1080p,Español,false,8:00:03,1440,1914,catalogo_files/i_439_AN8C.webp,https://ok.ru/video/15359207279342,https://ok.ru/videoembed/15359207279342
793,15359207279342,episode,Episodio 7,Gravity Falls - Temporada 2 (Disney) [1080p] [Español],gravity-falls,Gravity Falls,2,,7,8641,10081,,Disney,Animación,,1080p,Español,false,8:00:03,1440,1914,catalogo_files/i_439_AN8C.webp,https://ok.ru/video/15359207279342,https://ok.ru/videoembed/15359207279342
794,15359207279342,episode,Episodio 8,Gravity Falls - Temporada 2 (Disney) [1080p] [Español],gravity-falls,Gravity Falls,2,,8,10081,11521,,Disney,Animación,,1080p,Español,false,8:00:03,1440,1914,catalogo_files/i_439_AN8C.webp,https://ok.ru/video/15359207279342,https://ok.ru/videoembed/15359207279342
795,15359207279342,episode,Episodio 9,Gravity Falls - Temporada 2 (Disney) [1080p] [Español],gravity-falls,Gravity Falls,2,,9,11521,12961,,Disney,Animación,,1080p,Español,false,8:00:03,1440,1914,catalogo_files/i_439_AN8C.webp,https://ok.ru/video/15359207279342,https://ok.ru/videoembed/15359207279342
796,15359207279342,episode,Episodio 10,Gravity Falls - Temporada 2 (Disney) [1080p] [Español],gravity-falls,Gravity Falls,2,,10,12961,14402,,Disney,Animación,,1080p,Español,false,8:00:03,1441,1914,catalogo_files/i_439_AN8C.webp,https://ok.ru/video/15359207279342,https://ok.ru/videoembed/15359207279342
797,15359207279342,episode,Episodio 11,Gravity Falls - Temporada 2 (Disney) [1080p] [Español],gravity-falls,Gravity Falls,2,,11,14402,15842,,Disney,Animación,,1080p,Español,false,8:00:03,1440,1914,catalogo_files/i_439_AN8C.webp,https://ok.ru/video/15359207279342,https://ok.ru/videoembed/15359207279342
798,15359207279342,episode,Episodio 12,Gravity Falls - Temporada 2 (Disney) [1080p] [Español],gravity-falls,Gravity Falls,2,,12,15842,17282,,Disney,Animación,,1080p,Español,false,8:00:03,1440,1914,catalogo_files/i_439_AN8C.webp,https://ok.ru/video/15359207279342,https://ok.ru/videoembed/15359207279342
799,15359207279342,episode,Episodio 13,Gravity Falls - Temporada 2 (Disney) [1080p] [Español],gravity-falls,Gravity Falls,2,,13,17282,18722,,Disney,Animación,,1080p,Español,false,8:00:03,1440,1914,catalogo_files/i_439_AN8C.webp,https://ok.ru/video/15359207279342,https://ok.ru/videoembed/15359207279342
800,15359207279342,episode,Episodio 14,Gravity Falls - Temporada 2 (Disney) [1080p] [Español],gravity-falls,Gravity Falls,2,,14,18722,20162,,Disney,Animación,,1080p,Español,false,8:00:03,1440,1914,catalogo_files/i_439_AN8C.webp,https://ok.ru/video/15359207279342,https://ok.ru/videoembed/15359207279342
801,15359207279342,episode,Episodio 15,Gravity Falls - Temporada 2 (Disney) [1080p] [Español],gravity-falls,Gravity Falls,2,,15,20162,21602,,Disney,Animación,,1080p,Español,false,8:00:03,1440,1914,catalogo_files/i_439_AN8C.webp,https://ok.ru/video/15359207279342,https://ok.ru/videoembed/15359207279342
802,15359207279342,episode,Episodio 16,Gravity Falls - Temporada 2 (Disney) [1080p] [Español],gravity-falls,Gravity Falls,2,,16,21602,23042,,Disney,Animación,,1080p,Español,false,8:00:03,1440,1914,catalogo_files/i_439_AN8C.webp,https://ok.ru/video/15359207279342,https://ok.ru/videoembed/15359207279342
803,15359207279342,episode,Episodio 17,Gravity Falls - Temporada 2 (Disney) [1080p] [Español],gravity-falls,Gravity Falls,2,,17,23042,24483,,Disney,Animación,,1080p,Español,false,8:00:03,1441,1914,catalogo_files/i_439_AN8C.webp,https://ok.ru/video/15359207279342,https://ok.ru/videoembed/15359207279342
804,15359207279342,episode,Episodio 18,Gravity Falls - Temporada 2 (Disney) [1080p] [Español],gravity-falls,Gravity Falls,2,,18,24483,25923,,Disney,Animación,,1080p,Español,false,8:00:03,1440,1914,catalogo_files/i_439_AN8C.webp,https://ok.ru/video/15359207279342,https://ok.ru/videoembed/15359207279342
805,15359207279342,episode,Episodio 19,Gravity Falls - Temporada 2 (Disney) [1080p] [Español],gravity-falls,Gravity Falls,2,,19,25923,27363,,Disney,Animación,,1080p,Español,false,8:00:03,1440,1914,catalogo_files/i_439_AN8C.webp,https://ok.ru/video/15359207279342,https://ok.ru/videoembed/15359207279342
806,15359207279342,episode,Episodio 20,Gravity Falls - Temporada 2 (Disney) [1080p] [Español],gravity-falls,Gravity Falls,2,,20,27363,,,Disney,Animación,,1080p,Español,false,8:00:03,1440,1914,catalogo_files/i_439_AN8C.webp,https://ok.ru/video/15359207279342,https://ok.ru/videoembed/15359207279342
807,15359444126446,episode,Episodio 1,Star vs. las fuerzas del mal - Temporada 4 [1080p] [Español],star-vs-las-fuerzas-del-mal,Star vs. las fuerzas del mal,4,,1,0,1346,,,Animación,Fantasía,1080p,Español,false,7:51:03,1346,1655,catalogo_files/i_722_AN8C.webp,https://ok.ru/video/15359444126446,https://ok.ru/videoembed/15359444126446
808,15359444126446,episode,Episodio 2,Star vs. las fuerzas del mal - Temporada 4 [1080p] [Español],star-vs-las-fuerzas-del-mal,Star vs. las fuerzas del mal,4,,2,1346,2692,,,Animación,Fantasía,1080p,Español,false,7:51:03,1346,1655,catalogo_files/i_722_AN8C.webp,https://ok.ru/video/15359444126446,https://ok.ru/videoembed/15359444126446
809,15359444126446,episode,Episodio 3,Star vs. las fuerzas del mal - Temporada 4 [1080p] [Español],star-vs-las-fuerzas-del-mal,Star vs. las fuerzas del mal,4,,3,2692,4038,,,Animación,Fantasía,1080p,Español,false,7:51:03,1346,1655,catalogo_files/i_722_AN8C.webp,https://ok.ru/video/15359444126446,https://ok.ru/videoembed/15359444126446
810,15359444126446,episode,Episodio 4,Star vs. las fuerzas del mal - Temporada 4 [1080p] [Español],star-vs-las-fuerzas-del-mal,Star vs. las fuerzas del mal,4,,4,4038,5383,,,Animación,Fantasía,1080p,Español,false,7:51:03,1345,1655,catalogo_files/i_722_AN8C.webp,https://ok.ru/video/15359444126446,https://ok.ru/videoembed/15359444126446
811,15359444126446,episode,Episodio 5,Star vs. las fuerzas del mal - Temporada 4 [1080p] [Español],star-vs-las-fuerzas-del-mal,Star vs. las fuerzas del mal,4,,5,5383,6729,,,Animación,Fantasía,1080p,Español,false,7:51:03,1346,1655,catalogo_files/i_722_AN8C.webp,https://ok.ru/video/15359444126446,https://ok.ru/videoembed/15359444126446
812,15359444126446,episode,Episodio 6,Star vs. las fuerzas del mal - Temporada 4 [1080p] [Español],star-vs-las-fuerzas-del-mal,Star vs. las fuerzas del mal,4,,6,6729,8075,,,Animación,Fantasía,1080p,Español,false,7:51:03,1346,1655,catalogo_files/i_722_AN8C.webp,https://ok.ru/video/15359444126446,https://ok.ru/videoembed/15359444126446
813,15359444126446,episode,Episodio 7,Star vs. las fuerzas del mal - Temporada 4 [1080p] [Español],star-vs-las-fuerzas-del-mal,Star vs. las fuerzas del mal,4,,7,8075,9421,,,Animación,Fantasía,1080p,Español,false,7:51:03,1346,1655,catalogo_files/i_722_AN8C.webp,https://ok.ru/video/15359444126446,https://ok.ru/videoembed/15359444126446
814,15359444126446,episode,Episodio 8,Star vs. las fuerzas del mal - Temporada 4 [1080p] [Español],star-vs-las-fuerzas-del-mal,Star vs. las fuerzas del mal,4,,8,9421,10767,,,Animación,Fantasía,1080p,Español,false,7:51:03,1346,1655,catalogo_files/i_722_AN8C.webp,https://ok.ru/video/15359444126446,https://ok.ru/videoembed/15359444126446
815,15359444126446,episode,Episodio 9,Star vs. las fuerzas del mal - Temporada 4 [1080p] [Español],star-vs-las-fuerzas-del-mal,Star vs. las fuerzas del mal,4,,9,10767,12113,,,Animación,Fantasía,1080p,Español,false,7:51:03,1346,1655,catalogo_files/i_722_AN8C.webp,https://ok.ru/video/15359444126446,https://ok.ru/videoembed/15359444126446
816,15359444126446,episode,Episodio 10,Star vs. las fuerzas del mal - Temporada 4 [1080p] [Español],star-vs-las-fuerzas-del-mal,Star vs. las fuerzas del mal,4,,10,12113,13459,,,Animación,Fantasía,1080p,Español,false,7:51:03,1346,1655,catalogo_files/i_722_AN8C.webp,https://ok.ru/video/15359444126446,https://ok.ru/videoembed/15359444126446
817,15359444126446,episode,Episodio 11,Star vs. las fuerzas del mal - Temporada 4 [1080p] [Español],star-vs-las-fuerzas-del-mal,Star vs. las fuerzas del mal,4,,11,13459,14804,,,Animación,Fantasía,1080p,Español,false,7:51:03,1345,1655,catalogo_files/i_722_AN8C.webp,https://ok.ru/video/15359444126446,https://ok.ru/videoembed/15359444126446
818,15359444126446,episode,Episodio 12,Star vs. las fuerzas del mal - Temporada 4 [1080p] [Español],star-vs-las-fuerzas-del-mal,Star vs. las fuerzas del mal,4,,12,14804,16150,,,Animación,Fantasía,1080p,Español,false,7:51:03,1346,1655,catalogo_files/i_722_AN8C.webp,https://ok.ru/video/15359444126446,https://ok.ru/videoembed/15359444126446
819,15359444126446,episode,Episodio 13,Star vs. las fuerzas del mal - Temporada 4 [1080p] [Español],star-vs-las-fuerzas-del-mal,Star vs. las fuerzas del mal,4,,13,16150,17496,,,Animación,Fantasía,1080p,Español,false,7:51:03,1346,1655,catalogo_files/i_722_AN8C.webp,https://ok.ru/video/15359444126446,https://ok.ru/videoembed/15359444126446
820,15359444126446,episode,Episodio 14,Star vs. las fuerzas del mal - Temporada 4 [1080p] [Español],star-vs-las-fuerzas-del-mal,Star vs. las fuerzas del mal,4,,14,17496,18842,,,Animación,Fantasía,1080p,Español,false,7:51:03,1346,1655,catalogo_files/i_722_AN8C.webp,https://ok.ru/video/15359444126446,https://ok.ru/videoembed/15359444126446
821,15359444126446,episode,Episodio 15,Star vs. las fuerzas del mal - Temporada 4 [1080p] [Español],star-vs-las-fuerzas-del-mal,Star vs. las fuerzas del mal,4,,15,18842,20188,,,Animación,Fantasía,1080p,Español,false,7:51:03,1346,1655,catalogo_files/i_722_AN8C.webp,https://ok.ru/video/15359444126446,https://ok.ru/videoembed/15359444126446
822,15359444126446,episode,Episodio 16,Star vs. las fuerzas del mal - Temporada 4 [1080p] [Español],star-vs-las-fuerzas-del-mal,Star vs. las fuerzas del mal,4,,16,20188,21534,,,Animación,Fantasía,1080p,Español,false,7:51:03,1346,1655,catalogo_files/i_722_AN8C.webp,https://ok.ru/video/15359444126446,https://ok.ru/videoembed/15359444126446
823,15359444126446,episode,Episodio 17,Star vs. las fuerzas del mal - Temporada 4 [1080p] [Español],star-vs-las-fuerzas-del-mal,Star vs. las fuerzas del mal,4,,17,21534,22880,,,Animación,Fantasía,1080p,Español,false,7:51:03,1346,1655,catalogo_files/i_722_AN8C.webp,https://ok.ru/video/15359444126446,https://ok.ru/videoembed/15359444126446
824,15359444126446,episode,Episodio 18,Star vs. las fuerzas del mal - Temporada 4 [1080p] [Español],star-vs-las-fuerzas-del-mal,Star vs. las fuerzas del mal,4,,18,22880,24225,,,Animación,Fantasía,1080p,Español,false,7:51:03,1345,1655,catalogo_files/i_722_AN8C.webp,https://ok.ru/video/15359444126446,https://ok.ru/videoembed/15359444126446
825,15359444126446,episode,Episodio 19,Star vs. las fuerzas del mal - Temporada 4 [1080p] [Español],star-vs-las-fuerzas-del-mal,Star vs. las fuerzas del mal,4,,19,24225,25571,,,Animación,Fantasía,1080p,Español,false,7:51:03,1346,1655,catalogo_files/i_722_AN8C.webp,https://ok.ru/video/15359444126446,https://ok.ru/videoembed/15359444126446
826,15359444126446,episode,Episodio 20,Star vs. las fuerzas del mal - Temporada 4 [1080p] [Español],star-vs-las-fuerzas-del-mal,Star vs. las fuerzas del mal,4,,20,25571,26917,,,Animación,Fantasía,1080p,Español,false,7:51:03,1346,1655,catalogo_files/i_722_AN8C.webp,https://ok.ru/video/15359444126446,https://ok.ru/videoembed/15359444126446
827,15359444126446,episode,Episodio 21,Star vs. las fuerzas del mal - Temporada 4 [1080p] [Español],star-vs-las-fuerzas-del-mal,Star vs. las fuerzas del mal,4,,21,26917,,,,Animación,Fantasía,1080p,Español,false,7:51:03,1346,1655,catalogo_files/i_722_AN8C.webp,https://ok.ru/video/15359444126446,https://ok.ru/videoembed/15359444126446
828,15354177129198,movie,Cars,Cars (Pixar) [4K] [Español],,,,,,,,,Pixar,Animación,,4K,Español,false,1:56:46,7006,5195,catalogo_files/i_221_AN8C.webp,https://ok.ru/video/15354177129198,https://ok.ru/videoembed/15354177129198
829,15352614750958,movie,"Monsters, Inc.","Monsters, Inc. (Pixar) [4K] [Español]",,,,,,,,,Pixar,Animación,,4K,Español,false,1:32:09,5529,2147,catalogo_files/i_187_AN8C.webp,https://ok.ru/video/15352614750958,https://ok.ru/videoembed/15352614750958
830,15351529802478,movie,Tarzán,Tarzán (Disney) [4K] [Español],,,,,,,,,Disney,Animación,,4K,Español,false,1:28:22,5302,1673,catalogo_files/i_330_AN8C.webp,https://ok.ru/video/15351529802478,https://ok.ru/videoembed/15351529802478
831,15348597132014,movie,Toy Story 5,Toy Story 5 (Disney) [4K] [Español],,,,,,,,,Disney,Animación,,4K,Español,false,1:41:46,6106,6559,catalogo_files/i_065_AN8C.webp,https://ok.ru/video/15348597132014,https://ok.ru/videoembed/15348597132014
832,15346820188910,movie,Una película de huevos,Una película de huevos (2006) [4K] [Español],,,,,,,,2006,,Animación,Comedia,4K,Español,false,1:29:50,5390,1567,catalogo_files/i_716_AN8C.webp,https://ok.ru/video/15346820188910,https://ok.ru/videoembed/15346820188910
833,15335657376494,movie,Mini espías 2: la isla de los sueños perdidos,Mini espías 2: la isla de los sueños perdidos [4K] [Español],,,,,,,,,,Aventura,Infantil,4K,Español,false,1:40:17,6017,1512,catalogo_files/i_800_AN8C.webp,https://ok.ru/video/15335657376494,https://ok.ru/videoembed/15335657376494
834,15332143860462,movie,Mini Espías,Mini Espías [4K] [Español],,,,,,,,,,Aventura,Infantil,4K,Español,false,1:30:50,5450,1685,catalogo_files/i_865_AN8C.webp,https://ok.ru/video/15332143860462,https://ok.ru/videoembed/15332143860462
835,15328891308782,movie,Las aventuras de Sharkboy y Lavagirl,Las aventuras de Sharkboy y Lavagirl [4K] [Español],,,,,,,,,,Aventura,Fantasía,4K,Español,false,1:32:53,5573,1876,catalogo_files/i_256_AN8C.webp,https://ok.ru/video/15328891308782,https://ok.ru/videoembed/15328891308782
836,15320606575342,movie,Megamente,Megamente (DreamWorks) [4K] [Español],,,,,,,,,DreamWorks,Animación,,4K,Español,false,1:35:34,5734,2428,catalogo_files/i_671_AN8C.webp,https://ok.ru/video/15320606575342,https://ok.ru/videoembed/15320606575342
837,15320781818606,movie,WALL·E,WALL·E (Pixar) [4K] [Español],,,,,,,,,Pixar,Animación,,4K,Español,false,1:38:12,5892,3246,catalogo_files/i_260_AN8C.webp,https://ok.ru/video/15320781818606,https://ok.ru/videoembed/15320781818606
838,15320977443566,movie,El rey león,El rey león (Disney) [4K] [Español],,,,,,,,,Disney,Animación,,4K,Español,false,1:28:23,5303,3098,catalogo_files/i_302_AN8C.webp,https://ok.ru/video/15320977443566,https://ok.ru/videoembed/15320977443566
839,15321269668590,movie,Buscando a Nemo,Buscando a Nemo (Pixar) [4K] [Español],,,,,,,,,Pixar,Animación,,4K,Español,false,1:40:54,6054,2134,catalogo_files/i_312_AN8C.webp,https://ok.ru/video/15321269668590,https://ok.ru/videoembed/15321269668590
840,15319979330286,movie,Happy feet: El pingüino,Happy feet: El pingüino (WarnerBros) [4K] [Español],,,,,,,,,WarnerBros,Animación,Infantil,4K,Español,false,1:48:32,6512,2371,catalogo_files/i_053_AN8C.webp,https://ok.ru/video/15319979330286,https://ok.ru/videoembed/15319979330286
841,15307806280430,movie,Minions & monstruos,Minions & monstruos [4K] [Español],,,,,,,,,,Animación,Infantil,4K,Español,false,1:29:57,5397,9044,catalogo_files/i_367_AN8C.webp,https://ok.ru/video/15307806280430,https://ok.ru/videoembed/15307806280430
842,15299830287086,movie,Looney Tunes - El correcaminos,Looney Tunes - El correcaminos [1080p] [Español],,,,,,,,,,Animación,Infantil,1080p,Español,false,4:37:20,16640,2825,catalogo_files/i_713_AN8C.webp,https://ok.ru/video/15299830287086,https://ok.ru/videoembed/15299830287086
843,15298384628462,season,Star Wars: Visions,Star Wars: Visions - Temporada 1 [1080p] [Español],star-wars-visions,Star Wars: Visions,1,,,,,,,Anime,Ciencia Ficción,1080p,Español,false,2:23:05,8585,1662,catalogo_files/i_013_AN8C.webp,https://ok.ru/video/15298384628462,https://ok.ru/videoembed/15298384628462
844,15288137026286,movie,Space Jam,Space Jam (WarnerBros) [4K] [Español],,,,,,,,,WarnerBros,Comedia,Infantil,4K,Español,false,1:27:19,5239,4011,catalogo_files/i_678_AN8C.webp,https://ok.ru/video/15288137026286,https://ok.ru/videoembed/15288137026286
845,15275048635118,episode,Episodio 1,Star Wars Visions Presenta: la novena Jedi - Temporada 1 [1080p] [Español],star-wars-visions-presenta-la-novena-jedi,Star Wars Visions Presenta: la novena Jedi,1,,1,0,1587,,,Anime,Ciencia Ficción,1080p,Español,false,3:31:36,1587,1911,catalogo_files/i_774_AN8C.webp,https://ok.ru/video/15275048635118,https://ok.ru/videoembed/15275048635118
846,15275048635118,episode,Episodio 2,Star Wars Visions Presenta: la novena Jedi - Temporada 1 [1080p] [Español],star-wars-visions-presenta-la-novena-jedi,Star Wars Visions Presenta: la novena Jedi,1,,2,1587,3174,,,Anime,Ciencia Ficción,1080p,Español,false,3:31:36,1587,1911,catalogo_files/i_774_AN8C.webp,https://ok.ru/video/15275048635118,https://ok.ru/videoembed/15275048635118
847,15275048635118,episode,Episodio 3,Star Wars Visions Presenta: la novena Jedi - Temporada 1 [1080p] [Español],star-wars-visions-presenta-la-novena-jedi,Star Wars Visions Presenta: la novena Jedi,1,,3,3174,4761,,,Anime,Ciencia Ficción,1080p,Español,false,3:31:36,1587,1911,catalogo_files/i_774_AN8C.webp,https://ok.ru/video/15275048635118,https://ok.ru/videoembed/15275048635118
848,15275048635118,episode,Episodio 4,Star Wars Visions Presenta: la novena Jedi - Temporada 1 [1080p] [Español],star-wars-visions-presenta-la-novena-jedi,Star Wars Visions Presenta: la novena Jedi,1,,4,4761,6348,,,Anime,Ciencia Ficción,1080p,Español,false,3:31:36,1587,1911,catalogo_files/i_774_AN8C.webp,https://ok.ru/video/15275048635118,https://ok.ru/videoembed/15275048635118
849,15275048635118,episode,Episodio 5,Star Wars Visions Presenta: la novena Jedi - Temporada 1 [1080p] [Español],star-wars-visions-presenta-la-novena-jedi,Star Wars Visions Presenta: la novena Jedi,1,,5,6348,7935,,,Anime,Ciencia Ficción,1080p,Español,false,3:31:36,1587,1911,catalogo_files/i_774_AN8C.webp,https://ok.ru/video/15275048635118,https://ok.ru/videoembed/15275048635118
850,15275048635118,episode,Episodio 6,Star Wars Visions Presenta: la novena Jedi - Temporada 1 [1080p] [Español],star-wars-visions-presenta-la-novena-jedi,Star Wars Visions Presenta: la novena Jedi,1,,6,7935,9522,,,Anime,Ciencia Ficción,1080p,Español,false,3:31:36,1587,1911,catalogo_files/i_774_AN8C.webp,https://ok.ru/video/15275048635118,https://ok.ru/videoembed/15275048635118
851,15275048635118,episode,Episodio 7,Star Wars Visions Presenta: la novena Jedi - Temporada 1 [1080p] [Español],star-wars-visions-presenta-la-novena-jedi,Star Wars Visions Presenta: la novena Jedi,1,,7,9522,11109,,,Anime,Ciencia Ficción,1080p,Español,false,3:31:36,1587,1911,catalogo_files/i_774_AN8C.webp,https://ok.ru/video/15275048635118,https://ok.ru/videoembed/15275048635118
852,15275048635118,episode,Episodio 8,Star Wars Visions Presenta: la novena Jedi - Temporada 1 [1080p] [Español],star-wars-visions-presenta-la-novena-jedi,Star Wars Visions Presenta: la novena Jedi,1,,8,11109,,,,Anime,Ciencia Ficción,1080p,Español,false,3:31:36,1587,1911,catalogo_files/i_774_AN8C.webp,https://ok.ru/video/15275048635118,https://ok.ru/videoembed/15275048635118
853,15288598072046,movie,Hércules,Hércules (Disney) [4K] [Español],,,,,,,,,Disney,Animación,,4K,Español,false,1:33:11,5591,2827,catalogo_files/i_868_AN8C.webp,https://ok.ru/video/15288598072046,https://ok.ru/videoembed/15288598072046
854,15261832710894,movie,Alicia en el país de las maravillas,Alicia en el país de las maravillas (Tim B.) [4K] [Español],,,,,,,,,Tim B.,Fantasía,Aventura,4K,Español,false,1:48:34,6514,2268,catalogo_files/i_236_AN8C.webp,https://ok.ru/video/15261832710894,https://ok.ru/videoembed/15261832710894
855,15252720388846,episode,Episodio 1,Guardianes de la justicia - Temporada 1 [1080p] [Español],guardianes-de-la-justicia,Guardianes de la justicia,1,,1,0,1767,,,Superhéroes,Animación,1080p,Español,false,3:26:06,1767,1783,catalogo_files/i_308_AN8C.webp,https://ok.ru/video/15252720388846,https://ok.ru/videoembed/15252720388846
856,15252720388846,episode,Episodio 2,Guardianes de la justicia - Temporada 1 [1080p] [Español],guardianes-de-la-justicia,Guardianes de la justicia,1,,2,1767,3533,,,Superhéroes,Animación,1080p,Español,false,3:26:06,1766,1783,catalogo_files/i_308_AN8C.webp,https://ok.ru/video/15252720388846,https://ok.ru/videoembed/15252720388846
857,15252720388846,episode,Episodio 3,Guardianes de la justicia - Temporada 1 [1080p] [Español],guardianes-de-la-justicia,Guardianes de la justicia,1,,3,3533,5300,,,Superhéroes,Animación,1080p,Español,false,3:26:06,1767,1783,catalogo_files/i_308_AN8C.webp,https://ok.ru/video/15252720388846,https://ok.ru/videoembed/15252720388846
858,15252720388846,episode,Episodio 4,Guardianes de la justicia - Temporada 1 [1080p] [Español],guardianes-de-la-justicia,Guardianes de la justicia,1,,4,5300,7066,,,Superhéroes,Animación,1080p,Español,false,3:26:06,1766,1783,catalogo_files/i_308_AN8C.webp,https://ok.ru/video/15252720388846,https://ok.ru/videoembed/15252720388846
859,15252720388846,episode,Episodio 5,Guardianes de la justicia - Temporada 1 [1080p] [Español],guardianes-de-la-justicia,Guardianes de la justicia,1,,5,7066,8833,,,Superhéroes,Animación,1080p,Español,false,3:26:06,1767,1783,catalogo_files/i_308_AN8C.webp,https://ok.ru/video/15252720388846,https://ok.ru/videoembed/15252720388846
860,15252720388846,episode,Episodio 6,Guardianes de la justicia - Temporada 1 [1080p] [Español],guardianes-de-la-justicia,Guardianes de la justicia,1,,6,8833,10599,,,Superhéroes,Animación,1080p,Español,false,3:26:06,1766,1783,catalogo_files/i_308_AN8C.webp,https://ok.ru/video/15252720388846,https://ok.ru/videoembed/15252720388846
861,15252720388846,episode,Episodio 7,Guardianes de la justicia - Temporada 1 [1080p] [Español],guardianes-de-la-justicia,Guardianes de la justicia,1,,7,10599,,,,Superhéroes,Animación,1080p,Español,false,3:26:06,1767,1783,catalogo_files/i_308_AN8C.webp,https://ok.ru/video/15252720388846,https://ok.ru/videoembed/15252720388846
862,15246590085870,movie,Cómo entrenar a tu dragón,Cómo entrenar a tu dragón [4K] [Español],,,,,,,,,,Animación,Aventura,4K,Español,false,1:38:14,5894,2823,catalogo_files/i_749_AN8C.webp,https://ok.ru/video/15246590085870,https://ok.ru/videoembed/15246590085870
863,15244637506286,movie,"Mickey, Donald, Goofy Los tres mosqueteros","Mickey, Donald, Goofy Los tres mosqueteros (2004) [4K] [Español]",,,,,,,,2004,,Animación,Aventura,4K,Español,false,1:08:15,4095,2198,catalogo_files/i_200_AN8C.webp,https://ok.ru/video/15244637506286,https://ok.ru/videoembed/15244637506286
864,15240430160622,movie,El jorobado de Notre Dame,El jorobado de Notre Dame (1996) [4K] [Español],,,,,,,,1996,,Animación,Drama,4K,Español,false,1:30:47,5447,2319,catalogo_files/i_646_AN8C.webp,https://ok.ru/video/15240430160622,https://ok.ru/videoembed/15240430160622
865,15224681859822,episode,Episodio 1,Más allá del jardín - Temporada 1 [1080p] [Español],mas-alla-del-jardin,Más allá del jardín,1,,1,0,690,,,Animación,Fantasía,1080p,Español,false,1:55:04,690,3228,catalogo_files/i_248_AN8C.webp,https://ok.ru/video/15224681859822,https://ok.ru/videoembed/15224681859822
866,15224681859822,episode,Episodio 2,Más allá del jardín - Temporada 1 [1080p] [Español],mas-alla-del-jardin,Más allá del jardín,1,,2,690,1381,,,Animación,Fantasía,1080p,Español,false,1:55:04,691,3228,catalogo_files/i_248_AN8C.webp,https://ok.ru/video/15224681859822,https://ok.ru/videoembed/15224681859822
867,15224681859822,episode,Episodio 3,Más allá del jardín - Temporada 1 [1080p] [Español],mas-alla-del-jardin,Más allá del jardín,1,,3,1381,2071,,,Animación,Fantasía,1080p,Español,false,1:55:04,690,3228,catalogo_files/i_248_AN8C.webp,https://ok.ru/video/15224681859822,https://ok.ru/videoembed/15224681859822
868,15224681859822,episode,Episodio 4,Más allá del jardín - Temporada 1 [1080p] [Español],mas-alla-del-jardin,Más allá del jardín,1,,4,2071,2762,,,Animación,Fantasía,1080p,Español,false,1:55:04,691,3228,catalogo_files/i_248_AN8C.webp,https://ok.ru/video/15224681859822,https://ok.ru/videoembed/15224681859822
869,15224681859822,episode,Episodio 5,Más allá del jardín - Temporada 1 [1080p] [Español],mas-alla-del-jardin,Más allá del jardín,1,,5,2762,3452,,,Animación,Fantasía,1080p,Español,false,1:55:04,690,3228,catalogo_files/i_248_AN8C.webp,https://ok.ru/video/15224681859822,https://ok.ru/videoembed/15224681859822
870,15224681859822,episode,Episodio 6,Más allá del jardín - Temporada 1 [1080p] [Español],mas-alla-del-jardin,Más allá del jardín,1,,6,3452,4142,,,Animación,Fantasía,1080p,Español,false,1:55:04,690,3228,catalogo_files/i_248_AN8C.webp,https://ok.ru/video/15224681859822,https://ok.ru/videoembed/15224681859822
871,15224681859822,episode,Episodio 7,Más allá del jardín - Temporada 1 [1080p] [Español],mas-alla-del-jardin,Más allá del jardín,1,,7,4142,4833,,,Animación,Fantasía,1080p,Español,false,1:55:04,691,3228,catalogo_files/i_248_AN8C.webp,https://ok.ru/video/15224681859822,https://ok.ru/videoembed/15224681859822
872,15224681859822,episode,Episodio 8,Más allá del jardín - Temporada 1 [1080p] [Español],mas-alla-del-jardin,Más allá del jardín,1,,8,4833,5523,,,Animación,Fantasía,1080p,Español,false,1:55:04,690,3228,catalogo_files/i_248_AN8C.webp,https://ok.ru/video/15224681859822,https://ok.ru/videoembed/15224681859822
873,15224681859822,episode,Episodio 9,Más allá del jardín - Temporada 1 [1080p] [Español],mas-alla-del-jardin,Más allá del jardín,1,,9,5523,6214,,,Animación,Fantasía,1080p,Español,false,1:55:04,691,3228,catalogo_files/i_248_AN8C.webp,https://ok.ru/video/15224681859822,https://ok.ru/videoembed/15224681859822
874,15224681859822,episode,Episodio 10,Más allá del jardín - Temporada 1 [1080p] [Español],mas-alla-del-jardin,Más allá del jardín,1,,10,6214,,,,Animación,Fantasía,1080p,Español,false,1:55:04,690,3228,catalogo_files/i_248_AN8C.webp,https://ok.ru/video/15224681859822,https://ok.ru/videoembed/15224681859822
875,15235336964846,movie,Ant Bully: Las aventuras de Lucas,Ant Bully: Las aventuras de Lucas [1080p] [Español],,,,,,,,,,Animación,Infantil,1080p,Español,false,1:29:00,5340,2606,catalogo_files/i_835_AN8C.webp,https://ok.ru/video/15235336964846,https://ok.ru/videoembed/15235336964846
876,15224354966254,movie,Matilda,Matilda [4K] [Español],,,,,,,,,,Comedia,Infantil,4K,Español,false,1:38:08,5888,2282,catalogo_files/i_664_AN8C.webp,https://ok.ru/video/15224354966254,https://ok.ru/videoembed/15224354966254
877,15222486272750,movie,Toy Story,Toy Story (Disney) [4K] [Español],,,,,,,,,Disney,Animación,,4K,Español,false,1:21:28,4888,6416,catalogo_files/i_058_AN8C.webp,https://ok.ru/video/15222486272750,https://ok.ru/videoembed/15222486272750
878,10988516936430,movie,Zootopia,Zootopia (Disney) [4K] [Español],,,,,,,,,Disney,Animación,,4K,Español,false,1:48:44,6524,3773,catalogo_files/i_194_AN8C.webp,https://ok.ru/video/10988516936430,https://ok.ru/videoembed/10988516936430
879,15213099879150,episode,Episodio 1,"Spawn - Temporada 1, 2 y 3 (1997) [1080p] [Español]",spawn,Spawn,1,"Temporadas 1, 2 y 3",1,0,1627,1997,,Superhéroes,Animación,1080p,Español,false,8:08:08,1627,3926,catalogo_files/i_034_AN8C.webp,https://ok.ru/video/15213099879150,https://ok.ru/videoembed/15213099879150
880,15213099879150,episode,Episodio 2,"Spawn - Temporada 1, 2 y 3 (1997) [1080p] [Español]",spawn,Spawn,1,"Temporadas 1, 2 y 3",2,1627,3254,1997,,Superhéroes,Animación,1080p,Español,false,8:08:08,1627,3926,catalogo_files/i_034_AN8C.webp,https://ok.ru/video/15213099879150,https://ok.ru/videoembed/15213099879150
881,15213099879150,episode,Episodio 3,"Spawn - Temporada 1, 2 y 3 (1997) [1080p] [Español]",spawn,Spawn,1,"Temporadas 1, 2 y 3",3,3254,4881,1997,,Superhéroes,Animación,1080p,Español,false,8:08:08,1627,3926,catalogo_files/i_034_AN8C.webp,https://ok.ru/video/15213099879150,https://ok.ru/videoembed/15213099879150
882,15213099879150,episode,Episodio 4,"Spawn - Temporada 1, 2 y 3 (1997) [1080p] [Español]",spawn,Spawn,1,"Temporadas 1, 2 y 3",4,4881,6508,1997,,Superhéroes,Animación,1080p,Español,false,8:08:08,1627,3926,catalogo_files/i_034_AN8C.webp,https://ok.ru/video/15213099879150,https://ok.ru/videoembed/15213099879150
883,15213099879150,episode,Episodio 5,"Spawn - Temporada 1, 2 y 3 (1997) [1080p] [Español]",spawn,Spawn,1,"Temporadas 1, 2 y 3",5,6508,8136,1997,,Superhéroes,Animación,1080p,Español,false,8:08:08,1628,3926,catalogo_files/i_034_AN8C.webp,https://ok.ru/video/15213099879150,https://ok.ru/videoembed/15213099879150
884,15213099879150,episode,Episodio 6,"Spawn - Temporada 1, 2 y 3 (1997) [1080p] [Español]",spawn,Spawn,1,"Temporadas 1, 2 y 3",6,8136,9763,1997,,Superhéroes,Animación,1080p,Español,false,8:08:08,1627,3926,catalogo_files/i_034_AN8C.webp,https://ok.ru/video/15213099879150,https://ok.ru/videoembed/15213099879150
885,15213099879150,episode,Episodio 7,"Spawn - Temporada 1, 2 y 3 (1997) [1080p] [Español]",spawn,Spawn,1,"Temporadas 1, 2 y 3",7,9763,11390,1997,,Superhéroes,Animación,1080p,Español,false,8:08:08,1627,3926,catalogo_files/i_034_AN8C.webp,https://ok.ru/video/15213099879150,https://ok.ru/videoembed/15213099879150
886,15213099879150,episode,Episodio 8,"Spawn - Temporada 1, 2 y 3 (1997) [1080p] [Español]",spawn,Spawn,1,"Temporadas 1, 2 y 3",8,11390,13017,1997,,Superhéroes,Animación,1080p,Español,false,8:08:08,1627,3926,catalogo_files/i_034_AN8C.webp,https://ok.ru/video/15213099879150,https://ok.ru/videoembed/15213099879150
887,15213099879150,episode,Episodio 9,"Spawn - Temporada 1, 2 y 3 (1997) [1080p] [Español]",spawn,Spawn,1,"Temporadas 1, 2 y 3",9,13017,14644,1997,,Superhéroes,Animación,1080p,Español,false,8:08:08,1627,3926,catalogo_files/i_034_AN8C.webp,https://ok.ru/video/15213099879150,https://ok.ru/videoembed/15213099879150
888,15213099879150,episode,Episodio 10,"Spawn - Temporada 1, 2 y 3 (1997) [1080p] [Español]",spawn,Spawn,1,"Temporadas 1, 2 y 3",10,14644,16271,1997,,Superhéroes,Animación,1080p,Español,false,8:08:08,1627,3926,catalogo_files/i_034_AN8C.webp,https://ok.ru/video/15213099879150,https://ok.ru/videoembed/15213099879150
889,15213099879150,episode,Episodio 11,"Spawn - Temporada 1, 2 y 3 (1997) [1080p] [Español]",spawn,Spawn,1,"Temporadas 1, 2 y 3",11,16271,17898,1997,,Superhéroes,Animación,1080p,Español,false,8:08:08,1627,3926,catalogo_files/i_034_AN8C.webp,https://ok.ru/video/15213099879150,https://ok.ru/videoembed/15213099879150
890,15213099879150,episode,Episodio 12,"Spawn - Temporada 1, 2 y 3 (1997) [1080p] [Español]",spawn,Spawn,1,"Temporadas 1, 2 y 3",12,17898,19525,1997,,Superhéroes,Animación,1080p,Español,false,8:08:08,1627,3926,catalogo_files/i_034_AN8C.webp,https://ok.ru/video/15213099879150,https://ok.ru/videoembed/15213099879150
891,15213099879150,episode,Episodio 13,"Spawn - Temporada 1, 2 y 3 (1997) [1080p] [Español]",spawn,Spawn,1,"Temporadas 1, 2 y 3",13,19525,21152,1997,,Superhéroes,Animación,1080p,Español,false,8:08:08,1627,3926,catalogo_files/i_034_AN8C.webp,https://ok.ru/video/15213099879150,https://ok.ru/videoembed/15213099879150
892,15213099879150,episode,Episodio 14,"Spawn - Temporada 1, 2 y 3 (1997) [1080p] [Español]",spawn,Spawn,1,"Temporadas 1, 2 y 3",14,21152,22780,1997,,Superhéroes,Animación,1080p,Español,false,8:08:08,1628,3926,catalogo_files/i_034_AN8C.webp,https://ok.ru/video/15213099879150,https://ok.ru/videoembed/15213099879150
893,15213099879150,episode,Episodio 15,"Spawn - Temporada 1, 2 y 3 (1997) [1080p] [Español]",spawn,Spawn,1,"Temporadas 1, 2 y 3",15,22780,24407,1997,,Superhéroes,Animación,1080p,Español,false,8:08:08,1627,3926,catalogo_files/i_034_AN8C.webp,https://ok.ru/video/15213099879150,https://ok.ru/videoembed/15213099879150
894,15213099879150,episode,Episodio 16,"Spawn - Temporada 1, 2 y 3 (1997) [1080p] [Español]",spawn,Spawn,1,"Temporadas 1, 2 y 3",16,24407,26034,1997,,Superhéroes,Animación,1080p,Español,false,8:08:08,1627,3926,catalogo_files/i_034_AN8C.webp,https://ok.ru/video/15213099879150,https://ok.ru/videoembed/15213099879150
895,15213099879150,episode,Episodio 17,"Spawn - Temporada 1, 2 y 3 (1997) [1080p] [Español]",spawn,Spawn,1,"Temporadas 1, 2 y 3",17,26034,27661,1997,,Superhéroes,Animación,1080p,Español,false,8:08:08,1627,3926,catalogo_files/i_034_AN8C.webp,https://ok.ru/video/15213099879150,https://ok.ru/videoembed/15213099879150
896,15213099879150,episode,Episodio 18,"Spawn - Temporada 1, 2 y 3 (1997) [1080p] [Español]",spawn,Spawn,1,"Temporadas 1, 2 y 3",18,27661,,1997,,Superhéroes,Animación,1080p,Español,false,8:08:08,1627,3926,catalogo_files/i_034_AN8C.webp,https://ok.ru/video/15213099879150,https://ok.ru/videoembed/15213099879150
897,10344538311406,movie,Pollitos en fuga,Pollitos en fuga (DreamWorks) [1080p] [Español],,,,,,,,,DreamWorks,Animación,,1080p,Español,false,1:24:36,5076,2336,catalogo_files/i_076_AN8C.webp,https://ok.ru/video/10344538311406,https://ok.ru/videoembed/10344538311406
898,15217794419438,movie,Lo que el agua se llevó,Lo que el agua se llevó (2006) [1080p] [Español],,,,,,,,2006,,Drama,,1080p,Español,false,1:25:09,5109,3693,catalogo_files/i_384_AN8C.webp,https://ok.ru/video/15217794419438,https://ok.ru/videoembed/15217794419438
899,15182377716462,movie,When black birds fly,When black birds fly (2015) [1080p] [Sub Español],,,,,,,,2015,,Animación,Drama,1080p,Español,true,2:04:13,7453,1805,catalogo_files/i_172_AN8C.webp,https://ok.ru/video/15182377716462,https://ok.ru/videoembed/15182377716462
900,15202787527406,episode,Episodio 1,Gravity Falls - Temporada 1 (Disney) [1080p] [Español],gravity-falls,Gravity Falls,1,,1,0,1358,,Disney,Animación,,1080p,Español,false,7:32:49,1358,2378,catalogo_files/i_031_AN8C.webp,https://ok.ru/video/15202787527406,https://ok.ru/videoembed/15202787527406
901,15202787527406,episode,Episodio 2,Gravity Falls - Temporada 1 (Disney) [1080p] [Español],gravity-falls,Gravity Falls,1,,2,1358,2717,,Disney,Animación,,1080p,Español,false,7:32:49,1359,2378,catalogo_files/i_031_AN8C.webp,https://ok.ru/video/15202787527406,https://ok.ru/videoembed/15202787527406
902,15202787527406,episode,Episodio 3,Gravity Falls - Temporada 1 (Disney) [1080p] [Español],gravity-falls,Gravity Falls,1,,3,2717,4075,,Disney,Animación,,1080p,Español,false,7:32:49,1358,2378,catalogo_files/i_031_AN8C.webp,https://ok.ru/video/15202787527406,https://ok.ru/videoembed/15202787527406
903,15202787527406,episode,Episodio 4,Gravity Falls - Temporada 1 (Disney) [1080p] [Español],gravity-falls,Gravity Falls,1,,4,4075,5434,,Disney,Animación,,1080p,Español,false,7:32:49,1359,2378,catalogo_files/i_031_AN8C.webp,https://ok.ru/video/15202787527406,https://ok.ru/videoembed/15202787527406
904,15202787527406,episode,Episodio 5,Gravity Falls - Temporada 1 (Disney) [1080p] [Español],gravity-falls,Gravity Falls,1,,5,5434,6792,,Disney,Animación,,1080p,Español,false,7:32:49,1358,2378,catalogo_files/i_031_AN8C.webp,https://ok.ru/video/15202787527406,https://ok.ru/videoembed/15202787527406
905,15202787527406,episode,Episodio 6,Gravity Falls - Temporada 1 (Disney) [1080p] [Español],gravity-falls,Gravity Falls,1,,6,6792,8151,,Disney,Animación,,1080p,Español,false,7:32:49,1359,2378,catalogo_files/i_031_AN8C.webp,https://ok.ru/video/15202787527406,https://ok.ru/videoembed/15202787527406
906,15202787527406,episode,Episodio 7,Gravity Falls - Temporada 1 (Disney) [1080p] [Español],gravity-falls,Gravity Falls,1,,7,8151,9509,,Disney,Animación,,1080p,Español,false,7:32:49,1358,2378,catalogo_files/i_031_AN8C.webp,https://ok.ru/video/15202787527406,https://ok.ru/videoembed/15202787527406
907,15202787527406,episode,Episodio 8,Gravity Falls - Temporada 1 (Disney) [1080p] [Español],gravity-falls,Gravity Falls,1,,8,9509,10868,,Disney,Animación,,1080p,Español,false,7:32:49,1359,2378,catalogo_files/i_031_AN8C.webp,https://ok.ru/video/15202787527406,https://ok.ru/videoembed/15202787527406
908,15202787527406,episode,Episodio 9,Gravity Falls - Temporada 1 (Disney) [1080p] [Español],gravity-falls,Gravity Falls,1,,9,10868,12226,,Disney,Animación,,1080p,Español,false,7:32:49,1358,2378,catalogo_files/i_031_AN8C.webp,https://ok.ru/video/15202787527406,https://ok.ru/videoembed/15202787527406
909,15202787527406,episode,Episodio 10,Gravity Falls - Temporada 1 (Disney) [1080p] [Español],gravity-falls,Gravity Falls,1,,10,12226,13584,,Disney,Animación,,1080p,Español,false,7:32:49,1358,2378,catalogo_files/i_031_AN8C.webp,https://ok.ru/video/15202787527406,https://ok.ru/videoembed/15202787527406
910,15202787527406,episode,Episodio 11,Gravity Falls - Temporada 1 (Disney) [1080p] [Español],gravity-falls,Gravity Falls,1,,11,13584,14943,,Disney,Animación,,1080p,Español,false,7:32:49,1359,2378,catalogo_files/i_031_AN8C.webp,https://ok.ru/video/15202787527406,https://ok.ru/videoembed/15202787527406
911,15202787527406,episode,Episodio 12,Gravity Falls - Temporada 1 (Disney) [1080p] [Español],gravity-falls,Gravity Falls,1,,12,14943,16301,,Disney,Animación,,1080p,Español,false,7:32:49,1358,2378,catalogo_files/i_031_AN8C.webp,https://ok.ru/video/15202787527406,https://ok.ru/videoembed/15202787527406
912,15202787527406,episode,Episodio 13,Gravity Falls - Temporada 1 (Disney) [1080p] [Español],gravity-falls,Gravity Falls,1,,13,16301,17660,,Disney,Animación,,1080p,Español,false,7:32:49,1359,2378,catalogo_files/i_031_AN8C.webp,https://ok.ru/video/15202787527406,https://ok.ru/videoembed/15202787527406
913,15202787527406,episode,Episodio 14,Gravity Falls - Temporada 1 (Disney) [1080p] [Español],gravity-falls,Gravity Falls,1,,14,17660,19018,,Disney,Animación,,1080p,Español,false,7:32:49,1358,2378,catalogo_files/i_031_AN8C.webp,https://ok.ru/video/15202787527406,https://ok.ru/videoembed/15202787527406
914,15202787527406,episode,Episodio 15,Gravity Falls - Temporada 1 (Disney) [1080p] [Español],gravity-falls,Gravity Falls,1,,15,19018,20377,,Disney,Animación,,1080p,Español,false,7:32:49,1359,2378,catalogo_files/i_031_AN8C.webp,https://ok.ru/video/15202787527406,https://ok.ru/videoembed/15202787527406
915,15202787527406,episode,Episodio 16,Gravity Falls - Temporada 1 (Disney) [1080p] [Español],gravity-falls,Gravity Falls,1,,16,20377,21735,,Disney,Animación,,1080p,Español,false,7:32:49,1358,2378,catalogo_files/i_031_AN8C.webp,https://ok.ru/video/15202787527406,https://ok.ru/videoembed/15202787527406
916,15202787527406,episode,Episodio 17,Gravity Falls - Temporada 1 (Disney) [1080p] [Español],gravity-falls,Gravity Falls,1,,17,21735,23094,,Disney,Animación,,1080p,Español,false,7:32:49,1359,2378,catalogo_files/i_031_AN8C.webp,https://ok.ru/video/15202787527406,https://ok.ru/videoembed/15202787527406
917,15202787527406,episode,Episodio 18,Gravity Falls - Temporada 1 (Disney) [1080p] [Español],gravity-falls,Gravity Falls,1,,18,23094,24452,,Disney,Animación,,1080p,Español,false,7:32:49,1358,2378,catalogo_files/i_031_AN8C.webp,https://ok.ru/video/15202787527406,https://ok.ru/videoembed/15202787527406
918,15202787527406,episode,Episodio 19,Gravity Falls - Temporada 1 (Disney) [1080p] [Español],gravity-falls,Gravity Falls,1,,19,24452,25811,,Disney,Animación,,1080p,Español,false,7:32:49,1359,2378,catalogo_files/i_031_AN8C.webp,https://ok.ru/video/15202787527406,https://ok.ru/videoembed/15202787527406
919,15202787527406,episode,Episodio 20,Gravity Falls - Temporada 1 (Disney) [1080p] [Español],gravity-falls,Gravity Falls,1,,20,25811,,,Disney,Animación,,1080p,Español,false,7:32:49,1358,2378,catalogo_files/i_031_AN8C.webp,https://ok.ru/video/15202787527406,https://ok.ru/videoembed/15202787527406
920,15202028948206,episode,Episodio 1,Sailor Moon R - Temporada 2 [1080p] [Español],sailor-moon-r,Sailor Moon R,2,,1,0,1449,,,Anime,Fantasía,1080p,Español,false,17:18:47,1449,2738,catalogo_files/i_558_AN8C.webp,https://ok.ru/video/15202028948206,https://ok.ru/videoembed/15202028948206
921,15202028948206,episode,Episodio 2,Sailor Moon R - Temporada 2 [1080p] [Español],sailor-moon-r,Sailor Moon R,2,,2,1449,2899,,,Anime,Fantasía,1080p,Español,false,17:18:47,1450,2738,catalogo_files/i_558_AN8C.webp,https://ok.ru/video/15202028948206,https://ok.ru/videoembed/15202028948206
922,15202028948206,episode,Episodio 3,Sailor Moon R - Temporada 2 [1080p] [Español],sailor-moon-r,Sailor Moon R,2,,3,2899,4348,,,Anime,Fantasía,1080p,Español,false,17:18:47,1449,2738,catalogo_files/i_558_AN8C.webp,https://ok.ru/video/15202028948206,https://ok.ru/videoembed/15202028948206
923,15202028948206,episode,Episodio 4,Sailor Moon R - Temporada 2 [1080p] [Español],sailor-moon-r,Sailor Moon R,2,,4,4348,5798,,,Anime,Fantasía,1080p,Español,false,17:18:47,1450,2738,catalogo_files/i_558_AN8C.webp,https://ok.ru/video/15202028948206,https://ok.ru/videoembed/15202028948206
924,15202028948206,episode,Episodio 5,Sailor Moon R - Temporada 2 [1080p] [Español],sailor-moon-r,Sailor Moon R,2,,5,5798,7247,,,Anime,Fantasía,1080p,Español,false,17:18:47,1449,2738,catalogo_files/i_558_AN8C.webp,https://ok.ru/video/15202028948206,https://ok.ru/videoembed/15202028948206
925,15202028948206,episode,Episodio 6,Sailor Moon R - Temporada 2 [1080p] [Español],sailor-moon-r,Sailor Moon R,2,,6,7247,8697,,,Anime,Fantasía,1080p,Español,false,17:18:47,1450,2738,catalogo_files/i_558_AN8C.webp,https://ok.ru/video/15202028948206,https://ok.ru/videoembed/15202028948206
926,15202028948206,episode,Episodio 7,Sailor Moon R - Temporada 2 [1080p] [Español],sailor-moon-r,Sailor Moon R,2,,7,8697,10146,,,Anime,Fantasía,1080p,Español,false,17:18:47,1449,2738,catalogo_files/i_558_AN8C.webp,https://ok.ru/video/15202028948206,https://ok.ru/videoembed/15202028948206
927,15202028948206,episode,Episodio 8,Sailor Moon R - Temporada 2 [1080p] [Español],sailor-moon-r,Sailor Moon R,2,,8,10146,11596,,,Anime,Fantasía,1080p,Español,false,17:18:47,1450,2738,catalogo_files/i_558_AN8C.webp,https://ok.ru/video/15202028948206,https://ok.ru/videoembed/15202028948206
928,15202028948206,episode,Episodio 9,Sailor Moon R - Temporada 2 [1080p] [Español],sailor-moon-r,Sailor Moon R,2,,9,11596,13045,,,Anime,Fantasía,1080p,Español,false,17:18:47,1449,2738,catalogo_files/i_558_AN8C.webp,https://ok.ru/video/15202028948206,https://ok.ru/videoembed/15202028948206
929,15202028948206,episode,Episodio 10,Sailor Moon R - Temporada 2 [1080p] [Español],sailor-moon-r,Sailor Moon R,2,,10,13045,14495,,,Anime,Fantasía,1080p,Español,false,17:18:47,1450,2738,catalogo_files/i_558_AN8C.webp,https://ok.ru/video/15202028948206,https://ok.ru/videoembed/15202028948206
930,15202028948206,episode,Episodio 11,Sailor Moon R - Temporada 2 [1080p] [Español],sailor-moon-r,Sailor Moon R,2,,11,14495,15944,,,Anime,Fantasía,1080p,Español,false,17:18:47,1449,2738,catalogo_files/i_558_AN8C.webp,https://ok.ru/video/15202028948206,https://ok.ru/videoembed/15202028948206
931,15202028948206,episode,Episodio 12,Sailor Moon R - Temporada 2 [1080p] [Español],sailor-moon-r,Sailor Moon R,2,,12,15944,17394,,,Anime,Fantasía,1080p,Español,false,17:18:47,1450,2738,catalogo_files/i_558_AN8C.webp,https://ok.ru/video/15202028948206,https://ok.ru/videoembed/15202028948206
932,15202028948206,episode,Episodio 13,Sailor Moon R - Temporada 2 [1080p] [Español],sailor-moon-r,Sailor Moon R,2,,13,17394,18843,,,Anime,Fantasía,1080p,Español,false,17:18:47,1449,2738,catalogo_files/i_558_AN8C.webp,https://ok.ru/video/15202028948206,https://ok.ru/videoembed/15202028948206
933,15202028948206,episode,Episodio 14,Sailor Moon R - Temporada 2 [1080p] [Español],sailor-moon-r,Sailor Moon R,2,,14,18843,20293,,,Anime,Fantasía,1080p,Español,false,17:18:47,1450,2738,catalogo_files/i_558_AN8C.webp,https://ok.ru/video/15202028948206,https://ok.ru/videoembed/15202028948206
934,15202028948206,episode,Episodio 15,Sailor Moon R - Temporada 2 [1080p] [Español],sailor-moon-r,Sailor Moon R,2,,15,20293,21742,,,Anime,Fantasía,1080p,Español,false,17:18:47,1449,2738,catalogo_files/i_558_AN8C.webp,https://ok.ru/video/15202028948206,https://ok.ru/videoembed/15202028948206
935,15202028948206,episode,Episodio 16,Sailor Moon R - Temporada 2 [1080p] [Español],sailor-moon-r,Sailor Moon R,2,,16,21742,23191,,,Anime,Fantasía,1080p,Español,false,17:18:47,1449,2738,catalogo_files/i_558_AN8C.webp,https://ok.ru/video/15202028948206,https://ok.ru/videoembed/15202028948206
936,15202028948206,episode,Episodio 17,Sailor Moon R - Temporada 2 [1080p] [Español],sailor-moon-r,Sailor Moon R,2,,17,23191,24641,,,Anime,Fantasía,1080p,Español,false,17:18:47,1450,2738,catalogo_files/i_558_AN8C.webp,https://ok.ru/video/15202028948206,https://ok.ru/videoembed/15202028948206
937,15202028948206,episode,Episodio 18,Sailor Moon R - Temporada 2 [1080p] [Español],sailor-moon-r,Sailor Moon R,2,,18,24641,26090,,,Anime,Fantasía,1080p,Español,false,17:18:47,1449,2738,catalogo_files/i_558_AN8C.webp,https://ok.ru/video/15202028948206,https://ok.ru/videoembed/15202028948206
938,15202028948206,episode,Episodio 19,Sailor Moon R - Temporada 2 [1080p] [Español],sailor-moon-r,Sailor Moon R,2,,19,26090,27540,,,Anime,Fantasía,1080p,Español,false,17:18:47,1450,2738,catalogo_files/i_558_AN8C.webp,https://ok.ru/video/15202028948206,https://ok.ru/videoembed/15202028948206
939,15202028948206,episode,Episodio 20,Sailor Moon R - Temporada 2 [1080p] [Español],sailor-moon-r,Sailor Moon R,2,,20,27540,28989,,,Anime,Fantasía,1080p,Español,false,17:18:47,1449,2738,catalogo_files/i_558_AN8C.webp,https://ok.ru/video/15202028948206,https://ok.ru/videoembed/15202028948206
940,15202028948206,episode,Episodio 21,Sailor Moon R - Temporada 2 [1080p] [Español],sailor-moon-r,Sailor Moon R,2,,21,28989,30439,,,Anime,Fantasía,1080p,Español,false,17:18:47,1450,2738,catalogo_files/i_558_AN8C.webp,https://ok.ru/video/15202028948206,https://ok.ru/videoembed/15202028948206
941,15202028948206,episode,Episodio 22,Sailor Moon R - Temporada 2 [1080p] [Español],sailor-moon-r,Sailor Moon R,2,,22,30439,31888,,,Anime,Fantasía,1080p,Español,false,17:18:47,1449,2738,catalogo_files/i_558_AN8C.webp,https://ok.ru/video/15202028948206,https://ok.ru/videoembed/15202028948206
942,15202028948206,episode,Episodio 23,Sailor Moon R - Temporada 2 [1080p] [Español],sailor-moon-r,Sailor Moon R,2,,23,31888,33338,,,Anime,Fantasía,1080p,Español,false,17:18:47,1450,2738,catalogo_files/i_558_AN8C.webp,https://ok.ru/video/15202028948206,https://ok.ru/videoembed/15202028948206
943,15202028948206,episode,Episodio 24,Sailor Moon R - Temporada 2 [1080p] [Español],sailor-moon-r,Sailor Moon R,2,,24,33338,34787,,,Anime,Fantasía,1080p,Español,false,17:18:47,1449,2738,catalogo_files/i_558_AN8C.webp,https://ok.ru/video/15202028948206,https://ok.ru/videoembed/15202028948206
944,15202028948206,episode,Episodio 25,Sailor Moon R - Temporada 2 [1080p] [Español],sailor-moon-r,Sailor Moon R,2,,25,34787,36237,,,Anime,Fantasía,1080p,Español,false,17:18:47,1450,2738,catalogo_files/i_558_AN8C.webp,https://ok.ru/video/15202028948206,https://ok.ru/videoembed/15202028948206
945,15202028948206,episode,Episodio 26,Sailor Moon R - Temporada 2 [1080p] [Español],sailor-moon-r,Sailor Moon R,2,,26,36237,37686,,,Anime,Fantasía,1080p,Español,false,17:18:47,1449,2738,catalogo_files/i_558_AN8C.webp,https://ok.ru/video/15202028948206,https://ok.ru/videoembed/15202028948206
946,15202028948206,episode,Episodio 27,Sailor Moon R - Temporada 2 [1080p] [Español],sailor-moon-r,Sailor Moon R,2,,27,37686,39136,,,Anime,Fantasía,1080p,Español,false,17:18:47,1450,2738,catalogo_files/i_558_AN8C.webp,https://ok.ru/video/15202028948206,https://ok.ru/videoembed/15202028948206
947,15202028948206,episode,Episodio 28,Sailor Moon R - Temporada 2 [1080p] [Español],sailor-moon-r,Sailor Moon R,2,,28,39136,40585,,,Anime,Fantasía,1080p,Español,false,17:18:47,1449,2738,catalogo_files/i_558_AN8C.webp,https://ok.ru/video/15202028948206,https://ok.ru/videoembed/15202028948206
948,15202028948206,episode,Episodio 29,Sailor Moon R - Temporada 2 [1080p] [Español],sailor-moon-r,Sailor Moon R,2,,29,40585,42034,,,Anime,Fantasía,1080p,Español,false,17:18:47,1449,2738,catalogo_files/i_558_AN8C.webp,https://ok.ru/video/15202028948206,https://ok.ru/videoembed/15202028948206
949,15202028948206,episode,Episodio 30,Sailor Moon R - Temporada 2 [1080p] [Español],sailor-moon-r,Sailor Moon R,2,,30,42034,43484,,,Anime,Fantasía,1080p,Español,false,17:18:47,1450,2738,catalogo_files/i_558_AN8C.webp,https://ok.ru/video/15202028948206,https://ok.ru/videoembed/15202028948206
950,15202028948206,episode,Episodio 31,Sailor Moon R - Temporada 2 [1080p] [Español],sailor-moon-r,Sailor Moon R,2,,31,43484,44933,,,Anime,Fantasía,1080p,Español,false,17:18:47,1449,2738,catalogo_files/i_558_AN8C.webp,https://ok.ru/video/15202028948206,https://ok.ru/videoembed/15202028948206
951,15202028948206,episode,Episodio 32,Sailor Moon R - Temporada 2 [1080p] [Español],sailor-moon-r,Sailor Moon R,2,,32,44933,46383,,,Anime,Fantasía,1080p,Español,false,17:18:47,1450,2738,catalogo_files/i_558_AN8C.webp,https://ok.ru/video/15202028948206,https://ok.ru/videoembed/15202028948206
952,15202028948206,episode,Episodio 33,Sailor Moon R - Temporada 2 [1080p] [Español],sailor-moon-r,Sailor Moon R,2,,33,46383,47832,,,Anime,Fantasía,1080p,Español,false,17:18:47,1449,2738,catalogo_files/i_558_AN8C.webp,https://ok.ru/video/15202028948206,https://ok.ru/videoembed/15202028948206
953,15202028948206,episode,Episodio 34,Sailor Moon R - Temporada 2 [1080p] [Español],sailor-moon-r,Sailor Moon R,2,,34,47832,49282,,,Anime,Fantasía,1080p,Español,false,17:18:47,1450,2738,catalogo_files/i_558_AN8C.webp,https://ok.ru/video/15202028948206,https://ok.ru/videoembed/15202028948206
954,15202028948206,episode,Episodio 35,Sailor Moon R - Temporada 2 [1080p] [Español],sailor-moon-r,Sailor Moon R,2,,35,49282,50731,,,Anime,Fantasía,1080p,Español,false,17:18:47,1449,2738,catalogo_files/i_558_AN8C.webp,https://ok.ru/video/15202028948206,https://ok.ru/videoembed/15202028948206
955,15202028948206,episode,Episodio 36,Sailor Moon R - Temporada 2 [1080p] [Español],sailor-moon-r,Sailor Moon R,2,,36,50731,52181,,,Anime,Fantasía,1080p,Español,false,17:18:47,1450,2738,catalogo_files/i_558_AN8C.webp,https://ok.ru/video/15202028948206,https://ok.ru/videoembed/15202028948206
956,15202028948206,episode,Episodio 37,Sailor Moon R - Temporada 2 [1080p] [Español],sailor-moon-r,Sailor Moon R,2,,37,52181,53630,,,Anime,Fantasía,1080p,Español,false,17:18:47,1449,2738,catalogo_files/i_558_AN8C.webp,https://ok.ru/video/15202028948206,https://ok.ru/videoembed/15202028948206
957,15202028948206,episode,Episodio 38,Sailor Moon R - Temporada 2 [1080p] [Español],sailor-moon-r,Sailor Moon R,2,,38,53630,55080,,,Anime,Fantasía,1080p,Español,false,17:18:47,1450,2738,catalogo_files/i_558_AN8C.webp,https://ok.ru/video/15202028948206,https://ok.ru/videoembed/15202028948206
958,15202028948206,episode,Episodio 39,Sailor Moon R - Temporada 2 [1080p] [Español],sailor-moon-r,Sailor Moon R,2,,39,55080,56529,,,Anime,Fantasía,1080p,Español,false,17:18:47,1449,2738,catalogo_files/i_558_AN8C.webp,https://ok.ru/video/15202028948206,https://ok.ru/videoembed/15202028948206
959,15202028948206,episode,Episodio 40,Sailor Moon R - Temporada 2 [1080p] [Español],sailor-moon-r,Sailor Moon R,2,,40,56529,57979,,,Anime,Fantasía,1080p,Español,false,17:18:47,1450,2738,catalogo_files/i_558_AN8C.webp,https://ok.ru/video/15202028948206,https://ok.ru/videoembed/15202028948206
960,15202028948206,episode,Episodio 41,Sailor Moon R - Temporada 2 [1080p] [Español],sailor-moon-r,Sailor Moon R,2,,41,57979,59428,,,Anime,Fantasía,1080p,Español,false,17:18:47,1449,2738,catalogo_files/i_558_AN8C.webp,https://ok.ru/video/15202028948206,https://ok.ru/videoembed/15202028948206
961,15202028948206,episode,Episodio 42,Sailor Moon R - Temporada 2 [1080p] [Español],sailor-moon-r,Sailor Moon R,2,,42,59428,60878,,,Anime,Fantasía,1080p,Español,false,17:18:47,1450,2738,catalogo_files/i_558_AN8C.webp,https://ok.ru/video/15202028948206,https://ok.ru/videoembed/15202028948206
962,15202028948206,episode,Episodio 43,Sailor Moon R - Temporada 2 [1080p] [Español],sailor-moon-r,Sailor Moon R,2,,43,60878,,,,Anime,Fantasía,1080p,Español,false,17:18:47,1449,2738,catalogo_files/i_558_AN8C.webp,https://ok.ru/video/15202028948206,https://ok.ru/videoembed/15202028948206
963,15178742827758,season,"Love, Death & Robots","Love, Death & Robots - Temporada 2 [4K] [Español]",love-death-robots,"Love, Death & Robots",2,,,,,,,Ciencia Ficción,Animación,4K,Español,false,1:48:31,6511,2002,catalogo_files/i_889_AN8C.webp,https://ok.ru/video/15178742827758,https://ok.ru/videoembed/15178742827758
964,15170975369966,episode,Episodio 1,Arcane - Temporada 2 [4K] [Español],arcane,Arcane,2,,1,0,2274,,,Animación,Fantasía,4K,Español,false,5:41:03,2274,2677,catalogo_files/i_806_AN8C.webp,https://ok.ru/video/15170975369966,https://ok.ru/videoembed/15170975369966
965,15170975369966,episode,Episodio 2,Arcane - Temporada 2 [4K] [Español],arcane,Arcane,2,,2,2274,4547,,,Animación,Fantasía,4K,Español,false,5:41:03,2273,2677,catalogo_files/i_806_AN8C.webp,https://ok.ru/video/15170975369966,https://ok.ru/videoembed/15170975369966
966,15170975369966,episode,Episodio 3,Arcane - Temporada 2 [4K] [Español],arcane,Arcane,2,,3,4547,6821,,,Animación,Fantasía,4K,Español,false,5:41:03,2274,2677,catalogo_files/i_806_AN8C.webp,https://ok.ru/video/15170975369966,https://ok.ru/videoembed/15170975369966
967,15170975369966,episode,Episodio 4,Arcane - Temporada 2 [4K] [Español],arcane,Arcane,2,,4,6821,9095,,,Animación,Fantasía,4K,Español,false,5:41:03,2274,2677,catalogo_files/i_806_AN8C.webp,https://ok.ru/video/15170975369966,https://ok.ru/videoembed/15170975369966
968,15170975369966,episode,Episodio 5,Arcane - Temporada 2 [4K] [Español],arcane,Arcane,2,,5,9095,11368,,,Animación,Fantasía,4K,Español,false,5:41:03,2273,2677,catalogo_files/i_806_AN8C.webp,https://ok.ru/video/15170975369966,https://ok.ru/videoembed/15170975369966
969,15170975369966,episode,Episodio 6,Arcane - Temporada 2 [4K] [Español],arcane,Arcane,2,,6,11368,13642,,,Animación,Fantasía,4K,Español,false,5:41:03,2274,2677,catalogo_files/i_806_AN8C.webp,https://ok.ru/video/15170975369966,https://ok.ru/videoembed/15170975369966
970,15170975369966,episode,Episodio 7,Arcane - Temporada 2 [4K] [Español],arcane,Arcane,2,,7,13642,15916,,,Animación,Fantasía,4K,Español,false,5:41:03,2274,2677,catalogo_files/i_806_AN8C.webp,https://ok.ru/video/15170975369966,https://ok.ru/videoembed/15170975369966
971,15170975369966,episode,Episodio 8,Arcane - Temporada 2 [4K] [Español],arcane,Arcane,2,,8,15916,18189,,,Animación,Fantasía,4K,Español,false,5:41:03,2273,2677,catalogo_files/i_806_AN8C.webp,https://ok.ru/video/15170975369966,https://ok.ru/videoembed/15170975369966
972,15170975369966,episode,Episodio 9,Arcane - Temporada 2 [4K] [Español],arcane,Arcane,2,,9,18189,,,,Animación,Fantasía,4K,Español,false,5:41:03,2274,2677,catalogo_files/i_806_AN8C.webp,https://ok.ru/video/15170975369966,https://ok.ru/videoembed/15170975369966
973,15171309669102,movie,Charlie y la fábrica de chocolate,Charlie y la fábrica de chocolate [4K] [Español],,,,,,,,,,Fantasía,Infantil,4K,Español,false,1:55:23,6923,6962,catalogo_files/i_224_AN8C.webp,https://ok.ru/video/15171309669102,https://ok.ru/videoembed/15171309669102
974,15154740005614,movie,Herbie a toda marcha,Herbie a toda marcha (2005) [4K] [Español],,,,,,,,2005,,Comedia,Aventura,4K,Español,false,1:41:03,6063,2367,catalogo_files/i_643_AN8C.webp,https://ok.ru/video/15154740005614,https://ok.ru/videoembed/15154740005614
975,15156279315182,movie,Peter Pan,Peter Pan (2003) [4K] [Español],,,,,,,,2003,,Animación,Infantil,4K,Español,false,1:53:23,6803,1890,catalogo_files/i_229_AN8C.webp,https://ok.ru/video/15156279315182,https://ok.ru/videoembed/15156279315182
976,15145557953262,episode,Episodio 1,Sangre de Zeus - Temporada 2 [1080p] [Español],sangre-de-zeus,Sangre de Zeus,2,,1,0,1805,,,Animación,Fantasía,1080p,Español,false,4:00:43,1805,1750,catalogo_files/i_349_AN8C.webp,https://ok.ru/video/15145557953262,https://ok.ru/videoembed/15145557953262
977,15145557953262,episode,Episodio 2,Sangre de Zeus - Temporada 2 [1080p] [Español],sangre-de-zeus,Sangre de Zeus,2,,2,1805,3611,,,Animación,Fantasía,1080p,Español,false,4:00:43,1806,1750,catalogo_files/i_349_AN8C.webp,https://ok.ru/video/15145557953262,https://ok.ru/videoembed/15145557953262
978,15145557953262,episode,Episodio 3,Sangre de Zeus - Temporada 2 [1080p] [Español],sangre-de-zeus,Sangre de Zeus,2,,3,3611,5416,,,Animación,Fantasía,1080p,Español,false,4:00:43,1805,1750,catalogo_files/i_349_AN8C.webp,https://ok.ru/video/15145557953262,https://ok.ru/videoembed/15145557953262
979,15145557953262,episode,Episodio 4,Sangre de Zeus - Temporada 2 [1080p] [Español],sangre-de-zeus,Sangre de Zeus,2,,4,5416,7222,,,Animación,Fantasía,1080p,Español,false,4:00:43,1806,1750,catalogo_files/i_349_AN8C.webp,https://ok.ru/video/15145557953262,https://ok.ru/videoembed/15145557953262
980,15145557953262,episode,Episodio 5,Sangre de Zeus - Temporada 2 [1080p] [Español],sangre-de-zeus,Sangre de Zeus,2,,5,7222,9027,,,Animación,Fantasía,1080p,Español,false,4:00:43,1805,1750,catalogo_files/i_349_AN8C.webp,https://ok.ru/video/15145557953262,https://ok.ru/videoembed/15145557953262
981,15145557953262,episode,Episodio 6,Sangre de Zeus - Temporada 2 [1080p] [Español],sangre-de-zeus,Sangre de Zeus,2,,6,9027,10832,,,Animación,Fantasía,1080p,Español,false,4:00:43,1805,1750,catalogo_files/i_349_AN8C.webp,https://ok.ru/video/15145557953262,https://ok.ru/videoembed/15145557953262
982,15145557953262,episode,Episodio 7,Sangre de Zeus - Temporada 2 [1080p] [Español],sangre-de-zeus,Sangre de Zeus,2,,7,10832,12638,,,Animación,Fantasía,1080p,Español,false,4:00:43,1806,1750,catalogo_files/i_349_AN8C.webp,https://ok.ru/video/15145557953262,https://ok.ru/videoembed/15145557953262
983,15145557953262,episode,Episodio 8,Sangre de Zeus - Temporada 2 [1080p] [Español],sangre-de-zeus,Sangre de Zeus,2,,8,12638,,,,Animación,Fantasía,1080p,Español,false,4:00:43,1805,1750,catalogo_files/i_349_AN8C.webp,https://ok.ru/video/15145557953262,https://ok.ru/videoembed/15145557953262
984,15153776757486,movie,Demon Slayer: el castillo infinito,Demon Slayer: el castillo infinito [4K] [Español],,,,,,,,,,Anime,Acción,4K,Español,false,2:34:43,9283,19247,catalogo_files/i_329_AN8C.webp,https://ok.ru/video/15153776757486,https://ok.ru/videoembed/15153776757486
985,15147680467694,movie,Juego de gemelas,Juego de gemelas (1998) [4K] [Español],,,,,,,,1998,,Comedia,Infantil,4K,Español,false,2:08:12,7692,2517,catalogo_files/i_025_AN8C.webp,https://ok.ru/video/15147680467694,https://ok.ru/videoembed/15147680467694
986,15147417930478,episode,Episodio 1,Sangre de Zeus - Temporada 1 [1080p] [Español],sangre-de-zeus,Sangre de Zeus,1,,1,0,1858,,,Animación,Fantasía,1080p,Español,false,4:07:43,1858,1761,catalogo_files/i_173_AN8C.webp,https://ok.ru/video/15147417930478,https://ok.ru/videoembed/15147417930478
987,15147417930478,episode,Episodio 2,Sangre de Zeus - Temporada 1 [1080p] [Español],sangre-de-zeus,Sangre de Zeus,1,,2,1858,3716,,,Animación,Fantasía,1080p,Español,false,4:07:43,1858,1761,catalogo_files/i_173_AN8C.webp,https://ok.ru/video/15147417930478,https://ok.ru/videoembed/15147417930478
988,15147417930478,episode,Episodio 3,Sangre de Zeus - Temporada 1 [1080p] [Español],sangre-de-zeus,Sangre de Zeus,1,,3,3716,5574,,,Animación,Fantasía,1080p,Español,false,4:07:43,1858,1761,catalogo_files/i_173_AN8C.webp,https://ok.ru/video/15147417930478,https://ok.ru/videoembed/15147417930478
989,15147417930478,episode,Episodio 4,Sangre de Zeus - Temporada 1 [1080p] [Español],sangre-de-zeus,Sangre de Zeus,1,,4,5574,7432,,,Animación,Fantasía,1080p,Español,false,4:07:43,1858,1761,catalogo_files/i_173_AN8C.webp,https://ok.ru/video/15147417930478,https://ok.ru/videoembed/15147417930478
990,15147417930478,episode,Episodio 5,Sangre de Zeus - Temporada 1 [1080p] [Español],sangre-de-zeus,Sangre de Zeus,1,,5,7432,9289,,,Animación,Fantasía,1080p,Español,false,4:07:43,1857,1761,catalogo_files/i_173_AN8C.webp,https://ok.ru/video/15147417930478,https://ok.ru/videoembed/15147417930478
991,15147417930478,episode,Episodio 6,Sangre de Zeus - Temporada 1 [1080p] [Español],sangre-de-zeus,Sangre de Zeus,1,,6,9289,11147,,,Animación,Fantasía,1080p,Español,false,4:07:43,1858,1761,catalogo_files/i_173_AN8C.webp,https://ok.ru/video/15147417930478,https://ok.ru/videoembed/15147417930478
992,15147417930478,episode,Episodio 7,Sangre de Zeus - Temporada 1 [1080p] [Español],sangre-de-zeus,Sangre de Zeus,1,,7,11147,13005,,,Animación,Fantasía,1080p,Español,false,4:07:43,1858,1761,catalogo_files/i_173_AN8C.webp,https://ok.ru/video/15147417930478,https://ok.ru/videoembed/15147417930478
993,15147417930478,episode,Episodio 8,Sangre de Zeus - Temporada 1 [1080p] [Español],sangre-de-zeus,Sangre de Zeus,1,,8,13005,,,,Animación,Fantasía,1080p,Español,false,4:07:43,1858,1761,catalogo_files/i_173_AN8C.webp,https://ok.ru/video/15147417930478,https://ok.ru/videoembed/15147417930478
994,15127466805998,movie,Meteoro,Meteoro (2008) [4K] [Español],,,,,,,,2008,,Anime,Acción,4K,Español,false,2:15:01,8101,2475,catalogo_files/i_528_AN8C.webp,https://ok.ru/video/15127466805998,https://ok.ru/videoembed/15127466805998
995,15083405511406,movie,Amos del universo,Amos del universo (2026) [4K] [Español],,,,,,,,2026,,Acción,Fantasía,4K,Español,false,2:23:54,8634,6249,catalogo_files/i_120_AN8C.webp,https://ok.ru/video/15083405511406,https://ok.ru/videoembed/15083405511406
996,15125968980718,episode,Episodio 1,Este mundo no me hará mala persona - Temporada 1 [1080p] [Español],este-mundo-no-me-hara-mala-persona,Este mundo no me hará mala persona,1,,1,0,1798,,,Drama,,1080p,Español,false,2:59:50,1798,2525,catalogo_files/i_745_AN8C.webp,https://ok.ru/video/15125968980718,https://ok.ru/videoembed/15125968980718
997,15125968980718,episode,Episodio 2,Este mundo no me hará mala persona - Temporada 1 [1080p] [Español],este-mundo-no-me-hara-mala-persona,Este mundo no me hará mala persona,1,,2,1798,3597,,,Drama,,1080p,Español,false,2:59:50,1799,2525,catalogo_files/i_745_AN8C.webp,https://ok.ru/video/15125968980718,https://ok.ru/videoembed/15125968980718
998,15125968980718,episode,Episodio 3,Este mundo no me hará mala persona - Temporada 1 [1080p] [Español],este-mundo-no-me-hara-mala-persona,Este mundo no me hará mala persona,1,,3,3597,5395,,,Drama,,1080p,Español,false,2:59:50,1798,2525,catalogo_files/i_745_AN8C.webp,https://ok.ru/video/15125968980718,https://ok.ru/videoembed/15125968980718
999,15125968980718,episode,Episodio 4,Este mundo no me hará mala persona - Temporada 1 [1080p] [Español],este-mundo-no-me-hara-mala-persona,Este mundo no me hará mala persona,1,,4,5395,7193,,,Drama,,1080p,Español,false,2:59:50,1798,2525,catalogo_files/i_745_AN8C.webp,https://ok.ru/video/15125968980718,https://ok.ru/videoembed/15125968980718
1000,15125968980718,episode,Episodio 5,Este mundo no me hará mala persona - Temporada 1 [1080p] [Español],este-mundo-no-me-hara-mala-persona,Este mundo no me hará mala persona,1,,5,7193,8992,,,Drama,,1080p,Español,false,2:59:50,1799,2525,catalogo_files/i_745_AN8C.webp,https://ok.ru/video/15125968980718,https://ok.ru/videoembed/15125968980718
1001,15125968980718,episode,Episodio 6,Este mundo no me hará mala persona - Temporada 1 [1080p] [Español],este-mundo-no-me-hara-mala-persona,Este mundo no me hará mala persona,1,,6,8992,,,,Drama,,1080p,Español,false,2:59:50,1798,2525,catalogo_files/i_745_AN8C.webp,https://ok.ru/video/15125968980718,https://ok.ru/videoembed/15125968980718
1002,15126913354478,episode,Episodio 1,Cortar por la línea de puntos - Temporada 1 [1080p] [Español],cortar-por-la-linea-de-puntos,Cortar por la línea de puntos,1,,1,0,1206,,,Comedia,Drama,1080p,Español,false,2:00:35,1206,2236,catalogo_files/i_045_AN8C.webp,https://ok.ru/video/15126913354478,https://ok.ru/videoembed/15126913354478
1003,15126913354478,episode,Episodio 2,Cortar por la línea de puntos - Temporada 1 [1080p] [Español],cortar-por-la-linea-de-puntos,Cortar por la línea de puntos,1,,2,1206,2412,,,Comedia,Drama,1080p,Español,false,2:00:35,1206,2236,catalogo_files/i_045_AN8C.webp,https://ok.ru/video/15126913354478,https://ok.ru/videoembed/15126913354478
1004,15126913354478,episode,Episodio 3,Cortar por la línea de puntos - Temporada 1 [1080p] [Español],cortar-por-la-linea-de-puntos,Cortar por la línea de puntos,1,,3,2412,3618,,,Comedia,Drama,1080p,Español,false,2:00:35,1206,2236,catalogo_files/i_045_AN8C.webp,https://ok.ru/video/15126913354478,https://ok.ru/videoembed/15126913354478
1005,15126913354478,episode,Episodio 4,Cortar por la línea de puntos - Temporada 1 [1080p] [Español],cortar-por-la-linea-de-puntos,Cortar por la línea de puntos,1,,4,3618,4823,,,Comedia,Drama,1080p,Español,false,2:00:35,1205,2236,catalogo_files/i_045_AN8C.webp,https://ok.ru/video/15126913354478,https://ok.ru/videoembed/15126913354478
1006,15126913354478,episode,Episodio 5,Cortar por la línea de puntos - Temporada 1 [1080p] [Español],cortar-por-la-linea-de-puntos,Cortar por la línea de puntos,1,,5,4823,6029,,,Comedia,Drama,1080p,Español,false,2:00:35,1206,2236,catalogo_files/i_045_AN8C.webp,https://ok.ru/video/15126913354478,https://ok.ru/videoembed/15126913354478
1007,15126913354478,episode,Episodio 6,Cortar por la línea de puntos - Temporada 1 [1080p] [Español],cortar-por-la-linea-de-puntos,Cortar por la línea de puntos,1,,6,6029,,,,Comedia,Drama,1080p,Español,false,2:00:35,1206,2236,catalogo_files/i_045_AN8C.webp,https://ok.ru/video/15126913354478,https://ok.ru/videoembed/15126913354478
1008,15121497787118,movie,Frankenweenie,Frankenweenie (2012) [4K] [Español],,,,,,,,2012,,Animación,Terror,4K,Español,false,1:23:50,5030,1805,catalogo_files/i_245_AN8C.webp,https://ok.ru/video/15121497787118,https://ok.ru/videoembed/15121497787118
1009,15124363610862,movie,Ratones y zorros: una amistad de otro mundo,Ratones y zorros: una amistad de otro mundo (2021) [1080p] [Sub Español],,,,,,,,2021,,Animación,Infantil,1080p,Español,true,1:27:35,5255,1432,catalogo_files/i_209_AN8C.webp,https://ok.ru/video/15124363610862,https://ok.ru/videoembed/15124363610862
1010,15123877137134,movie,Flåklypa Grand Prix,Flåklypa Grand Prix (1975) [1080p] [Sub Español],,,,,,,,1975,,Animación,Aventura,1080p,Español,true,1:28:06,5286,1413,catalogo_files/i_068_AN8C.webp,https://ok.ru/video/15123877137134,https://ok.ru/videoembed/15123877137134
1011,15122509662958,movie,Rally from Paris to the Pyramids,Rally from Paris to the Pyramids (2025) [1080p] [Sub Español],,,,,,,,2025,,Documental,Aventura,1080p,Español,true,1:18:21,4701,1481,catalogo_files/i_487_AN8C.webp,https://ok.ru/video/15122509662958,https://ok.ru/videoembed/15122509662958
1012,15122857921262,movie,Racing stripes,Racing stripes [1080p] [Español],,,,,,,,,,Comedia,Infantil,1080p,Español,false,1:41:56,6116,2303,catalogo_files/i_077_AN8C.webp,https://ok.ru/video/15122857921262,https://ok.ru/videoembed/15122857921262
1013,10368577440494,movie,La telaraña de Charlotte,La telaraña de Charlotte [1080p] [Español],,,,,,,,,,Animación,Infantil,1080p,Español,false,1:34:16,5656,1970,catalogo_files/i_630_AN8C.webp,https://ok.ru/video/10368577440494,https://ok.ru/videoembed/10368577440494
1014,15121740860142,episode,Episodio 1,Star vs. las fuerzas del mal - Temporada 3 [1080p] [Español],star-vs-las-fuerzas-del-mal,Star vs. las fuerzas del mal,3,,1,0,1340,,,Animación,Fantasía,1080p,Español,false,7:48:57,1340,2773,catalogo_files/i_743_AN8C.webp,https://ok.ru/video/15121740860142,https://ok.ru/videoembed/15121740860142
1015,15121740860142,episode,Episodio 2,Star vs. las fuerzas del mal - Temporada 3 [1080p] [Español],star-vs-las-fuerzas-del-mal,Star vs. las fuerzas del mal,3,,2,1340,2680,,,Animación,Fantasía,1080p,Español,false,7:48:57,1340,2773,catalogo_files/i_743_AN8C.webp,https://ok.ru/video/15121740860142,https://ok.ru/videoembed/15121740860142
1016,15121740860142,episode,Episodio 3,Star vs. las fuerzas del mal - Temporada 3 [1080p] [Español],star-vs-las-fuerzas-del-mal,Star vs. las fuerzas del mal,3,,3,2680,4020,,,Animación,Fantasía,1080p,Español,false,7:48:57,1340,2773,catalogo_files/i_743_AN8C.webp,https://ok.ru/video/15121740860142,https://ok.ru/videoembed/15121740860142
1017,15121740860142,episode,Episodio 4,Star vs. las fuerzas del mal - Temporada 3 [1080p] [Español],star-vs-las-fuerzas-del-mal,Star vs. las fuerzas del mal,3,,4,4020,5359,,,Animación,Fantasía,1080p,Español,false,7:48:57,1339,2773,catalogo_files/i_743_AN8C.webp,https://ok.ru/video/15121740860142,https://ok.ru/videoembed/15121740860142
1018,15121740860142,episode,Episodio 5,Star vs. las fuerzas del mal - Temporada 3 [1080p] [Español],star-vs-las-fuerzas-del-mal,Star vs. las fuerzas del mal,3,,5,5359,6699,,,Animación,Fantasía,1080p,Español,false,7:48:57,1340,2773,catalogo_files/i_743_AN8C.webp,https://ok.ru/video/15121740860142,https://ok.ru/videoembed/15121740860142
1019,15121740860142,episode,Episodio 6,Star vs. las fuerzas del mal - Temporada 3 [1080p] [Español],star-vs-las-fuerzas-del-mal,Star vs. las fuerzas del mal,3,,6,6699,8039,,,Animación,Fantasía,1080p,Español,false,7:48:57,1340,2773,catalogo_files/i_743_AN8C.webp,https://ok.ru/video/15121740860142,https://ok.ru/videoembed/15121740860142
1020,15121740860142,episode,Episodio 7,Star vs. las fuerzas del mal - Temporada 3 [1080p] [Español],star-vs-las-fuerzas-del-mal,Star vs. las fuerzas del mal,3,,7,8039,9379,,,Animación,Fantasía,1080p,Español,false,7:48:57,1340,2773,catalogo_files/i_743_AN8C.webp,https://ok.ru/video/15121740860142,https://ok.ru/videoembed/15121740860142
1021,15121740860142,episode,Episodio 8,Star vs. las fuerzas del mal - Temporada 3 [1080p] [Español],star-vs-las-fuerzas-del-mal,Star vs. las fuerzas del mal,3,,8,9379,10719,,,Animación,Fantasía,1080p,Español,false,7:48:57,1340,2773,catalogo_files/i_743_AN8C.webp,https://ok.ru/video/15121740860142,https://ok.ru/videoembed/15121740860142
1022,15121740860142,episode,Episodio 9,Star vs. las fuerzas del mal - Temporada 3 [1080p] [Español],star-vs-las-fuerzas-del-mal,Star vs. las fuerzas del mal,3,,9,10719,12059,,,Animación,Fantasía,1080p,Español,false,7:48:57,1340,2773,catalogo_files/i_743_AN8C.webp,https://ok.ru/video/15121740860142,https://ok.ru/videoembed/15121740860142
1023,15121740860142,episode,Episodio 10,Star vs. las fuerzas del mal - Temporada 3 [1080p] [Español],star-vs-las-fuerzas-del-mal,Star vs. las fuerzas del mal,3,,10,12059,13399,,,Animación,Fantasía,1080p,Español,false,7:48:57,1340,2773,catalogo_files/i_743_AN8C.webp,https://ok.ru/video/15121740860142,https://ok.ru/videoembed/15121740860142
1024,15121740860142,episode,Episodio 11,Star vs. las fuerzas del mal - Temporada 3 [1080p] [Español],star-vs-las-fuerzas-del-mal,Star vs. las fuerzas del mal,3,,11,13399,14738,,,Animación,Fantasía,1080p,Español,false,7:48:57,1339,2773,catalogo_files/i_743_AN8C.webp,https://ok.ru/video/15121740860142,https://ok.ru/videoembed/15121740860142
1025,15121740860142,episode,Episodio 12,Star vs. las fuerzas del mal - Temporada 3 [1080p] [Español],star-vs-las-fuerzas-del-mal,Star vs. las fuerzas del mal,3,,12,14738,16078,,,Animación,Fantasía,1080p,Español,false,7:48:57,1340,2773,catalogo_files/i_743_AN8C.webp,https://ok.ru/video/15121740860142,https://ok.ru/videoembed/15121740860142
1026,15121740860142,episode,Episodio 13,Star vs. las fuerzas del mal - Temporada 3 [1080p] [Español],star-vs-las-fuerzas-del-mal,Star vs. las fuerzas del mal,3,,13,16078,17418,,,Animación,Fantasía,1080p,Español,false,7:48:57,1340,2773,catalogo_files/i_743_AN8C.webp,https://ok.ru/video/15121740860142,https://ok.ru/videoembed/15121740860142
1027,15121740860142,episode,Episodio 14,Star vs. las fuerzas del mal - Temporada 3 [1080p] [Español],star-vs-las-fuerzas-del-mal,Star vs. las fuerzas del mal,3,,14,17418,18758,,,Animación,Fantasía,1080p,Español,false,7:48:57,1340,2773,catalogo_files/i_743_AN8C.webp,https://ok.ru/video/15121740860142,https://ok.ru/videoembed/15121740860142
1028,15121740860142,episode,Episodio 15,Star vs. las fuerzas del mal - Temporada 3 [1080p] [Español],star-vs-las-fuerzas-del-mal,Star vs. las fuerzas del mal,3,,15,18758,20098,,,Animación,Fantasía,1080p,Español,false,7:48:57,1340,2773,catalogo_files/i_743_AN8C.webp,https://ok.ru/video/15121740860142,https://ok.ru/videoembed/15121740860142
1029,15121740860142,episode,Episodio 16,Star vs. las fuerzas del mal - Temporada 3 [1080p] [Español],star-vs-las-fuerzas-del-mal,Star vs. las fuerzas del mal,3,,16,20098,21438,,,Animación,Fantasía,1080p,Español,false,7:48:57,1340,2773,catalogo_files/i_743_AN8C.webp,https://ok.ru/video/15121740860142,https://ok.ru/videoembed/15121740860142
1030,15121740860142,episode,Episodio 17,Star vs. las fuerzas del mal - Temporada 3 [1080p] [Español],star-vs-las-fuerzas-del-mal,Star vs. las fuerzas del mal,3,,17,21438,22778,,,Animación,Fantasía,1080p,Español,false,7:48:57,1340,2773,catalogo_files/i_743_AN8C.webp,https://ok.ru/video/15121740860142,https://ok.ru/videoembed/15121740860142
1031,15121740860142,episode,Episodio 18,Star vs. las fuerzas del mal - Temporada 3 [1080p] [Español],star-vs-las-fuerzas-del-mal,Star vs. las fuerzas del mal,3,,18,22778,24117,,,Animación,Fantasía,1080p,Español,false,7:48:57,1339,2773,catalogo_files/i_743_AN8C.webp,https://ok.ru/video/15121740860142,https://ok.ru/videoembed/15121740860142
1032,15121740860142,episode,Episodio 19,Star vs. las fuerzas del mal - Temporada 3 [1080p] [Español],star-vs-las-fuerzas-del-mal,Star vs. las fuerzas del mal,3,,19,24117,25457,,,Animación,Fantasía,1080p,Español,false,7:48:57,1340,2773,catalogo_files/i_743_AN8C.webp,https://ok.ru/video/15121740860142,https://ok.ru/videoembed/15121740860142
1033,15121740860142,episode,Episodio 20,Star vs. las fuerzas del mal - Temporada 3 [1080p] [Español],star-vs-las-fuerzas-del-mal,Star vs. las fuerzas del mal,3,,20,25457,26797,,,Animación,Fantasía,1080p,Español,false,7:48:57,1340,2773,catalogo_files/i_743_AN8C.webp,https://ok.ru/video/15121740860142,https://ok.ru/videoembed/15121740860142
1034,15121740860142,episode,Episodio 21,Star vs. las fuerzas del mal - Temporada 3 [1080p] [Español],star-vs-las-fuerzas-del-mal,Star vs. las fuerzas del mal,3,,21,26797,,,,Animación,Fantasía,1080p,Español,false,7:48:57,1340,2773,catalogo_files/i_743_AN8C.webp,https://ok.ru/video/15121740860142,https://ok.ru/videoembed/15121740860142
1035,15110859721454,movie,Supergirl,Supergirl [DC] [4K] [Español],,,,,,,,,DC,Superhéroes,Acción,4K,Español,false,1:48:14,6494,5490,catalogo_files/i_406_AN8C.webp,https://ok.ru/video/15110859721454,https://ok.ru/videoembed/15110859721454
1036,15103519689454,movie,Avatar Aang: el último maestro del aire,Avatar Aang: el último maestro del aire [4K] [Español],,,,,,,,,,Animación,Fantasía,4K,Español,false,1:40:14,6014,72567,catalogo_files/i_832_AN8C.webp,https://ok.ru/video/15103519689454,https://ok.ru/videoembed/15103519689454
1037,15103908580078,episode,Episodio 1,Smallville - Temporada 2 [DC] [1080p] [Español],smallville,Smallville,2,,1,0,2585,,DC,Superhéroes,Acción,1080p,Español,false,16:30:56,2585,2693,catalogo_files/i_437_AN8C.webp,https://ok.ru/video/15103908580078,https://ok.ru/videoembed/15103908580078
1038,15103908580078,episode,Episodio 2,Smallville - Temporada 2 [DC] [1080p] [Español],smallville,Smallville,2,,2,2585,5170,,DC,Superhéroes,Acción,1080p,Español,false,16:30:56,2585,2693,catalogo_files/i_437_AN8C.webp,https://ok.ru/video/15103908580078,https://ok.ru/videoembed/15103908580078
1039,15103908580078,episode,Episodio 3,Smallville - Temporada 2 [DC] [1080p] [Español],smallville,Smallville,2,,3,5170,7755,,DC,Superhéroes,Acción,1080p,Español,false,16:30:56,2585,2693,catalogo_files/i_437_AN8C.webp,https://ok.ru/video/15103908580078,https://ok.ru/videoembed/15103908580078
1040,15103908580078,episode,Episodio 4,Smallville - Temporada 2 [DC] [1080p] [Español],smallville,Smallville,2,,4,7755,10340,,DC,Superhéroes,Acción,1080p,Español,false,16:30:56,2585,2693,catalogo_files/i_437_AN8C.webp,https://ok.ru/video/15103908580078,https://ok.ru/videoembed/15103908580078
1041,15103908580078,episode,Episodio 5,Smallville - Temporada 2 [DC] [1080p] [Español],smallville,Smallville,2,,5,10340,12925,,DC,Superhéroes,Acción,1080p,Español,false,16:30:56,2585,2693,catalogo_files/i_437_AN8C.webp,https://ok.ru/video/15103908580078,https://ok.ru/videoembed/15103908580078
1042,15103908580078,episode,Episodio 6,Smallville - Temporada 2 [DC] [1080p] [Español],smallville,Smallville,2,,6,12925,15510,,DC,Superhéroes,Acción,1080p,Español,false,16:30:56,2585,2693,catalogo_files/i_437_AN8C.webp,https://ok.ru/video/15103908580078,https://ok.ru/videoembed/15103908580078
1043,15103908580078,episode,Episodio 7,Smallville - Temporada 2 [DC] [1080p] [Español],smallville,Smallville,2,,7,15510,18095,,DC,Superhéroes,Acción,1080p,Español,false,16:30:56,2585,2693,catalogo_files/i_437_AN8C.webp,https://ok.ru/video/15103908580078,https://ok.ru/videoembed/15103908580078
1044,15103908580078,episode,Episodio 8,Smallville - Temporada 2 [DC] [1080p] [Español],smallville,Smallville,2,,8,18095,20680,,DC,Superhéroes,Acción,1080p,Español,false,16:30:56,2585,2693,catalogo_files/i_437_AN8C.webp,https://ok.ru/video/15103908580078,https://ok.ru/videoembed/15103908580078
1045,15103908580078,episode,Episodio 9,Smallville - Temporada 2 [DC] [1080p] [Español],smallville,Smallville,2,,9,20680,23265,,DC,Superhéroes,Acción,1080p,Español,false,16:30:56,2585,2693,catalogo_files/i_437_AN8C.webp,https://ok.ru/video/15103908580078,https://ok.ru/videoembed/15103908580078
1046,15103908580078,episode,Episodio 10,Smallville - Temporada 2 [DC] [1080p] [Español],smallville,Smallville,2,,10,23265,25850,,DC,Superhéroes,Acción,1080p,Español,false,16:30:56,2585,2693,catalogo_files/i_437_AN8C.webp,https://ok.ru/video/15103908580078,https://ok.ru/videoembed/15103908580078
1047,15103908580078,episode,Episodio 11,Smallville - Temporada 2 [DC] [1080p] [Español],smallville,Smallville,2,,11,25850,28435,,DC,Superhéroes,Acción,1080p,Español,false,16:30:56,2585,2693,catalogo_files/i_437_AN8C.webp,https://ok.ru/video/15103908580078,https://ok.ru/videoembed/15103908580078
1048,15103908580078,episode,Episodio 12,Smallville - Temporada 2 [DC] [1080p] [Español],smallville,Smallville,2,,12,28435,31021,,DC,Superhéroes,Acción,1080p,Español,false,16:30:56,2586,2693,catalogo_files/i_437_AN8C.webp,https://ok.ru/video/15103908580078,https://ok.ru/videoembed/15103908580078
1049,15103908580078,episode,Episodio 13,Smallville - Temporada 2 [DC] [1080p] [Español],smallville,Smallville,2,,13,31021,33606,,DC,Superhéroes,Acción,1080p,Español,false,16:30:56,2585,2693,catalogo_files/i_437_AN8C.webp,https://ok.ru/video/15103908580078,https://ok.ru/videoembed/15103908580078
1050,15103908580078,episode,Episodio 14,Smallville - Temporada 2 [DC] [1080p] [Español],smallville,Smallville,2,,14,33606,36191,,DC,Superhéroes,Acción,1080p,Español,false,16:30:56,2585,2693,catalogo_files/i_437_AN8C.webp,https://ok.ru/video/15103908580078,https://ok.ru/videoembed/15103908580078
1051,15103908580078,episode,Episodio 15,Smallville - Temporada 2 [DC] [1080p] [Español],smallville,Smallville,2,,15,36191,38776,,DC,Superhéroes,Acción,1080p,Español,false,16:30:56,2585,2693,catalogo_files/i_437_AN8C.webp,https://ok.ru/video/15103908580078,https://ok.ru/videoembed/15103908580078
1052,15103908580078,episode,Episodio 16,Smallville - Temporada 2 [DC] [1080p] [Español],smallville,Smallville,2,,16,38776,41361,,DC,Superhéroes,Acción,1080p,Español,false,16:30:56,2585,2693,catalogo_files/i_437_AN8C.webp,https://ok.ru/video/15103908580078,https://ok.ru/videoembed/15103908580078
1053,15103908580078,episode,Episodio 17,Smallville - Temporada 2 [DC] [1080p] [Español],smallville,Smallville,2,,17,41361,43946,,DC,Superhéroes,Acción,1080p,Español,false,16:30:56,2585,2693,catalogo_files/i_437_AN8C.webp,https://ok.ru/video/15103908580078,https://ok.ru/videoembed/15103908580078
1054,15103908580078,episode,Episodio 18,Smallville - Temporada 2 [DC] [1080p] [Español],smallville,Smallville,2,,18,43946,46531,,DC,Superhéroes,Acción,1080p,Español,false,16:30:56,2585,2693,catalogo_files/i_437_AN8C.webp,https://ok.ru/video/15103908580078,https://ok.ru/videoembed/15103908580078
1055,15103908580078,episode,Episodio 19,Smallville - Temporada 2 [DC] [1080p] [Español],smallville,Smallville,2,,19,46531,49116,,DC,Superhéroes,Acción,1080p,Español,false,16:30:56,2585,2693,catalogo_files/i_437_AN8C.webp,https://ok.ru/video/15103908580078,https://ok.ru/videoembed/15103908580078
1056,15103908580078,episode,Episodio 20,Smallville - Temporada 2 [DC] [1080p] [Español],smallville,Smallville,2,,20,49116,51701,,DC,Superhéroes,Acción,1080p,Español,false,16:30:56,2585,2693,catalogo_files/i_437_AN8C.webp,https://ok.ru/video/15103908580078,https://ok.ru/videoembed/15103908580078
1057,15103908580078,episode,Episodio 21,Smallville - Temporada 2 [DC] [1080p] [Español],smallville,Smallville,2,,21,51701,54286,,DC,Superhéroes,Acción,1080p,Español,false,16:30:56,2585,2693,catalogo_files/i_437_AN8C.webp,https://ok.ru/video/15103908580078,https://ok.ru/videoembed/15103908580078
1058,15103908580078,episode,Episodio 22,Smallville - Temporada 2 [DC] [1080p] [Español],smallville,Smallville,2,,22,54286,56871,,DC,Superhéroes,Acción,1080p,Español,false,16:30:56,2585,2693,catalogo_files/i_437_AN8C.webp,https://ok.ru/video/15103908580078,https://ok.ru/videoembed/15103908580078
1059,15103908580078,episode,Episodio 23,Smallville - Temporada 2 [DC] [1080p] [Español],smallville,Smallville,2,,23,56871,,,DC,Superhéroes,Acción,1080p,Español,false,16:30:56,2585,2693,catalogo_files/i_437_AN8C.webp,https://ok.ru/video/15103908580078,https://ok.ru/videoembed/15103908580078
1060,15095215753966,movie,Nocturna una aventura mágica,Nocturna una aventura mágica (2007) [1080p] [Español],,,,,,,,2007,,Animación,Fantasía,1080p,Español,false,1:23:32,5012,1916,catalogo_files/i_515_AN8C.webp,https://ok.ru/video/15095215753966,https://ok.ru/videoembed/15095215753966
1061,15094184413934,movie,La vida de Calabacín,La vida de Calabacín [1080p] [Español],,,,,,,,,,Animación,Drama,1080p,Español,false,1:05:49,3949,1646,catalogo_files/i_273_AN8C.webp,https://ok.ru/video/15094184413934,https://ok.ru/videoembed/15094184413934
1062,15098717997806,episode,Episodio 1,Stripperella - Temporada 1 (2003) [1080p] [Español],stripperella,Stripperella,1,,1,0,1296,2003,,Animación,Comedia,1080p,Español,false,4:40:45,1296,2081,catalogo_files/i_005_AN8C.webp,https://ok.ru/video/15098717997806,https://ok.ru/videoembed/15098717997806
1063,15098717997806,episode,Episodio 2,Stripperella - Temporada 1 (2003) [1080p] [Español],stripperella,Stripperella,1,,2,1296,2592,2003,,Animación,Comedia,1080p,Español,false,4:40:45,1296,2081,catalogo_files/i_005_AN8C.webp,https://ok.ru/video/15098717997806,https://ok.ru/videoembed/15098717997806
1064,15098717997806,episode,Episodio 3,Stripperella - Temporada 1 (2003) [1080p] [Español],stripperella,Stripperella,1,,3,2592,3887,2003,,Animación,Comedia,1080p,Español,false,4:40:45,1295,2081,catalogo_files/i_005_AN8C.webp,https://ok.ru/video/15098717997806,https://ok.ru/videoembed/15098717997806
1065,15098717997806,episode,Episodio 4,Stripperella - Temporada 1 (2003) [1080p] [Español],stripperella,Stripperella,1,,4,3887,5183,2003,,Animación,Comedia,1080p,Español,false,4:40:45,1296,2081,catalogo_files/i_005_AN8C.webp,https://ok.ru/video/15098717997806,https://ok.ru/videoembed/15098717997806
1066,15098717997806,episode,Episodio 5,Stripperella - Temporada 1 (2003) [1080p] [Español],stripperella,Stripperella,1,,5,5183,6479,2003,,Animación,Comedia,1080p,Español,false,4:40:45,1296,2081,catalogo_files/i_005_AN8C.webp,https://ok.ru/video/15098717997806,https://ok.ru/videoembed/15098717997806
1067,15098717997806,episode,Episodio 6,Stripperella - Temporada 1 (2003) [1080p] [Español],stripperella,Stripperella,1,,6,6479,7775,2003,,Animación,Comedia,1080p,Español,false,4:40:45,1296,2081,catalogo_files/i_005_AN8C.webp,https://ok.ru/video/15098717997806,https://ok.ru/videoembed/15098717997806
1068,15098717997806,episode,Episodio 7,Stripperella - Temporada 1 (2003) [1080p] [Español],stripperella,Stripperella,1,,7,7775,9070,2003,,Animación,Comedia,1080p,Español,false,4:40:45,1295,2081,catalogo_files/i_005_AN8C.webp,https://ok.ru/video/15098717997806,https://ok.ru/videoembed/15098717997806
1069,15098717997806,episode,Episodio 8,Stripperella - Temporada 1 (2003) [1080p] [Español],stripperella,Stripperella,1,,8,9070,10366,2003,,Animación,Comedia,1080p,Español,false,4:40:45,1296,2081,catalogo_files/i_005_AN8C.webp,https://ok.ru/video/15098717997806,https://ok.ru/videoembed/15098717997806
1070,15098717997806,episode,Episodio 9,Stripperella - Temporada 1 (2003) [1080p] [Español],stripperella,Stripperella,1,,9,10366,11662,2003,,Animación,Comedia,1080p,Español,false,4:40:45,1296,2081,catalogo_files/i_005_AN8C.webp,https://ok.ru/video/15098717997806,https://ok.ru/videoembed/15098717997806
1071,15098717997806,episode,Episodio 10,Stripperella - Temporada 1 (2003) [1080p] [Español],stripperella,Stripperella,1,,10,11662,12958,2003,,Animación,Comedia,1080p,Español,false,4:40:45,1296,2081,catalogo_files/i_005_AN8C.webp,https://ok.ru/video/15098717997806,https://ok.ru/videoembed/15098717997806
1072,15098717997806,episode,Episodio 11,Stripperella - Temporada 1 (2003) [1080p] [Español],stripperella,Stripperella,1,,11,12958,14253,2003,,Animación,Comedia,1080p,Español,false,4:40:45,1295,2081,catalogo_files/i_005_AN8C.webp,https://ok.ru/video/15098717997806,https://ok.ru/videoembed/15098717997806
1073,15098717997806,episode,Episodio 12,Stripperella - Temporada 1 (2003) [1080p] [Español],stripperella,Stripperella,1,,12,14253,15549,2003,,Animación,Comedia,1080p,Español,false,4:40:45,1296,2081,catalogo_files/i_005_AN8C.webp,https://ok.ru/video/15098717997806,https://ok.ru/videoembed/15098717997806
1074,15098717997806,episode,Episodio 13,Stripperella - Temporada 1 (2003) [1080p] [Español],stripperella,Stripperella,1,,13,15549,,2003,,Animación,Comedia,1080p,Español,false,4:40:45,1296,2081,catalogo_files/i_005_AN8C.webp,https://ok.ru/video/15098717997806,https://ok.ru/videoembed/15098717997806
1075,15070704241390,movie,El extraño mundo de Jack,El extraño mundo de Jack [4K] [Español],,,,,,,,,,Animación,Fantasía,4K,Español,false,1:17:09,4629,8099,catalogo_files/i_294_AN8C.webp,https://ok.ru/video/15070704241390,https://ok.ru/videoembed/15070704241390
1076,15065638439662,movie,Tierra de osos,Tierra de osos (Disney) [4K] [Español],,,,,,,,,Disney,Animación,,4K,Español,false,1:21:55,4915,4994,catalogo_files/i_805_AN8C.webp,https://ok.ru/video/15065638439662,https://ok.ru/videoembed/15065638439662
1077,15059993234158,movie,Bambi,Bambi (Disney) [4K] [Español],,,,,,,,,Disney,Animación,,4K,Español,false,1:10:06,4206,2887,catalogo_files/i_482_AN8C.webp,https://ok.ru/video/15059993234158,https://ok.ru/videoembed/15059993234158
1078,15048780942062,movie,El príncipe de Egipto,El príncipe de Egipto [4K] [Español],,,,,,,,,,Animación,Drama,4K,Español,false,1:39:11,5951,3035,catalogo_files/i_323_AN8C.webp,https://ok.ru/video/15048780942062,https://ok.ru/videoembed/15048780942062
1079,10074531302126,movie,Todos los perros van al cielo,Todos los perros van al cielo [1080p] [Español],,,,,,,,,,Animación,Infantil,1080p,Español,false,1:24:35,5075,1801,catalogo_files/i_336_AN8C.webp,https://ok.ru/video/10074531302126,https://ok.ru/videoembed/10074531302126
1080,10176179735278,movie,Ghost in the Shell,Ghost in the Shell [4K] [Español],,,,,,,,,,Anime,Ciencia Ficción,4K,Español,false,1:22:38,4958,3361,catalogo_files/i_556_AN8C.webp,https://ok.ru/video/10176179735278,https://ok.ru/videoembed/10176179735278
1081,14028924390126,movie,Cool World - El mundo de Holli,Cool World - El mundo de Holli [4K] [Español],,,,,,,,,,Animación,Fantasía,4K,Español,false,1:41:37,6097,2222,catalogo_files/i_442_AN8C.webp,https://ok.ru/video/14028924390126,https://ok.ru/videoembed/14028924390126
1082,13991914769134,movie,Super Mario Galaxy,Super Mario Galaxy [4K] [Español],,,,,,,,,,Aventura,Animación,4K,Español,false,1:38:13,5893,4943,catalogo_files/i_309_AN8C.webp,https://ok.ru/video/13991914769134,https://ok.ru/videoembed/13991914769134
1083,10070526593774,movie,Depredador: Cazador de Asesinos,Depredador: Cazador de Asesinos [4K] [Español],,,,,,,,,,Animación,Acción,4K,Español,false,1:24:47,5087,2947,catalogo_files/i_402_AN8C.webp,https://ok.ru/video/10070526593774,https://ok.ru/videoembed/10070526593774
1084,15031623879406,movie,Llegaron los Meñiques,Llegaron los Meñiques (1985) [1080p] [Sub Español],,,,,,,,1985,,Animación,Infantil,1080p,Español,true,1:12:32,4352,1513,catalogo_files/i_337_AN8C.webp,https://ok.ru/video/15031623879406,https://ok.ru/videoembed/15031623879406
1085,15039100553966,movie,Hair Love,Hair Love (2019) [4K] [Español],,,,,,,,2019,,Animación,Infantil,4K,Español,false,06:47,407,888,catalogo_files/i_729_AN8C.webp,https://ok.ru/video/15039100553966,https://ok.ru/videoembed/15039100553966
1086,15031623748334,movie,Regue chicken,Regue chicken (2015) [1080p] [Español],,,,,,,,2015,,Animación,Comedia,1080p,Español,false,1:31:49,5509,1521,catalogo_files/i_223_AN8C.webp,https://ok.ru/video/15031623748334,https://ok.ru/videoembed/15031623748334
1087,15039100488430,season,Gallo Badass,Gallo Badass - Temporada 1 (2020) [1080p] [Sub Español],gallo-badass,Gallo Badass,1,,,,,2020,,Animación,Comedia,1080p,Español,true,33:07,1987,1447,catalogo_files/i_243_AN8C.webp,https://ok.ru/video/15039100488430,https://ok.ru/videoembed/15039100488430
1088,15037455600366,movie,Mars,Mars (2024) [1080p] [Sub Español],,,,,,,,2024,,Documental,Ciencia Ficción,1080p,Español,true,1:25:02,5102,1400,catalogo_files/i_613_AN8C.webp,https://ok.ru/video/15037455600366,https://ok.ru/videoembed/15037455600366
1089,12356596992750,movie,Las locuras del emperador,Las locuras del emperador (Disney) [4K] [Español],,,,,,,,,Disney,Animación,,4K,Español,false,1:18:22,4702,5869,catalogo_files/i_549_AN8C.webp,https://ok.ru/video/12356596992750,https://ok.ru/videoembed/12356596992750
1090,14992225798894,episode,Episodio 1,Pequeña Diabla - Temporada 1 (2022) [1080p] [Sub Español],pequena-diabla,Pequeña Diabla,1,,1,0,1439,2022,,Comedia,Infantil,1080p,Español,true,3:59:48,1439,1803,catalogo_files/i_709_AN8C.webp,https://ok.ru/video/14992225798894,https://ok.ru/videoembed/14992225798894
1091,14992225798894,episode,Episodio 2,Pequeña Diabla - Temporada 1 (2022) [1080p] [Sub Español],pequena-diabla,Pequeña Diabla,1,,2,1439,2878,2022,,Comedia,Infantil,1080p,Español,true,3:59:48,1439,1803,catalogo_files/i_709_AN8C.webp,https://ok.ru/video/14992225798894,https://ok.ru/videoembed/14992225798894
1092,14992225798894,episode,Episodio 3,Pequeña Diabla - Temporada 1 (2022) [1080p] [Sub Español],pequena-diabla,Pequeña Diabla,1,,3,2878,4316,2022,,Comedia,Infantil,1080p,Español,true,3:59:48,1438,1803,catalogo_files/i_709_AN8C.webp,https://ok.ru/video/14992225798894,https://ok.ru/videoembed/14992225798894
1093,14992225798894,episode,Episodio 4,Pequeña Diabla - Temporada 1 (2022) [1080p] [Sub Español],pequena-diabla,Pequeña Diabla,1,,4,4316,5755,2022,,Comedia,Infantil,1080p,Español,true,3:59:48,1439,1803,catalogo_files/i_709_AN8C.webp,https://ok.ru/video/14992225798894,https://ok.ru/videoembed/14992225798894
1094,14992225798894,episode,Episodio 5,Pequeña Diabla - Temporada 1 (2022) [1080p] [Sub Español],pequena-diabla,Pequeña Diabla,1,,5,5755,7194,2022,,Comedia,Infantil,1080p,Español,true,3:59:48,1439,1803,catalogo_files/i_709_AN8C.webp,https://ok.ru/video/14992225798894,https://ok.ru/videoembed/14992225798894
1095,14992225798894,episode,Episodio 6,Pequeña Diabla - Temporada 1 (2022) [1080p] [Sub Español],pequena-diabla,Pequeña Diabla,1,,6,7194,8633,2022,,Comedia,Infantil,1080p,Español,true,3:59:48,1439,1803,catalogo_files/i_709_AN8C.webp,https://ok.ru/video/14992225798894,https://ok.ru/videoembed/14992225798894
1096,14992225798894,episode,Episodio 7,Pequeña Diabla - Temporada 1 (2022) [1080p] [Sub Español],pequena-diabla,Pequeña Diabla,1,,7,8633,10072,2022,,Comedia,Infantil,1080p,Español,true,3:59:48,1439,1803,catalogo_files/i_709_AN8C.webp,https://ok.ru/video/14992225798894,https://ok.ru/videoembed/14992225798894
1097,14992225798894,episode,Episodio 8,Pequeña Diabla - Temporada 1 (2022) [1080p] [Sub Español],pequena-diabla,Pequeña Diabla,1,,8,10072,11510,2022,,Comedia,Infantil,1080p,Español,true,3:59:48,1438,1803,catalogo_files/i_709_AN8C.webp,https://ok.ru/video/14992225798894,https://ok.ru/videoembed/14992225798894
1098,14992225798894,episode,Episodio 9,Pequeña Diabla - Temporada 1 (2022) [1080p] [Sub Español],pequena-diabla,Pequeña Diabla,1,,9,11510,12949,2022,,Comedia,Infantil,1080p,Español,true,3:59:48,1439,1803,catalogo_files/i_709_AN8C.webp,https://ok.ru/video/14992225798894,https://ok.ru/videoembed/14992225798894
1099,14992225798894,episode,Episodio 10,Pequeña Diabla - Temporada 1 (2022) [1080p] [Sub Español],pequena-diabla,Pequeña Diabla,1,,10,12949,,2022,,Comedia,Infantil,1080p,Español,true,3:59:48,1439,1803,catalogo_files/i_709_AN8C.webp,https://ok.ru/video/14992225798894,https://ok.ru/videoembed/14992225798894
1100,14980175432430,episode,Episodio 1,Agente Elvis - Temporada 1 (2023) [1080p] [Español],agente-elvis,Agente Elvis,1,,1,0,1497,2023,,Animación,Acción,1080p,Español,false,4:09:32,1497,1797,catalogo_files/i_770_AN8C.webp,https://ok.ru/video/14980175432430,https://ok.ru/videoembed/14980175432430
1101,14980175432430,episode,Episodio 2,Agente Elvis - Temporada 1 (2023) [1080p] [Español],agente-elvis,Agente Elvis,1,,2,1497,2994,2023,,Animación,Acción,1080p,Español,false,4:09:32,1497,1797,catalogo_files/i_770_AN8C.webp,https://ok.ru/video/14980175432430,https://ok.ru/videoembed/14980175432430
1102,14980175432430,episode,Episodio 3,Agente Elvis - Temporada 1 (2023) [1080p] [Español],agente-elvis,Agente Elvis,1,,3,2994,4492,2023,,Animación,Acción,1080p,Español,false,4:09:32,1498,1797,catalogo_files/i_770_AN8C.webp,https://ok.ru/video/14980175432430,https://ok.ru/videoembed/14980175432430
1103,14980175432430,episode,Episodio 4,Agente Elvis - Temporada 1 (2023) [1080p] [Español],agente-elvis,Agente Elvis,1,,4,4492,5989,2023,,Animación,Acción,1080p,Español,false,4:09:32,1497,1797,catalogo_files/i_770_AN8C.webp,https://ok.ru/video/14980175432430,https://ok.ru/videoembed/14980175432430
1104,14980175432430,episode,Episodio 5,Agente Elvis - Temporada 1 (2023) [1080p] [Español],agente-elvis,Agente Elvis,1,,5,5989,7486,2023,,Animación,Acción,1080p,Español,false,4:09:32,1497,1797,catalogo_files/i_770_AN8C.webp,https://ok.ru/video/14980175432430,https://ok.ru/videoembed/14980175432430
1105,14980175432430,episode,Episodio 6,Agente Elvis - Temporada 1 (2023) [1080p] [Español],agente-elvis,Agente Elvis,1,,6,7486,8983,2023,,Animación,Acción,1080p,Español,false,4:09:32,1497,1797,catalogo_files/i_770_AN8C.webp,https://ok.ru/video/14980175432430,https://ok.ru/videoembed/14980175432430
1106,14980175432430,episode,Episodio 7,Agente Elvis - Temporada 1 (2023) [1080p] [Español],agente-elvis,Agente Elvis,1,,7,8983,10480,2023,,Animación,Acción,1080p,Español,false,4:09:32,1497,1797,catalogo_files/i_770_AN8C.webp,https://ok.ru/video/14980175432430,https://ok.ru/videoembed/14980175432430
1107,14980175432430,episode,Episodio 8,Agente Elvis - Temporada 1 (2023) [1080p] [Español],agente-elvis,Agente Elvis,1,,8,10480,11978,2023,,Animación,Acción,1080p,Español,false,4:09:32,1498,1797,catalogo_files/i_770_AN8C.webp,https://ok.ru/video/14980175432430,https://ok.ru/videoembed/14980175432430
1108,14980175432430,episode,Episodio 9,Agente Elvis - Temporada 1 (2023) [1080p] [Español],agente-elvis,Agente Elvis,1,,9,11978,13475,2023,,Animación,Acción,1080p,Español,false,4:09:32,1497,1797,catalogo_files/i_770_AN8C.webp,https://ok.ru/video/14980175432430,https://ok.ru/videoembed/14980175432430
1109,14980175432430,episode,Episodio 10,Agente Elvis - Temporada 1 (2023) [1080p] [Español],agente-elvis,Agente Elvis,1,,10,13475,,2023,,Animación,Acción,1080p,Español,false,4:09:32,1497,1797,catalogo_files/i_770_AN8C.webp,https://ok.ru/video/14980175432430,https://ok.ru/videoembed/14980175432430
1110,14976664406766,movie,Todd and the Book of Pure Evil: The End of the End,Todd and the Book of Pure Evil: The End of the End (2017) [1080p] [Sub Español],,,,,,,,2017,,Animación,Terror,1080p,Español,true,1:20:25,4825,1662,catalogo_files/i_574_AN8C.webp,https://ok.ru/video/14976664406766,https://ok.ru/videoembed/14976664406766
1111,14979859286766,movie,Inspector Willoughby,Inspector Willoughby (1959-1965) [1440p] [Español],,,,,,,,,,Animación,Clásicos,1440p,Español,false,1:44:37,6277,1573,catalogo_files/i_773_AN8C.webp,https://ok.ru/video/14979859286766,https://ok.ru/videoembed/14979859286766
1112,14107688438510,movie,La Animatrix,La Animatrix [4K] [Español],,,,,,,,,,Anime,Ciencia Ficción,4K,Español,false,1:50:07,6607,3646,catalogo_files/i_446_AN8C.webp,https://ok.ru/video/14107688438510,https://ok.ru/videoembed/14107688438510
1113,12257566984942,movie,Alicia en el país de las maravillas,Alicia en el país de las maravillas (Disney) [4K] [Español],,,,,,,,,Disney,Animación,,4K,Español,false,1:15:16,4516,3481,catalogo_files/i_454_AN8C.webp,https://ok.ru/video/12257566984942,https://ok.ru/videoembed/12257566984942
1114,10426038487790,movie,El Expreso Polar,El Expreso Polar [4K] [Español],,,,,,,,,,Animación,Infantil,4K,Español,false,1:39:54,5994,2483,catalogo_files/i_272_AN8C.webp,https://ok.ru/video/10426038487790,https://ok.ru/videoembed/10426038487790
1115,10025084259054,movie,Valiente,Valiente (Disney) [4K] [Español],,,,,,,,,Disney,Animación,,4K,Español,false,1:34:12,5652,4697,catalogo_files/i_601_AN8C.webp,https://ok.ru/video/10025084259054,https://ok.ru/videoembed/10025084259054
1116,10025626897134,movie,Tarzán,Tarzán (Disney) [1080p] [Español],,,,,,,,,Disney,Animación,,1080p,Español,false,1:28:22,5302,5689,catalogo_files/i_408_AN8C.webp,https://ok.ru/video/10025626897134,https://ok.ru/videoembed/10025626897134
1117,14944453397230,season,Spawn,"Spawn - Temporada 1, 2 y 3 (1997) [1080p] [Español]",spawn,Spawn,1,"Temporadas 1, 2 y 3",,,,1997,,Superhéroes,,1080p,Español,false,8:07:45,29265,2923,catalogo_files/i_034_AN8C.webp,https://ok.ru/video/14944453397230,https://ok.ru/videoembed/14944453397230
1118,14945269189358,movie,Where the Dead Go to Die,Where the Dead Go to Die (2012) [1080p] [Sub Español],,,,,,,,2012,,Terror,Animación,1080p,Español,true,1:35:08,5708,3508,catalogo_files/i_510_AN8C.webp,https://ok.ru/video/14945269189358,https://ok.ru/videoembed/14945269189358
1119,14934961883886,episode,Episodio 1,Planeta de recolectores - Temporada 1 (2023) [Español],planeta-de-recolectores,Planeta de recolectores,1,,1,0,1483,2023,,Ciencia Ficción,,,Español,false,4:56:35,1483,3451,catalogo_files/i_448_AN8C.webp,https://ok.ru/video/14934961883886,https://ok.ru/videoembed/14934961883886
1120,14934961883886,episode,Episodio 2,Planeta de recolectores - Temporada 1 (2023) [Español],planeta-de-recolectores,Planeta de recolectores,1,,2,1483,2966,2023,,Ciencia Ficción,,,Español,false,4:56:35,1483,3451,catalogo_files/i_448_AN8C.webp,https://ok.ru/video/14934961883886,https://ok.ru/videoembed/14934961883886
1121,14934961883886,episode,Episodio 3,Planeta de recolectores - Temporada 1 (2023) [Español],planeta-de-recolectores,Planeta de recolectores,1,,3,2966,4449,2023,,Ciencia Ficción,,,Español,false,4:56:35,1483,3451,catalogo_files/i_448_AN8C.webp,https://ok.ru/video/14934961883886,https://ok.ru/videoembed/14934961883886
1122,14934961883886,episode,Episodio 4,Planeta de recolectores - Temporada 1 (2023) [Español],planeta-de-recolectores,Planeta de recolectores,1,,4,4449,5932,2023,,Ciencia Ficción,,,Español,false,4:56:35,1483,3451,catalogo_files/i_448_AN8C.webp,https://ok.ru/video/14934961883886,https://ok.ru/videoembed/14934961883886
1123,14934961883886,episode,Episodio 5,Planeta de recolectores - Temporada 1 (2023) [Español],planeta-de-recolectores,Planeta de recolectores,1,,5,5932,7415,2023,,Ciencia Ficción,,,Español,false,4:56:35,1483,3451,catalogo_files/i_448_AN8C.webp,https://ok.ru/video/14934961883886,https://ok.ru/videoembed/14934961883886
1124,14934961883886,episode,Episodio 6,Planeta de recolectores - Temporada 1 (2023) [Español],planeta-de-recolectores,Planeta de recolectores,1,,6,7415,8898,2023,,Ciencia Ficción,,,Español,false,4:56:35,1483,3451,catalogo_files/i_448_AN8C.webp,https://ok.ru/video/14934961883886,https://ok.ru/videoembed/14934961883886
1125,14934961883886,episode,Episodio 7,Planeta de recolectores - Temporada 1 (2023) [Español],planeta-de-recolectores,Planeta de recolectores,1,,7,8898,10380,2023,,Ciencia Ficción,,,Español,false,4:56:35,1482,3451,catalogo_files/i_448_AN8C.webp,https://ok.ru/video/14934961883886,https://ok.ru/videoembed/14934961883886
1126,14934961883886,episode,Episodio 8,Planeta de recolectores - Temporada 1 (2023) [Español],planeta-de-recolectores,Planeta de recolectores,1,,8,10380,11863,2023,,Ciencia Ficción,,,Español,false,4:56:35,1483,3451,catalogo_files/i_448_AN8C.webp,https://ok.ru/video/14934961883886,https://ok.ru/videoembed/14934961883886
1127,14934961883886,episode,Episodio 9,Planeta de recolectores - Temporada 1 (2023) [Español],planeta-de-recolectores,Planeta de recolectores,1,,9,11863,13346,2023,,Ciencia Ficción,,,Español,false,4:56:35,1483,3451,catalogo_files/i_448_AN8C.webp,https://ok.ru/video/14934961883886,https://ok.ru/videoembed/14934961883886
1128,14934961883886,episode,Episodio 10,Planeta de recolectores - Temporada 1 (2023) [Español],planeta-de-recolectores,Planeta de recolectores,1,,10,13346,14829,2023,,Ciencia Ficción,,,Español,false,4:56:35,1483,3451,catalogo_files/i_448_AN8C.webp,https://ok.ru/video/14934961883886,https://ok.ru/videoembed/14934961883886
1129,14934961883886,episode,Episodio 11,Planeta de recolectores - Temporada 1 (2023) [Español],planeta-de-recolectores,Planeta de recolectores,1,,11,14829,16312,2023,,Ciencia Ficción,,,Español,false,4:56:35,1483,3451,catalogo_files/i_448_AN8C.webp,https://ok.ru/video/14934961883886,https://ok.ru/videoembed/14934961883886
1130,14934961883886,episode,Episodio 12,Planeta de recolectores - Temporada 1 (2023) [Español],planeta-de-recolectores,Planeta de recolectores,1,,12,16312,,2023,,Ciencia Ficción,,,Español,false,4:56:35,1483,3451,catalogo_files/i_448_AN8C.webp,https://ok.ru/video/14934961883886,https://ok.ru/videoembed/14934961883886
1131,14917879925486,movie,We Are The Strange,We Are The Strange (2007) [1080p] [Sub Español],,,,,,,,2007,,Animación,Aventura,1080p,Español,true,1:27:38,5258,1849,catalogo_files/i_383_AN8C.webp,https://ok.ru/video/14917879925486,https://ok.ru/videoembed/14917879925486
1132,14917120625390,movie,The girl from the other side,The girl from the other side (2022) [4K] [Sub Español],,,,,,,,2022,,Anime,Fantasía,4K,Español,true,1:09:57,4197,2259,catalogo_files/i_380_AN8C.webp,https://ok.ru/video/14917120625390,https://ok.ru/videoembed/14917120625390
1133,14911893015278,episode,Episodio 1,Guía Headspace para la meditación - Temporada 1 (2021) [1080p] [Español],guia-headspace-para-la-meditacion,Guía Headspace para la meditación,1,,1,0,1295,2021,,Documental,Animación,1080p,Español,false,2:52:40,1295,1626,catalogo_files/i_407_AN8C.webp,https://ok.ru/video/14911893015278,https://ok.ru/videoembed/14911893015278
1134,14911893015278,episode,Episodio 2,Guía Headspace para la meditación - Temporada 1 (2021) [1080p] [Español],guia-headspace-para-la-meditacion,Guía Headspace para la meditación,1,,2,1295,2590,2021,,Documental,Animación,1080p,Español,false,2:52:40,1295,1626,catalogo_files/i_407_AN8C.webp,https://ok.ru/video/14911893015278,https://ok.ru/videoembed/14911893015278
1135,14911893015278,episode,Episodio 3,Guía Headspace para la meditación - Temporada 1 (2021) [1080p] [Español],guia-headspace-para-la-meditacion,Guía Headspace para la meditación,1,,3,2590,3885,2021,,Documental,Animación,1080p,Español,false,2:52:40,1295,1626,catalogo_files/i_407_AN8C.webp,https://ok.ru/video/14911893015278,https://ok.ru/videoembed/14911893015278
1136,14911893015278,episode,Episodio 4,Guía Headspace para la meditación - Temporada 1 (2021) [1080p] [Español],guia-headspace-para-la-meditacion,Guía Headspace para la meditación,1,,4,3885,5180,2021,,Documental,Animación,1080p,Español,false,2:52:40,1295,1626,catalogo_files/i_407_AN8C.webp,https://ok.ru/video/14911893015278,https://ok.ru/videoembed/14911893015278
1137,14911893015278,episode,Episodio 5,Guía Headspace para la meditación - Temporada 1 (2021) [1080p] [Español],guia-headspace-para-la-meditacion,Guía Headspace para la meditación,1,,5,5180,6475,2021,,Documental,Animación,1080p,Español,false,2:52:40,1295,1626,catalogo_files/i_407_AN8C.webp,https://ok.ru/video/14911893015278,https://ok.ru/videoembed/14911893015278
1138,14911893015278,episode,Episodio 6,Guía Headspace para la meditación - Temporada 1 (2021) [1080p] [Español],guia-headspace-para-la-meditacion,Guía Headspace para la meditación,1,,6,6475,7770,2021,,Documental,Animación,1080p,Español,false,2:52:40,1295,1626,catalogo_files/i_407_AN8C.webp,https://ok.ru/video/14911893015278,https://ok.ru/videoembed/14911893015278
1139,14911893015278,episode,Episodio 7,Guía Headspace para la meditación - Temporada 1 (2021) [1080p] [Español],guia-headspace-para-la-meditacion,Guía Headspace para la meditación,1,,7,7770,9065,2021,,Documental,Animación,1080p,Español,false,2:52:40,1295,1626,catalogo_files/i_407_AN8C.webp,https://ok.ru/video/14911893015278,https://ok.ru/videoembed/14911893015278
1140,14911893015278,episode,Episodio 8,Guía Headspace para la meditación - Temporada 1 (2021) [1080p] [Español],guia-headspace-para-la-meditacion,Guía Headspace para la meditación,1,,8,9065,,2021,,Documental,Animación,1080p,Español,false,2:52:40,1295,1626,catalogo_files/i_407_AN8C.webp,https://ok.ru/video/14911893015278,https://ok.ru/videoembed/14911893015278
1141,14905622465262,episode,Episodio 1,Star vs. las fuerzas del mal - Temporada 2 [1080p] [Español],star-vs-las-fuerzas-del-mal,Star vs. las fuerzas del mal,2,,1,0,1378,,,Animación,Infantil,1080p,Español,false,8:25:18,1378,2480,catalogo_files/i_651_AN8C.webp,https://ok.ru/video/14905622465262,https://ok.ru/videoembed/14905622465262
1142,14905622465262,episode,Episodio 2,Star vs. las fuerzas del mal - Temporada 2 [1080p] [Español],star-vs-las-fuerzas-del-mal,Star vs. las fuerzas del mal,2,,2,1378,2756,,,Animación,Infantil,1080p,Español,false,8:25:18,1378,2480,catalogo_files/i_651_AN8C.webp,https://ok.ru/video/14905622465262,https://ok.ru/videoembed/14905622465262
1143,14905622465262,episode,Episodio 3,Star vs. las fuerzas del mal - Temporada 2 [1080p] [Español],star-vs-las-fuerzas-del-mal,Star vs. las fuerzas del mal,2,,3,2756,4134,,,Animación,Infantil,1080p,Español,false,8:25:18,1378,2480,catalogo_files/i_651_AN8C.webp,https://ok.ru/video/14905622465262,https://ok.ru/videoembed/14905622465262
1144,14905622465262,episode,Episodio 4,Star vs. las fuerzas del mal - Temporada 2 [1080p] [Español],star-vs-las-fuerzas-del-mal,Star vs. las fuerzas del mal,2,,4,4134,5512,,,Animación,Infantil,1080p,Español,false,8:25:18,1378,2480,catalogo_files/i_651_AN8C.webp,https://ok.ru/video/14905622465262,https://ok.ru/videoembed/14905622465262
1145,14905622465262,episode,Episodio 5,Star vs. las fuerzas del mal - Temporada 2 [1080p] [Español],star-vs-las-fuerzas-del-mal,Star vs. las fuerzas del mal,2,,5,5512,6890,,,Animación,Infantil,1080p,Español,false,8:25:18,1378,2480,catalogo_files/i_651_AN8C.webp,https://ok.ru/video/14905622465262,https://ok.ru/videoembed/14905622465262
1146,14905622465262,episode,Episodio 6,Star vs. las fuerzas del mal - Temporada 2 [1080p] [Español],star-vs-las-fuerzas-del-mal,Star vs. las fuerzas del mal,2,,6,6890,8269,,,Animación,Infantil,1080p,Español,false,8:25:18,1379,2480,catalogo_files/i_651_AN8C.webp,https://ok.ru/video/14905622465262,https://ok.ru/videoembed/14905622465262
1147,14905622465262,episode,Episodio 7,Star vs. las fuerzas del mal - Temporada 2 [1080p] [Español],star-vs-las-fuerzas-del-mal,Star vs. las fuerzas del mal,2,,7,8269,9647,,,Animación,Infantil,1080p,Español,false,8:25:18,1378,2480,catalogo_files/i_651_AN8C.webp,https://ok.ru/video/14905622465262,https://ok.ru/videoembed/14905622465262
1148,14905622465262,episode,Episodio 8,Star vs. las fuerzas del mal - Temporada 2 [1080p] [Español],star-vs-las-fuerzas-del-mal,Star vs. las fuerzas del mal,2,,8,9647,11025,,,Animación,Infantil,1080p,Español,false,8:25:18,1378,2480,catalogo_files/i_651_AN8C.webp,https://ok.ru/video/14905622465262,https://ok.ru/videoembed/14905622465262
1149,14905622465262,episode,Episodio 9,Star vs. las fuerzas del mal - Temporada 2 [1080p] [Español],star-vs-las-fuerzas-del-mal,Star vs. las fuerzas del mal,2,,9,11025,12403,,,Animación,Infantil,1080p,Español,false,8:25:18,1378,2480,catalogo_files/i_651_AN8C.webp,https://ok.ru/video/14905622465262,https://ok.ru/videoembed/14905622465262
1150,14905622465262,episode,Episodio 10,Star vs. las fuerzas del mal - Temporada 2 [1080p] [Español],star-vs-las-fuerzas-del-mal,Star vs. las fuerzas del mal,2,,10,12403,13781,,,Animación,Infantil,1080p,Español,false,8:25:18,1378,2480,catalogo_files/i_651_AN8C.webp,https://ok.ru/video/14905622465262,https://ok.ru/videoembed/14905622465262
1151,14905622465262,episode,Episodio 11,Star vs. las fuerzas del mal - Temporada 2 [1080p] [Español],star-vs-las-fuerzas-del-mal,Star vs. las fuerzas del mal,2,,11,13781,15159,,,Animación,Infantil,1080p,Español,false,8:25:18,1378,2480,catalogo_files/i_651_AN8C.webp,https://ok.ru/video/14905622465262,https://ok.ru/videoembed/14905622465262
1152,14905622465262,episode,Episodio 12,Star vs. las fuerzas del mal - Temporada 2 [1080p] [Español],star-vs-las-fuerzas-del-mal,Star vs. las fuerzas del mal,2,,12,15159,16537,,,Animación,Infantil,1080p,Español,false,8:25:18,1378,2480,catalogo_files/i_651_AN8C.webp,https://ok.ru/video/14905622465262,https://ok.ru/videoembed/14905622465262
1153,14905622465262,episode,Episodio 13,Star vs. las fuerzas del mal - Temporada 2 [1080p] [Español],star-vs-las-fuerzas-del-mal,Star vs. las fuerzas del mal,2,,13,16537,17915,,,Animación,Infantil,1080p,Español,false,8:25:18,1378,2480,catalogo_files/i_651_AN8C.webp,https://ok.ru/video/14905622465262,https://ok.ru/videoembed/14905622465262
1154,14905622465262,episode,Episodio 14,Star vs. las fuerzas del mal - Temporada 2 [1080p] [Español],star-vs-las-fuerzas-del-mal,Star vs. las fuerzas del mal,2,,14,17915,19293,,,Animación,Infantil,1080p,Español,false,8:25:18,1378,2480,catalogo_files/i_651_AN8C.webp,https://ok.ru/video/14905622465262,https://ok.ru/videoembed/14905622465262
1155,14905622465262,episode,Episodio 15,Star vs. las fuerzas del mal - Temporada 2 [1080p] [Español],star-vs-las-fuerzas-del-mal,Star vs. las fuerzas del mal,2,,15,19293,20671,,,Animación,Infantil,1080p,Español,false,8:25:18,1378,2480,catalogo_files/i_651_AN8C.webp,https://ok.ru/video/14905622465262,https://ok.ru/videoembed/14905622465262
1156,14905622465262,episode,Episodio 16,Star vs. las fuerzas del mal - Temporada 2 [1080p] [Español],star-vs-las-fuerzas-del-mal,Star vs. las fuerzas del mal,2,,16,20671,22049,,,Animación,Infantil,1080p,Español,false,8:25:18,1378,2480,catalogo_files/i_651_AN8C.webp,https://ok.ru/video/14905622465262,https://ok.ru/videoembed/14905622465262
1157,14905622465262,episode,Episodio 17,Star vs. las fuerzas del mal - Temporada 2 [1080p] [Español],star-vs-las-fuerzas-del-mal,Star vs. las fuerzas del mal,2,,17,22049,23428,,,Animación,Infantil,1080p,Español,false,8:25:18,1379,2480,catalogo_files/i_651_AN8C.webp,https://ok.ru/video/14905622465262,https://ok.ru/videoembed/14905622465262
1158,14905622465262,episode,Episodio 18,Star vs. las fuerzas del mal - Temporada 2 [1080p] [Español],star-vs-las-fuerzas-del-mal,Star vs. las fuerzas del mal,2,,18,23428,24806,,,Animación,Infantil,1080p,Español,false,8:25:18,1378,2480,catalogo_files/i_651_AN8C.webp,https://ok.ru/video/14905622465262,https://ok.ru/videoembed/14905622465262
1159,14905622465262,episode,Episodio 19,Star vs. las fuerzas del mal - Temporada 2 [1080p] [Español],star-vs-las-fuerzas-del-mal,Star vs. las fuerzas del mal,2,,19,24806,26184,,,Animación,Infantil,1080p,Español,false,8:25:18,1378,2480,catalogo_files/i_651_AN8C.webp,https://ok.ru/video/14905622465262,https://ok.ru/videoembed/14905622465262
1160,14905622465262,episode,Episodio 20,Star vs. las fuerzas del mal - Temporada 2 [1080p] [Español],star-vs-las-fuerzas-del-mal,Star vs. las fuerzas del mal,2,,20,26184,27562,,,Animación,Infantil,1080p,Español,false,8:25:18,1378,2480,catalogo_files/i_651_AN8C.webp,https://ok.ru/video/14905622465262,https://ok.ru/videoembed/14905622465262
1161,14905622465262,episode,Episodio 21,Star vs. las fuerzas del mal - Temporada 2 [1080p] [Español],star-vs-las-fuerzas-del-mal,Star vs. las fuerzas del mal,2,,21,27562,28940,,,Animación,Infantil,1080p,Español,false,8:25:18,1378,2480,catalogo_files/i_651_AN8C.webp,https://ok.ru/video/14905622465262,https://ok.ru/videoembed/14905622465262
1162,14905622465262,episode,Episodio 22,Star vs. las fuerzas del mal - Temporada 2 [1080p] [Español],star-vs-las-fuerzas-del-mal,Star vs. las fuerzas del mal,2,,22,28940,,,,Animación,Infantil,1080p,Español,false,8:25:18,1378,2480,catalogo_files/i_651_AN8C.webp,https://ok.ru/video/14905622465262,https://ok.ru/videoembed/14905622465262
1163,14876070382318,movie,Soy Frankelda,Soy Frankelda (2025) [4K] [Español],,,,,,,,2025,,Animación,Fantasía,4K,Español,false,1:44:38,6278,1817,catalogo_files/i_102_AN8C.webp,https://ok.ru/video/14876070382318,https://ok.ru/videoembed/14876070382318
1164,14876070447854,movie,Aachi & Ssipak,Aachi & Ssipak (2006) [1080p] [Sub Español],,,,,,,,2006,,Animación,Ciencia Ficción,1080p,Español,true,1:28:01,5281,23878,catalogo_files/i_725_AN8C.webp,https://ok.ru/video/14876070447854,https://ok.ru/videoembed/14876070447854
1165,14863541996270,episode,Episodio 1,Dragon Ball - Temporada 3: Ejército de la Patrulla Roja [1440p] [Español],dragon-ball,Dragon Ball,3,Ejército de la Patrulla Roja,1,0,1479,,,Anime,Aventura,1440p,Español,false,16:26:04,1479,2465,catalogo_files/i_665_AN8C.webp,https://ok.ru/video/14863541996270,https://ok.ru/videoembed/14863541996270
1166,14863541996270,episode,Episodio 2,Dragon Ball - Temporada 3: Ejército de la Patrulla Roja [1440p] [Español],dragon-ball,Dragon Ball,3,Ejército de la Patrulla Roja,2,1479,2958,,,Anime,Aventura,1440p,Español,false,16:26:04,1479,2465,catalogo_files/i_665_AN8C.webp,https://ok.ru/video/14863541996270,https://ok.ru/videoembed/14863541996270
1167,14863541996270,episode,Episodio 3,Dragon Ball - Temporada 3: Ejército de la Patrulla Roja [1440p] [Español],dragon-ball,Dragon Ball,3,Ejército de la Patrulla Roja,3,2958,4437,,,Anime,Aventura,1440p,Español,false,16:26:04,1479,2465,catalogo_files/i_665_AN8C.webp,https://ok.ru/video/14863541996270,https://ok.ru/videoembed/14863541996270
1168,14863541996270,episode,Episodio 4,Dragon Ball - Temporada 3: Ejército de la Patrulla Roja [1440p] [Español],dragon-ball,Dragon Ball,3,Ejército de la Patrulla Roja,4,4437,5916,,,Anime,Aventura,1440p,Español,false,16:26:04,1479,2465,catalogo_files/i_665_AN8C.webp,https://ok.ru/video/14863541996270,https://ok.ru/videoembed/14863541996270
1169,14863541996270,episode,Episodio 5,Dragon Ball - Temporada 3: Ejército de la Patrulla Roja [1440p] [Español],dragon-ball,Dragon Ball,3,Ejército de la Patrulla Roja,5,5916,7396,,,Anime,Aventura,1440p,Español,false,16:26:04,1480,2465,catalogo_files/i_665_AN8C.webp,https://ok.ru/video/14863541996270,https://ok.ru/videoembed/14863541996270
1170,14863541996270,episode,Episodio 6,Dragon Ball - Temporada 3: Ejército de la Patrulla Roja [1440p] [Español],dragon-ball,Dragon Ball,3,Ejército de la Patrulla Roja,6,7396,8875,,,Anime,Aventura,1440p,Español,false,16:26:04,1479,2465,catalogo_files/i_665_AN8C.webp,https://ok.ru/video/14863541996270,https://ok.ru/videoembed/14863541996270
1171,14863541996270,episode,Episodio 7,Dragon Ball - Temporada 3: Ejército de la Patrulla Roja [1440p] [Español],dragon-ball,Dragon Ball,3,Ejército de la Patrulla Roja,7,8875,10354,,,Anime,Aventura,1440p,Español,false,16:26:04,1479,2465,catalogo_files/i_665_AN8C.webp,https://ok.ru/video/14863541996270,https://ok.ru/videoembed/14863541996270
1172,14863541996270,episode,Episodio 8,Dragon Ball - Temporada 3: Ejército de la Patrulla Roja [1440p] [Español],dragon-ball,Dragon Ball,3,Ejército de la Patrulla Roja,8,10354,11833,,,Anime,Aventura,1440p,Español,false,16:26:04,1479,2465,catalogo_files/i_665_AN8C.webp,https://ok.ru/video/14863541996270,https://ok.ru/videoembed/14863541996270
1173,14863541996270,episode,Episodio 9,Dragon Ball - Temporada 3: Ejército de la Patrulla Roja [1440p] [Español],dragon-ball,Dragon Ball,3,Ejército de la Patrulla Roja,9,11833,13312,,,Anime,Aventura,1440p,Español,false,16:26:04,1479,2465,catalogo_files/i_665_AN8C.webp,https://ok.ru/video/14863541996270,https://ok.ru/videoembed/14863541996270
1174,14863541996270,episode,Episodio 10,Dragon Ball - Temporada 3: Ejército de la Patrulla Roja [1440p] [Español],dragon-ball,Dragon Ball,3,Ejército de la Patrulla Roja,10,13312,14791,,,Anime,Aventura,1440p,Español,false,16:26:04,1479,2465,catalogo_files/i_665_AN8C.webp,https://ok.ru/video/14863541996270,https://ok.ru/videoembed/14863541996270
1175,14863541996270,episode,Episodio 11,Dragon Ball - Temporada 3: Ejército de la Patrulla Roja [1440p] [Español],dragon-ball,Dragon Ball,3,Ejército de la Patrulla Roja,11,14791,16270,,,Anime,Aventura,1440p,Español,false,16:26:04,1479,2465,catalogo_files/i_665_AN8C.webp,https://ok.ru/video/14863541996270,https://ok.ru/videoembed/14863541996270
1176,14863541996270,episode,Episodio 12,Dragon Ball - Temporada 3: Ejército de la Patrulla Roja [1440p] [Español],dragon-ball,Dragon Ball,3,Ejército de la Patrulla Roja,12,16270,17749,,,Anime,Aventura,1440p,Español,false,16:26:04,1479,2465,catalogo_files/i_665_AN8C.webp,https://ok.ru/video/14863541996270,https://ok.ru/videoembed/14863541996270
1177,14863541996270,episode,Episodio 13,Dragon Ball - Temporada 3: Ejército de la Patrulla Roja [1440p] [Español],dragon-ball,Dragon Ball,3,Ejército de la Patrulla Roja,13,17749,19228,,,Anime,Aventura,1440p,Español,false,16:26:04,1479,2465,catalogo_files/i_665_AN8C.webp,https://ok.ru/video/14863541996270,https://ok.ru/videoembed/14863541996270
1178,14863541996270,episode,Episodio 14,Dragon Ball - Temporada 3: Ejército de la Patrulla Roja [1440p] [Español],dragon-ball,Dragon Ball,3,Ejército de la Patrulla Roja,14,19228,20707,,,Anime,Aventura,1440p,Español,false,16:26:04,1479,2465,catalogo_files/i_665_AN8C.webp,https://ok.ru/video/14863541996270,https://ok.ru/videoembed/14863541996270
1179,14863541996270,episode,Episodio 15,Dragon Ball - Temporada 3: Ejército de la Patrulla Roja [1440p] [Español],dragon-ball,Dragon Ball,3,Ejército de la Patrulla Roja,15,20707,22186,,,Anime,Aventura,1440p,Español,false,16:26:04,1479,2465,catalogo_files/i_665_AN8C.webp,https://ok.ru/video/14863541996270,https://ok.ru/videoembed/14863541996270
1180,14863541996270,episode,Episodio 16,Dragon Ball - Temporada 3: Ejército de la Patrulla Roja [1440p] [Español],dragon-ball,Dragon Ball,3,Ejército de la Patrulla Roja,16,22186,23666,,,Anime,Aventura,1440p,Español,false,16:26:04,1480,2465,catalogo_files/i_665_AN8C.webp,https://ok.ru/video/14863541996270,https://ok.ru/videoembed/14863541996270
1181,14863541996270,episode,Episodio 17,Dragon Ball - Temporada 3: Ejército de la Patrulla Roja [1440p] [Español],dragon-ball,Dragon Ball,3,Ejército de la Patrulla Roja,17,23666,25145,,,Anime,Aventura,1440p,Español,false,16:26:04,1479,2465,catalogo_files/i_665_AN8C.webp,https://ok.ru/video/14863541996270,https://ok.ru/videoembed/14863541996270
1182,14863541996270,episode,Episodio 18,Dragon Ball - Temporada 3: Ejército de la Patrulla Roja [1440p] [Español],dragon-ball,Dragon Ball,3,Ejército de la Patrulla Roja,18,25145,26624,,,Anime,Aventura,1440p,Español,false,16:26:04,1479,2465,catalogo_files/i_665_AN8C.webp,https://ok.ru/video/14863541996270,https://ok.ru/videoembed/14863541996270
1183,14863541996270,episode,Episodio 19,Dragon Ball - Temporada 3: Ejército de la Patrulla Roja [1440p] [Español],dragon-ball,Dragon Ball,3,Ejército de la Patrulla Roja,19,26624,28103,,,Anime,Aventura,1440p,Español,false,16:26:04,1479,2465,catalogo_files/i_665_AN8C.webp,https://ok.ru/video/14863541996270,https://ok.ru/videoembed/14863541996270
1184,14863541996270,episode,Episodio 20,Dragon Ball - Temporada 3: Ejército de la Patrulla Roja [1440p] [Español],dragon-ball,Dragon Ball,3,Ejército de la Patrulla Roja,20,28103,29582,,,Anime,Aventura,1440p,Español,false,16:26:04,1479,2465,catalogo_files/i_665_AN8C.webp,https://ok.ru/video/14863541996270,https://ok.ru/videoembed/14863541996270
1185,14863541996270,episode,Episodio 21,Dragon Ball - Temporada 3: Ejército de la Patrulla Roja [1440p] [Español],dragon-ball,Dragon Ball,3,Ejército de la Patrulla Roja,21,29582,31061,,,Anime,Aventura,1440p,Español,false,16:26:04,1479,2465,catalogo_files/i_665_AN8C.webp,https://ok.ru/video/14863541996270,https://ok.ru/videoembed/14863541996270
1186,14863541996270,episode,Episodio 22,Dragon Ball - Temporada 3: Ejército de la Patrulla Roja [1440p] [Español],dragon-ball,Dragon Ball,3,Ejército de la Patrulla Roja,22,31061,32540,,,Anime,Aventura,1440p,Español,false,16:26:04,1479,2465,catalogo_files/i_665_AN8C.webp,https://ok.ru/video/14863541996270,https://ok.ru/videoembed/14863541996270
1187,14863541996270,episode,Episodio 23,Dragon Ball - Temporada 3: Ejército de la Patrulla Roja [1440p] [Español],dragon-ball,Dragon Ball,3,Ejército de la Patrulla Roja,23,32540,34019,,,Anime,Aventura,1440p,Español,false,16:26:04,1479,2465,catalogo_files/i_665_AN8C.webp,https://ok.ru/video/14863541996270,https://ok.ru/videoembed/14863541996270
1188,14863541996270,episode,Episodio 24,Dragon Ball - Temporada 3: Ejército de la Patrulla Roja [1440p] [Español],dragon-ball,Dragon Ball,3,Ejército de la Patrulla Roja,24,34019,35498,,,Anime,Aventura,1440p,Español,false,16:26:04,1479,2465,catalogo_files/i_665_AN8C.webp,https://ok.ru/video/14863541996270,https://ok.ru/videoembed/14863541996270
1189,14863541996270,episode,Episodio 25,Dragon Ball - Temporada 3: Ejército de la Patrulla Roja [1440p] [Español],dragon-ball,Dragon Ball,3,Ejército de la Patrulla Roja,25,35498,36978,,,Anime,Aventura,1440p,Español,false,16:26:04,1480,2465,catalogo_files/i_665_AN8C.webp,https://ok.ru/video/14863541996270,https://ok.ru/videoembed/14863541996270
1190,14863541996270,episode,Episodio 26,Dragon Ball - Temporada 3: Ejército de la Patrulla Roja [1440p] [Español],dragon-ball,Dragon Ball,3,Ejército de la Patrulla Roja,26,36978,38457,,,Anime,Aventura,1440p,Español,false,16:26:04,1479,2465,catalogo_files/i_665_AN8C.webp,https://ok.ru/video/14863541996270,https://ok.ru/videoembed/14863541996270
1191,14863541996270,episode,Episodio 27,Dragon Ball - Temporada 3: Ejército de la Patrulla Roja [1440p] [Español],dragon-ball,Dragon Ball,3,Ejército de la Patrulla Roja,27,38457,39936,,,Anime,Aventura,1440p,Español,false,16:26:04,1479,2465,catalogo_files/i_665_AN8C.webp,https://ok.ru/video/14863541996270,https://ok.ru/videoembed/14863541996270
1192,14863541996270,episode,Episodio 28,Dragon Ball - Temporada 3: Ejército de la Patrulla Roja [1440p] [Español],dragon-ball,Dragon Ball,3,Ejército de la Patrulla Roja,28,39936,41415,,,Anime,Aventura,1440p,Español,false,16:26:04,1479,2465,catalogo_files/i_665_AN8C.webp,https://ok.ru/video/14863541996270,https://ok.ru/videoembed/14863541996270
1193,14863541996270,episode,Episodio 29,Dragon Ball - Temporada 3: Ejército de la Patrulla Roja [1440p] [Español],dragon-ball,Dragon Ball,3,Ejército de la Patrulla Roja,29,41415,42894,,,Anime,Aventura,1440p,Español,false,16:26:04,1479,2465,catalogo_files/i_665_AN8C.webp,https://ok.ru/video/14863541996270,https://ok.ru/videoembed/14863541996270
1194,14863541996270,episode,Episodio 30,Dragon Ball - Temporada 3: Ejército de la Patrulla Roja [1440p] [Español],dragon-ball,Dragon Ball,3,Ejército de la Patrulla Roja,30,42894,44373,,,Anime,Aventura,1440p,Español,false,16:26:04,1479,2465,catalogo_files/i_665_AN8C.webp,https://ok.ru/video/14863541996270,https://ok.ru/videoembed/14863541996270
1195,14863541996270,episode,Episodio 31,Dragon Ball - Temporada 3: Ejército de la Patrulla Roja [1440p] [Español],dragon-ball,Dragon Ball,3,Ejército de la Patrulla Roja,31,44373,45852,,,Anime,Aventura,1440p,Español,false,16:26:04,1479,2465,catalogo_files/i_665_AN8C.webp,https://ok.ru/video/14863541996270,https://ok.ru/videoembed/14863541996270
1196,14863541996270,episode,Episodio 32,Dragon Ball - Temporada 3: Ejército de la Patrulla Roja [1440p] [Español],dragon-ball,Dragon Ball,3,Ejército de la Patrulla Roja,32,45852,47331,,,Anime,Aventura,1440p,Español,false,16:26:04,1479,2465,catalogo_files/i_665_AN8C.webp,https://ok.ru/video/14863541996270,https://ok.ru/videoembed/14863541996270
1197,14863541996270,episode,Episodio 33,Dragon Ball - Temporada 3: Ejército de la Patrulla Roja [1440p] [Español],dragon-ball,Dragon Ball,3,Ejército de la Patrulla Roja,33,47331,48810,,,Anime,Aventura,1440p,Español,false,16:26:04,1479,2465,catalogo_files/i_665_AN8C.webp,https://ok.ru/video/14863541996270,https://ok.ru/videoembed/14863541996270
1198,14863541996270,episode,Episodio 34,Dragon Ball - Temporada 3: Ejército de la Patrulla Roja [1440p] [Español],dragon-ball,Dragon Ball,3,Ejército de la Patrulla Roja,34,48810,50289,,,Anime,Aventura,1440p,Español,false,16:26:04,1479,2465,catalogo_files/i_665_AN8C.webp,https://ok.ru/video/14863541996270,https://ok.ru/videoembed/14863541996270
1199,14863541996270,episode,Episodio 35,Dragon Ball - Temporada 3: Ejército de la Patrulla Roja [1440p] [Español],dragon-ball,Dragon Ball,3,Ejército de la Patrulla Roja,35,50289,51768,,,Anime,Aventura,1440p,Español,false,16:26:04,1479,2465,catalogo_files/i_665_AN8C.webp,https://ok.ru/video/14863541996270,https://ok.ru/videoembed/14863541996270
1200,14863541996270,episode,Episodio 36,Dragon Ball - Temporada 3: Ejército de la Patrulla Roja [1440p] [Español],dragon-ball,Dragon Ball,3,Ejército de la Patrulla Roja,36,51768,53248,,,Anime,Aventura,1440p,Español,false,16:26:04,1480,2465,catalogo_files/i_665_AN8C.webp,https://ok.ru/video/14863541996270,https://ok.ru/videoembed/14863541996270
1201,14863541996270,episode,Episodio 37,Dragon Ball - Temporada 3: Ejército de la Patrulla Roja [1440p] [Español],dragon-ball,Dragon Ball,3,Ejército de la Patrulla Roja,37,53248,54727,,,Anime,Aventura,1440p,Español,false,16:26:04,1479,2465,catalogo_files/i_665_AN8C.webp,https://ok.ru/video/14863541996270,https://ok.ru/videoembed/14863541996270
1202,14863541996270,episode,Episodio 38,Dragon Ball - Temporada 3: Ejército de la Patrulla Roja [1440p] [Español],dragon-ball,Dragon Ball,3,Ejército de la Patrulla Roja,38,54727,56206,,,Anime,Aventura,1440p,Español,false,16:26:04,1479,2465,catalogo_files/i_665_AN8C.webp,https://ok.ru/video/14863541996270,https://ok.ru/videoembed/14863541996270
1203,14863541996270,episode,Episodio 39,Dragon Ball - Temporada 3: Ejército de la Patrulla Roja [1440p] [Español],dragon-ball,Dragon Ball,3,Ejército de la Patrulla Roja,39,56206,57685,,,Anime,Aventura,1440p,Español,false,16:26:04,1479,2465,catalogo_files/i_665_AN8C.webp,https://ok.ru/video/14863541996270,https://ok.ru/videoembed/14863541996270
1204,14863541996270,episode,Episodio 40,Dragon Ball - Temporada 3: Ejército de la Patrulla Roja [1440p] [Español],dragon-ball,Dragon Ball,3,Ejército de la Patrulla Roja,40,57685,,,,Anime,Aventura,1440p,Español,false,16:26:04,1479,2465,catalogo_files/i_665_AN8C.webp,https://ok.ru/video/14863541996270,https://ok.ru/videoembed/14863541996270
1205,14844287650542,episode,Episodio 1,Peepoodo - Temporada 1 y 2 (2017) [1080p] [Sub Español],peepoodo,Peepoodo,1,Temporadas 1 y 2,1,0,324,2017,,Animación,Comedia,1080p,Español,true,2:20:22,324,2390,catalogo_files/i_484_AN8C.webp,https://ok.ru/video/14844287650542,https://ok.ru/videoembed/14844287650542
1206,14844287650542,episode,Episodio 2,Peepoodo - Temporada 1 y 2 (2017) [1080p] [Sub Español],peepoodo,Peepoodo,1,Temporadas 1 y 2,2,324,648,2017,,Animación,Comedia,1080p,Español,true,2:20:22,324,2390,catalogo_files/i_484_AN8C.webp,https://ok.ru/video/14844287650542,https://ok.ru/videoembed/14844287650542
1207,14844287650542,episode,Episodio 3,Peepoodo - Temporada 1 y 2 (2017) [1080p] [Sub Español],peepoodo,Peepoodo,1,Temporadas 1 y 2,3,648,972,2017,,Animación,Comedia,1080p,Español,true,2:20:22,324,2390,catalogo_files/i_484_AN8C.webp,https://ok.ru/video/14844287650542,https://ok.ru/videoembed/14844287650542
1208,14844287650542,episode,Episodio 4,Peepoodo - Temporada 1 y 2 (2017) [1080p] [Sub Español],peepoodo,Peepoodo,1,Temporadas 1 y 2,4,972,1296,2017,,Animación,Comedia,1080p,Español,true,2:20:22,324,2390,catalogo_files/i_484_AN8C.webp,https://ok.ru/video/14844287650542,https://ok.ru/videoembed/14844287650542
1209,14844287650542,episode,Episodio 5,Peepoodo - Temporada 1 y 2 (2017) [1080p] [Sub Español],peepoodo,Peepoodo,1,Temporadas 1 y 2,5,1296,1620,2017,,Animación,Comedia,1080p,Español,true,2:20:22,324,2390,catalogo_files/i_484_AN8C.webp,https://ok.ru/video/14844287650542,https://ok.ru/videoembed/14844287650542
1210,14844287650542,episode,Episodio 6,Peepoodo - Temporada 1 y 2 (2017) [1080p] [Sub Español],peepoodo,Peepoodo,1,Temporadas 1 y 2,6,1620,1944,2017,,Animación,Comedia,1080p,Español,true,2:20:22,324,2390,catalogo_files/i_484_AN8C.webp,https://ok.ru/video/14844287650542,https://ok.ru/videoembed/14844287650542
1211,14844287650542,episode,Episodio 7,Peepoodo - Temporada 1 y 2 (2017) [1080p] [Sub Español],peepoodo,Peepoodo,1,Temporadas 1 y 2,7,1944,2267,2017,,Animación,Comedia,1080p,Español,true,2:20:22,323,2390,catalogo_files/i_484_AN8C.webp,https://ok.ru/video/14844287650542,https://ok.ru/videoembed/14844287650542
1212,14844287650542,episode,Episodio 8,Peepoodo - Temporada 1 y 2 (2017) [1080p] [Sub Español],peepoodo,Peepoodo,1,Temporadas 1 y 2,8,2267,2591,2017,,Animación,Comedia,1080p,Español,true,2:20:22,324,2390,catalogo_files/i_484_AN8C.webp,https://ok.ru/video/14844287650542,https://ok.ru/videoembed/14844287650542
1213,14844287650542,episode,Episodio 9,Peepoodo - Temporada 1 y 2 (2017) [1080p] [Sub Español],peepoodo,Peepoodo,1,Temporadas 1 y 2,9,2591,2915,2017,,Animación,Comedia,1080p,Español,true,2:20:22,324,2390,catalogo_files/i_484_AN8C.webp,https://ok.ru/video/14844287650542,https://ok.ru/videoembed/14844287650542
1214,14844287650542,episode,Episodio 10,Peepoodo - Temporada 1 y 2 (2017) [1080p] [Sub Español],peepoodo,Peepoodo,1,Temporadas 1 y 2,10,2915,3239,2017,,Animación,Comedia,1080p,Español,true,2:20:22,324,2390,catalogo_files/i_484_AN8C.webp,https://ok.ru/video/14844287650542,https://ok.ru/videoembed/14844287650542
1215,14844287650542,episode,Episodio 11,Peepoodo - Temporada 1 y 2 (2017) [1080p] [Sub Español],peepoodo,Peepoodo,1,Temporadas 1 y 2,11,3239,3563,2017,,Animación,Comedia,1080p,Español,true,2:20:22,324,2390,catalogo_files/i_484_AN8C.webp,https://ok.ru/video/14844287650542,https://ok.ru/videoembed/14844287650542
1216,14844287650542,episode,Episodio 12,Peepoodo - Temporada 1 y 2 (2017) [1080p] [Sub Español],peepoodo,Peepoodo,1,Temporadas 1 y 2,12,3563,3887,2017,,Animación,Comedia,1080p,Español,true,2:20:22,324,2390,catalogo_files/i_484_AN8C.webp,https://ok.ru/video/14844287650542,https://ok.ru/videoembed/14844287650542
1217,14844287650542,episode,Episodio 13,Peepoodo - Temporada 1 y 2 (2017) [1080p] [Sub Español],peepoodo,Peepoodo,1,Temporadas 1 y 2,13,3887,4211,2017,,Animación,Comedia,1080p,Español,true,2:20:22,324,2390,catalogo_files/i_484_AN8C.webp,https://ok.ru/video/14844287650542,https://ok.ru/videoembed/14844287650542
1218,14844287650542,episode,Episodio 14,Peepoodo - Temporada 1 y 2 (2017) [1080p] [Sub Español],peepoodo,Peepoodo,1,Temporadas 1 y 2,14,4211,4535,2017,,Animación,Comedia,1080p,Español,true,2:20:22,324,2390,catalogo_files/i_484_AN8C.webp,https://ok.ru/video/14844287650542,https://ok.ru/videoembed/14844287650542
1219,14844287650542,episode,Episodio 15,Peepoodo - Temporada 1 y 2 (2017) [1080p] [Sub Español],peepoodo,Peepoodo,1,Temporadas 1 y 2,15,4535,4859,2017,,Animación,Comedia,1080p,Español,true,2:20:22,324,2390,catalogo_files/i_484_AN8C.webp,https://ok.ru/video/14844287650542,https://ok.ru/videoembed/14844287650542
1220,14844287650542,episode,Episodio 16,Peepoodo - Temporada 1 y 2 (2017) [1080p] [Sub Español],peepoodo,Peepoodo,1,Temporadas 1 y 2,16,4859,5183,2017,,Animación,Comedia,1080p,Español,true,2:20:22,324,2390,catalogo_files/i_484_AN8C.webp,https://ok.ru/video/14844287650542,https://ok.ru/videoembed/14844287650542
1221,14844287650542,episode,Episodio 17,Peepoodo - Temporada 1 y 2 (2017) [1080p] [Sub Español],peepoodo,Peepoodo,1,Temporadas 1 y 2,17,5183,5507,2017,,Animación,Comedia,1080p,Español,true,2:20:22,324,2390,catalogo_files/i_484_AN8C.webp,https://ok.ru/video/14844287650542,https://ok.ru/videoembed/14844287650542
1222,14844287650542,episode,Episodio 18,Peepoodo - Temporada 1 y 2 (2017) [1080p] [Sub Español],peepoodo,Peepoodo,1,Temporadas 1 y 2,18,5507,5831,2017,,Animación,Comedia,1080p,Español,true,2:20:22,324,2390,catalogo_files/i_484_AN8C.webp,https://ok.ru/video/14844287650542,https://ok.ru/videoembed/14844287650542
1223,14844287650542,episode,Episodio 19,Peepoodo - Temporada 1 y 2 (2017) [1080p] [Sub Español],peepoodo,Peepoodo,1,Temporadas 1 y 2,19,5831,6155,2017,,Animación,Comedia,1080p,Español,true,2:20:22,324,2390,catalogo_files/i_484_AN8C.webp,https://ok.ru/video/14844287650542,https://ok.ru/videoembed/14844287650542
1224,14844287650542,episode,Episodio 20,Peepoodo - Temporada 1 y 2 (2017) [1080p] [Sub Español],peepoodo,Peepoodo,1,Temporadas 1 y 2,20,6155,6478,2017,,Animación,Comedia,1080p,Español,true,2:20:22,323,2390,catalogo_files/i_484_AN8C.webp,https://ok.ru/video/14844287650542,https://ok.ru/videoembed/14844287650542
1225,14844287650542,episode,Episodio 21,Peepoodo - Temporada 1 y 2 (2017) [1080p] [Sub Español],peepoodo,Peepoodo,1,Temporadas 1 y 2,21,6478,6802,2017,,Animación,Comedia,1080p,Español,true,2:20:22,324,2390,catalogo_files/i_484_AN8C.webp,https://ok.ru/video/14844287650542,https://ok.ru/videoembed/14844287650542
1226,14844287650542,episode,Episodio 22,Peepoodo - Temporada 1 y 2 (2017) [1080p] [Sub Español],peepoodo,Peepoodo,1,Temporadas 1 y 2,22,6802,7126,2017,,Animación,Comedia,1080p,Español,true,2:20:22,324,2390,catalogo_files/i_484_AN8C.webp,https://ok.ru/video/14844287650542,https://ok.ru/videoembed/14844287650542
1227,14844287650542,episode,Episodio 23,Peepoodo - Temporada 1 y 2 (2017) [1080p] [Sub Español],peepoodo,Peepoodo,1,Temporadas 1 y 2,23,7126,7450,2017,,Animación,Comedia,1080p,Español,true,2:20:22,324,2390,catalogo_files/i_484_AN8C.webp,https://ok.ru/video/14844287650542,https://ok.ru/videoembed/14844287650542
1228,14844287650542,episode,Episodio 24,Peepoodo - Temporada 1 y 2 (2017) [1080p] [Sub Español],peepoodo,Peepoodo,1,Temporadas 1 y 2,24,7450,7774,2017,,Animación,Comedia,1080p,Español,true,2:20:22,324,2390,catalogo_files/i_484_AN8C.webp,https://ok.ru/video/14844287650542,https://ok.ru/videoembed/14844287650542
1229,14844287650542,episode,Episodio 25,Peepoodo - Temporada 1 y 2 (2017) [1080p] [Sub Español],peepoodo,Peepoodo,1,Temporadas 1 y 2,25,7774,8098,2017,,Animación,Comedia,1080p,Español,true,2:20:22,324,2390,catalogo_files/i_484_AN8C.webp,https://ok.ru/video/14844287650542,https://ok.ru/videoembed/14844287650542
1230,14844287650542,episode,Episodio 26,Peepoodo - Temporada 1 y 2 (2017) [1080p] [Sub Español],peepoodo,Peepoodo,1,Temporadas 1 y 2,26,8098,,2017,,Animación,Comedia,1080p,Español,true,2:20:22,324,2390,catalogo_files/i_484_AN8C.webp,https://ok.ru/video/14844287650542,https://ok.ru/videoembed/14844287650542
1231,14844287519470,movie,Todos los otakus van al paraíso del anime,Todos los otakus van al paraíso del anime (2023) [4K] [Sub Español],,,,,,,,2023,,Anime,Comedia,4K,Español,true,07:53,473,1884,catalogo_files/i_278_AN8C.webp,https://ok.ru/video/14844287519470,https://ok.ru/videoembed/14844287519470
1232,14824011926254,movie,"Maquia, una historia de amor eterno","Maquia, una historia de amor eterno (2018) [4K] [Sub Español]",,,,,,,,2018,,Anime,Drama,4K,Español,true,1:54:57,6897,2504,catalogo_files/i_212_AN8C.webp,https://ok.ru/video/14824011926254,https://ok.ru/videoembed/14824011926254
1233,14807585458926,movie,Riding Shotgun,Riding Shotgun (2013) [4K] [Sub Español],,,,,,,,2013,,Acción,,4K,Español,true,06:11,371,1369,catalogo_files/i_535_AN8C.webp,https://ok.ru/video/14807585458926,https://ok.ru/videoembed/14807585458926
1234,14817831815918,movie,Once Upon A Girl,Once Upon A Girl (1976) [1080p] [Sub Español],,,,,,,,1976,,Animación,Comedia,1080p,Español,true,1:20:02,4802,4265,catalogo_files/i_178_AN8C.webp,https://ok.ru/video/14817831815918,https://ok.ru/videoembed/14817831815918
1235,14815886838510,movie,Crisis jung,Crisis jung (2018) [4K] [Sub Español],,,,,,,,2018,,Animación,Ciencia Ficción,4K,Español,true,1:07:43,4063,1840,catalogo_files/i_810_AN8C.webp,https://ok.ru/video/14815886838510,https://ok.ru/videoembed/14815886838510
1236,14815886904046,movie,ichi the Killer: Episode 0,ichi the Killer: Episode 0 (2002) [4K] [Sub Español],,,,,,,,2002,,Anime,Terror,4K,Español,true,45:37,2737,1496,catalogo_files/i_834_AN8C.webp,https://ok.ru/video/14815886904046,https://ok.ru/videoembed/14815886904046
1237,14803663719150,movie,El perfume del invisible,El perfume del invisible (1997) [1080p] [Español],,,,,,,,1997,,Drama,,1080p,Español,false,1:07:57,4077,4576,catalogo_files/i_777_AN8C.webp,https://ok.ru/video/14803663719150,https://ok.ru/videoembed/14803663719150
1238,14795303029486,movie,Trials for Miles,Trials for Miles (2025) [4K] [Sub Español],,,,,,,,2025,,Documental,,4K,Español,true,02:41,161,1117,catalogo_files/i_569_AN8C.webp,https://ok.ru/video/14795303029486,https://ok.ru/videoembed/14795303029486
1239,14803651070702,movie,Opal,Opal (2021) [1080p] [Sub Español],,,,,,,,2021,,Animación,Infantil,1080p,Español,true,1:25:03,5103,1484,catalogo_files/i_878_AN8C.webp,https://ok.ru/video/14803651070702,https://ok.ru/videoembed/14803651070702
1240,14788479421166,movie,Blancanieves: Segunda parte,Blancanieves: Segunda parte (2007) [1080p] [Sub Español],,,,,,,,2007,,Animación,Fantasía,1080p,Español,true,1:18:27,4707,1536,catalogo_files/i_338_AN8C.webp,https://ok.ru/video/14788479421166,https://ok.ru/videoembed/14788479421166
1241,14788479879918,episode,Episodio 1,La frecuencia Kirlian - Temporada 1 y 2 (2017) [1080p] [Sub Español],la-frecuencia-kirlian,La frecuencia Kirlian,1,Temporadas 1 y 2,1,0,648,2017,,Terror,Ciencia Ficción,1080p,Español,true,1:48:02,648,1720,catalogo_files/i_390_AN8C.webp,https://ok.ru/video/14788479879918,https://ok.ru/videoembed/14788479879918
1242,14788479879918,episode,Episodio 2,La frecuencia Kirlian - Temporada 1 y 2 (2017) [1080p] [Sub Español],la-frecuencia-kirlian,La frecuencia Kirlian,1,Temporadas 1 y 2,2,648,1296,2017,,Terror,Ciencia Ficción,1080p,Español,true,1:48:02,648,1720,catalogo_files/i_390_AN8C.webp,https://ok.ru/video/14788479879918,https://ok.ru/videoembed/14788479879918
1243,14788479879918,episode,Episodio 3,La frecuencia Kirlian - Temporada 1 y 2 (2017) [1080p] [Sub Español],la-frecuencia-kirlian,La frecuencia Kirlian,1,Temporadas 1 y 2,3,1296,1945,2017,,Terror,Ciencia Ficción,1080p,Español,true,1:48:02,649,1720,catalogo_files/i_390_AN8C.webp,https://ok.ru/video/14788479879918,https://ok.ru/videoembed/14788479879918
1244,14788479879918,episode,Episodio 4,La frecuencia Kirlian - Temporada 1 y 2 (2017) [1080p] [Sub Español],la-frecuencia-kirlian,La frecuencia Kirlian,1,Temporadas 1 y 2,4,1945,2593,2017,,Terror,Ciencia Ficción,1080p,Español,true,1:48:02,648,1720,catalogo_files/i_390_AN8C.webp,https://ok.ru/video/14788479879918,https://ok.ru/videoembed/14788479879918
1245,14788479879918,episode,Episodio 5,La frecuencia Kirlian - Temporada 1 y 2 (2017) [1080p] [Sub Español],la-frecuencia-kirlian,La frecuencia Kirlian,1,Temporadas 1 y 2,5,2593,3241,2017,,Terror,Ciencia Ficción,1080p,Español,true,1:48:02,648,1720,catalogo_files/i_390_AN8C.webp,https://ok.ru/video/14788479879918,https://ok.ru/videoembed/14788479879918
1246,14788479879918,episode,Episodio 6,La frecuencia Kirlian - Temporada 1 y 2 (2017) [1080p] [Sub Español],la-frecuencia-kirlian,La frecuencia Kirlian,1,Temporadas 1 y 2,6,3241,3889,2017,,Terror,Ciencia Ficción,1080p,Español,true,1:48:02,648,1720,catalogo_files/i_390_AN8C.webp,https://ok.ru/video/14788479879918,https://ok.ru/videoembed/14788479879918
1247,14788479879918,episode,Episodio 7,La frecuencia Kirlian - Temporada 1 y 2 (2017) [1080p] [Sub Español],la-frecuencia-kirlian,La frecuencia Kirlian,1,Temporadas 1 y 2,7,3889,4537,2017,,Terror,Ciencia Ficción,1080p,Español,true,1:48:02,648,1720,catalogo_files/i_390_AN8C.webp,https://ok.ru/video/14788479879918,https://ok.ru/videoembed/14788479879918
1248,14788479879918,episode,Episodio 8,La frecuencia Kirlian - Temporada 1 y 2 (2017) [1080p] [Sub Español],la-frecuencia-kirlian,La frecuencia Kirlian,1,Temporadas 1 y 2,8,4537,5186,2017,,Terror,Ciencia Ficción,1080p,Español,true,1:48:02,649,1720,catalogo_files/i_390_AN8C.webp,https://ok.ru/video/14788479879918,https://ok.ru/videoembed/14788479879918
1249,14788479879918,episode,Episodio 9,La frecuencia Kirlian - Temporada 1 y 2 (2017) [1080p] [Sub Español],la-frecuencia-kirlian,La frecuencia Kirlian,1,Temporadas 1 y 2,9,5186,5834,2017,,Terror,Ciencia Ficción,1080p,Español,true,1:48:02,648,1720,catalogo_files/i_390_AN8C.webp,https://ok.ru/video/14788479879918,https://ok.ru/videoembed/14788479879918
1250,14788479879918,episode,Episodio 10,La frecuencia Kirlian - Temporada 1 y 2 (2017) [1080p] [Sub Español],la-frecuencia-kirlian,La frecuencia Kirlian,1,Temporadas 1 y 2,10,5834,,2017,,Terror,Ciencia Ficción,1080p,Español,true,1:48:02,648,1720,catalogo_files/i_390_AN8C.webp,https://ok.ru/video/14788479879918,https://ok.ru/videoembed/14788479879918
1251,14788479486702,movie,Frank & Wendy,Frank & Wendy (2004) [1080p] [Sub Español],,,,,,,,2004,,Animación,Comedia,1080p,Español,true,1:15:21,4521,1396,catalogo_files/i_344_AN8C.webp,https://ok.ru/video/14788479486702,https://ok.ru/videoembed/14788479486702
1252,14788479748846,movie,"Wood & Stock: Sexo, Orégano e Rock'n'Roll","Wood & Stock: Sexo, Orégano e Rock'n'Roll (2006) [1080p] [Sub Español]",,,,,,,,2006,,Animación,Comedia,1080p,Español,true,1:20:47,4847,1952,catalogo_files/i_747_AN8C.webp,https://ok.ru/video/14788479748846,https://ok.ru/videoembed/14788479748846
1253,14769365125870,movie,Los perros de la plaga,Los perros de la plaga (1982) [4K] [Sub Español],,,,,,,,1982,,Animación,Drama,4K,Español,true,1:43:29,6209,1969,catalogo_files/i_440_AN8C.webp,https://ok.ru/video/14769365125870,https://ok.ru/videoembed/14769365125870
1254,14769364798190,movie,Amos del universo,Amos del universo (2026) [4K] [Español],,,,,,,,2026,,Animación,Acción,4K,Español,false,2:20:25,8425,7233,catalogo_files/i_120_AN8C.webp,https://ok.ru/video/14769364798190,https://ok.ru/videoembed/14769364798190
1255,14769365453550,movie,Felidae,Felidae (1994) [4K] [Sub Español],,,,,,,,1994,,Animación,Drama,4K,Español,true,1:21:52,4912,2241,catalogo_files/i_376_AN8C.webp,https://ok.ru/video/14769365453550,https://ok.ru/videoembed/14769365453550
1256,14469645994734,episode,Episodio 1,Among Us - Temporada 1 [1080p] [Español],among-us,Among Us,1,,1,0,821,,,Animación,Comedia,1080p,Español,false,2:16:52,821,2608,catalogo_files/i_008_AN8C.webp,https://ok.ru/video/14469645994734,https://ok.ru/videoembed/14469645994734
1257,14469645994734,episode,Episodio 2,Among Us - Temporada 1 [1080p] [Español],among-us,Among Us,1,,2,821,1642,,,Animación,Comedia,1080p,Español,false,2:16:52,821,2608,catalogo_files/i_008_AN8C.webp,https://ok.ru/video/14469645994734,https://ok.ru/videoembed/14469645994734
1258,14469645994734,episode,Episodio 3,Among Us - Temporada 1 [1080p] [Español],among-us,Among Us,1,,3,1642,2464,,,Animación,Comedia,1080p,Español,false,2:16:52,822,2608,catalogo_files/i_008_AN8C.webp,https://ok.ru/video/14469645994734,https://ok.ru/videoembed/14469645994734
1259,14469645994734,episode,Episodio 4,Among Us - Temporada 1 [1080p] [Español],among-us,Among Us,1,,4,2464,3285,,,Animación,Comedia,1080p,Español,false,2:16:52,821,2608,catalogo_files/i_008_AN8C.webp,https://ok.ru/video/14469645994734,https://ok.ru/videoembed/14469645994734
1260,14469645994734,episode,Episodio 5,Among Us - Temporada 1 [1080p] [Español],among-us,Among Us,1,,5,3285,4106,,,Animación,Comedia,1080p,Español,false,2:16:52,821,2608,catalogo_files/i_008_AN8C.webp,https://ok.ru/video/14469645994734,https://ok.ru/videoembed/14469645994734
1261,14469645994734,episode,Episodio 6,Among Us - Temporada 1 [1080p] [Español],among-us,Among Us,1,,6,4106,4927,,,Animación,Comedia,1080p,Español,false,2:16:52,821,2608,catalogo_files/i_008_AN8C.webp,https://ok.ru/video/14469645994734,https://ok.ru/videoembed/14469645994734
1262,14469645994734,episode,Episodio 7,Among Us - Temporada 1 [1080p] [Español],among-us,Among Us,1,,7,4927,5748,,,Animación,Comedia,1080p,Español,false,2:16:52,821,2608,catalogo_files/i_008_AN8C.webp,https://ok.ru/video/14469645994734,https://ok.ru/videoembed/14469645994734
1263,14469645994734,episode,Episodio 8,Among Us - Temporada 1 [1080p] [Español],among-us,Among Us,1,,8,5748,6570,,,Animación,Comedia,1080p,Español,false,2:16:52,822,2608,catalogo_files/i_008_AN8C.webp,https://ok.ru/video/14469645994734,https://ok.ru/videoembed/14469645994734
1264,14469645994734,episode,Episodio 9,Among Us - Temporada 1 [1080p] [Español],among-us,Among Us,1,,9,6570,7391,,,Animación,Comedia,1080p,Español,false,2:16:52,821,2608,catalogo_files/i_008_AN8C.webp,https://ok.ru/video/14469645994734,https://ok.ru/videoembed/14469645994734
1265,14469645994734,episode,Episodio 10,Among Us - Temporada 1 [1080p] [Español],among-us,Among Us,1,,10,7391,,,,Animación,Comedia,1080p,Español,false,2:16:52,821,2608,catalogo_files/i_008_AN8C.webp,https://ok.ru/video/14469645994734,https://ok.ru/videoembed/14469645994734
1266,14763324803822,season,"Love, Death & Robots","Love, Death & Robots - Temporada 1 [4K] [Español]",love-death-robots,"Love, Death & Robots",1,,,,,,,Animación,Ciencia Ficción,4K,Español,false,3:47:21,13641,2350,catalogo_files/i_504_AN8C.webp,https://ok.ru/video/14763324803822,https://ok.ru/videoembed/14763324803822
1267,14764592466670,movie,Revengeance,Revengeance (2016) [1080p] [Sub Español],,,,,,,,2016,,Animación,Comedia,1080p,Español,true,1:15:48,4548,1615,catalogo_files/i_869_AN8C.webp,https://ok.ru/video/14764592466670,https://ok.ru/videoembed/14764592466670
1268,14762466151150,movie,Hayop Ka! You Animal,Hayop Ka! You Animal (2020) [1080p] [Sub Español],,,,,,,,2020,,Animación,Comedia,1080p,Español,true,1:13:54,4434,1532,catalogo_files/i_864_AN8C.webp,https://ok.ru/video/14762466151150,https://ok.ru/videoembed/14762466151150
1269,14762466085614,movie,Lascars,Lascars (2009) [1080p] [Sub Español],,,,,,,,2009,,Animación,Comedia,1080p,Español,true,1:35:24,5724,2165,catalogo_files/i_801_AN8C.webp,https://ok.ru/video/14762466085614,https://ok.ru/videoembed/14762466085614
1270,14747937868526,episode,Episodio 1,Arcane - Temporada 1 (2021) [4K] [Español],arcane,Arcane,1,,1,0,2489,2021,,Animación,Fantasía,4K,Español,false,6:13:24,2489,2989,catalogo_files/i_768_AN8C.webp,https://ok.ru/video/14747937868526,https://ok.ru/videoembed/14747937868526
1271,14747937868526,episode,Episodio 2,Arcane - Temporada 1 (2021) [4K] [Español],arcane,Arcane,1,,2,2489,4979,2021,,Animación,Fantasía,4K,Español,false,6:13:24,2490,2989,catalogo_files/i_768_AN8C.webp,https://ok.ru/video/14747937868526,https://ok.ru/videoembed/14747937868526
1272,14747937868526,episode,Episodio 3,Arcane - Temporada 1 (2021) [4K] [Español],arcane,Arcane,1,,3,4979,7468,2021,,Animación,Fantasía,4K,Español,false,6:13:24,2489,2989,catalogo_files/i_768_AN8C.webp,https://ok.ru/video/14747937868526,https://ok.ru/videoembed/14747937868526
1273,14747937868526,episode,Episodio 4,Arcane - Temporada 1 (2021) [4K] [Español],arcane,Arcane,1,,4,7468,9957,2021,,Animación,Fantasía,4K,Español,false,6:13:24,2489,2989,catalogo_files/i_768_AN8C.webp,https://ok.ru/video/14747937868526,https://ok.ru/videoembed/14747937868526
1274,14747937868526,episode,Episodio 5,Arcane - Temporada 1 (2021) [4K] [Español],arcane,Arcane,1,,5,9957,12447,2021,,Animación,Fantasía,4K,Español,false,6:13:24,2490,2989,catalogo_files/i_768_AN8C.webp,https://ok.ru/video/14747937868526,https://ok.ru/videoembed/14747937868526
1275,14747937868526,episode,Episodio 6,Arcane - Temporada 1 (2021) [4K] [Español],arcane,Arcane,1,,6,12447,14936,2021,,Animación,Fantasía,4K,Español,false,6:13:24,2489,2989,catalogo_files/i_768_AN8C.webp,https://ok.ru/video/14747937868526,https://ok.ru/videoembed/14747937868526
1276,14747937868526,episode,Episodio 7,Arcane - Temporada 1 (2021) [4K] [Español],arcane,Arcane,1,,7,14936,17425,2021,,Animación,Fantasía,4K,Español,false,6:13:24,2489,2989,catalogo_files/i_768_AN8C.webp,https://ok.ru/video/14747937868526,https://ok.ru/videoembed/14747937868526
1277,14747937868526,episode,Episodio 8,Arcane - Temporada 1 (2021) [4K] [Español],arcane,Arcane,1,,8,17425,19915,2021,,Animación,Fantasía,4K,Español,false,6:13:24,2490,2989,catalogo_files/i_768_AN8C.webp,https://ok.ru/video/14747937868526,https://ok.ru/videoembed/14747937868526
1278,14747937868526,episode,Episodio 9,Arcane - Temporada 1 (2021) [4K] [Español],arcane,Arcane,1,,9,19915,,2021,,Animación,Fantasía,4K,Español,false,6:13:24,2489,2989,catalogo_files/i_768_AN8C.webp,https://ok.ru/video/14747937868526,https://ok.ru/videoembed/14747937868526
1279,14747937737454,movie,FernGully: Las aventuras de Zak y Crysta,FernGully: Las aventuras de Zak y Crysta (1992) [4K] [Español],,,,,,,,1992,,Animación,Infantil,4K,Español,false,1:15:54,4554,1750,catalogo_files/i_148_AN8C.webp,https://ok.ru/video/14747937737454,https://ok.ru/videoembed/14747937737454
1280,14747937671918,movie,George the Hedgehog,George the Hedgehog (2011) [1080p] [Sub Español],,,,,,,,2011,,Animación,Comedia,1080p,Español,true,1:19:42,4782,1463,catalogo_files/i_365_AN8C.webp,https://ok.ru/video/14747937671918,https://ok.ru/videoembed/14747937671918
1281,14747937802990,episode,Episodio 1,Warhammer: Hammer and Bolter - Temporada 1 (2022) [1080p] [Sub Español],warhammer-hammer-and-bolter,Warhammer: Hammer and Bolter,1,,1,0,1170,2022,,Animación,Ciencia Ficción,1080p,Español,true,5:11:59,1170,3442,catalogo_files/i_436_AN8C.webp,https://ok.ru/video/14747937802990,https://ok.ru/videoembed/14747937802990
1282,14747937802990,episode,Episodio 2,Warhammer: Hammer and Bolter - Temporada 1 (2022) [1080p] [Sub Español],warhammer-hammer-and-bolter,Warhammer: Hammer and Bolter,1,,2,1170,2340,2022,,Animación,Ciencia Ficción,1080p,Español,true,5:11:59,1170,3442,catalogo_files/i_436_AN8C.webp,https://ok.ru/video/14747937802990,https://ok.ru/videoembed/14747937802990
1283,14747937802990,episode,Episodio 3,Warhammer: Hammer and Bolter - Temporada 1 (2022) [1080p] [Sub Español],warhammer-hammer-and-bolter,Warhammer: Hammer and Bolter,1,,3,2340,3510,2022,,Animación,Ciencia Ficción,1080p,Español,true,5:11:59,1170,3442,catalogo_files/i_436_AN8C.webp,https://ok.ru/video/14747937802990,https://ok.ru/videoembed/14747937802990
1284,14747937802990,episode,Episodio 4,Warhammer: Hammer and Bolter - Temporada 1 (2022) [1080p] [Sub Español],warhammer-hammer-and-bolter,Warhammer: Hammer and Bolter,1,,4,3510,4680,2022,,Animación,Ciencia Ficción,1080p,Español,true,5:11:59,1170,3442,catalogo_files/i_436_AN8C.webp,https://ok.ru/video/14747937802990,https://ok.ru/videoembed/14747937802990
1285,14747937802990,episode,Episodio 5,Warhammer: Hammer and Bolter - Temporada 1 (2022) [1080p] [Sub Español],warhammer-hammer-and-bolter,Warhammer: Hammer and Bolter,1,,5,4680,5850,2022,,Animación,Ciencia Ficción,1080p,Español,true,5:11:59,1170,3442,catalogo_files/i_436_AN8C.webp,https://ok.ru/video/14747937802990,https://ok.ru/videoembed/14747937802990
1286,14747937802990,episode,Episodio 6,Warhammer: Hammer and Bolter - Temporada 1 (2022) [1080p] [Sub Español],warhammer-hammer-and-bolter,Warhammer: Hammer and Bolter,1,,6,5850,7020,2022,,Animación,Ciencia Ficción,1080p,Español,true,5:11:59,1170,3442,catalogo_files/i_436_AN8C.webp,https://ok.ru/video/14747937802990,https://ok.ru/videoembed/14747937802990
1287,14747937802990,episode,Episodio 7,Warhammer: Hammer and Bolter - Temporada 1 (2022) [1080p] [Sub Español],warhammer-hammer-and-bolter,Warhammer: Hammer and Bolter,1,,7,7020,8190,2022,,Animación,Ciencia Ficción,1080p,Español,true,5:11:59,1170,3442,catalogo_files/i_436_AN8C.webp,https://ok.ru/video/14747937802990,https://ok.ru/videoembed/14747937802990
1288,14747937802990,episode,Episodio 8,Warhammer: Hammer and Bolter - Temporada 1 (2022) [1080p] [Sub Español],warhammer-hammer-and-bolter,Warhammer: Hammer and Bolter,1,,8,8190,9360,2022,,Animación,Ciencia Ficción,1080p,Español,true,5:11:59,1170,3442,catalogo_files/i_436_AN8C.webp,https://ok.ru/video/14747937802990,https://ok.ru/videoembed/14747937802990
1289,14747937802990,episode,Episodio 9,Warhammer: Hammer and Bolter - Temporada 1 (2022) [1080p] [Sub Español],warhammer-hammer-and-bolter,Warhammer: Hammer and Bolter,1,,9,9360,10529,2022,,Animación,Ciencia Ficción,1080p,Español,true,5:11:59,1169,3442,catalogo_files/i_436_AN8C.webp,https://ok.ru/video/14747937802990,https://ok.ru/videoembed/14747937802990
1290,14747937802990,episode,Episodio 10,Warhammer: Hammer and Bolter - Temporada 1 (2022) [1080p] [Sub Español],warhammer-hammer-and-bolter,Warhammer: Hammer and Bolter,1,,10,10529,11699,2022,,Animación,Ciencia Ficción,1080p,Español,true,5:11:59,1170,3442,catalogo_files/i_436_AN8C.webp,https://ok.ru/video/14747937802990,https://ok.ru/videoembed/14747937802990
1291,14747937802990,episode,Episodio 11,Warhammer: Hammer and Bolter - Temporada 1 (2022) [1080p] [Sub Español],warhammer-hammer-and-bolter,Warhammer: Hammer and Bolter,1,,11,11699,12869,2022,,Animación,Ciencia Ficción,1080p,Español,true,5:11:59,1170,3442,catalogo_files/i_436_AN8C.webp,https://ok.ru/video/14747937802990,https://ok.ru/videoembed/14747937802990
1292,14747937802990,episode,Episodio 12,Warhammer: Hammer and Bolter - Temporada 1 (2022) [1080p] [Sub Español],warhammer-hammer-and-bolter,Warhammer: Hammer and Bolter,1,,12,12869,14039,2022,,Animación,Ciencia Ficción,1080p,Español,true,5:11:59,1170,3442,catalogo_files/i_436_AN8C.webp,https://ok.ru/video/14747937802990,https://ok.ru/videoembed/14747937802990
1293,14747937802990,episode,Episodio 13,Warhammer: Hammer and Bolter - Temporada 1 (2022) [1080p] [Sub Español],warhammer-hammer-and-bolter,Warhammer: Hammer and Bolter,1,,13,14039,15209,2022,,Animación,Ciencia Ficción,1080p,Español,true,5:11:59,1170,3442,catalogo_files/i_436_AN8C.webp,https://ok.ru/video/14747937802990,https://ok.ru/videoembed/14747937802990
1294,14747937802990,episode,Episodio 14,Warhammer: Hammer and Bolter - Temporada 1 (2022) [1080p] [Sub Español],warhammer-hammer-and-bolter,Warhammer: Hammer and Bolter,1,,14,15209,16379,2022,,Animación,Ciencia Ficción,1080p,Español,true,5:11:59,1170,3442,catalogo_files/i_436_AN8C.webp,https://ok.ru/video/14747937802990,https://ok.ru/videoembed/14747937802990
1295,14747937802990,episode,Episodio 15,Warhammer: Hammer and Bolter - Temporada 1 (2022) [1080p] [Sub Español],warhammer-hammer-and-bolter,Warhammer: Hammer and Bolter,1,,15,16379,17549,2022,,Animación,Ciencia Ficción,1080p,Español,true,5:11:59,1170,3442,catalogo_files/i_436_AN8C.webp,https://ok.ru/video/14747937802990,https://ok.ru/videoembed/14747937802990
1296,14747937802990,episode,Episodio 16,Warhammer: Hammer and Bolter - Temporada 1 (2022) [1080p] [Sub Español],warhammer-hammer-and-bolter,Warhammer: Hammer and Bolter,1,,16,17549,,2022,,Animación,Ciencia Ficción,1080p,Español,true,5:11:59,1170,3442,catalogo_files/i_436_AN8C.webp,https://ok.ru/video/14747937802990,https://ok.ru/videoembed/14747937802990
1297,14733364169454,movie,The Five Star Stories,The Five Star Stories (1989) [4K] [Sub Español],,,,,,,,1989,,Anime,Ciencia Ficción,4K,Español,true,1:05:55,3955,1810,catalogo_files/i_752_AN8C.webp,https://ok.ru/video/14733364169454,https://ok.ru/videoembed/14733364169454
1298,14718117874414,movie,Night Warriors: Darkstalkers' Revenge,Night Warriors: Darkstalkers' Revenge (1997) [4K] [Sub Español],,,,,,,,1997,,Anime,Acción,4K,Español,true,2:50:00,10200,1772,catalogo_files/i_181_AN8C.webp,https://ok.ru/video/14718117874414,https://ok.ru/videoembed/14718117874414
1299,14718117808878,movie,George de la Jungla,George de la Jungla (1997) [4K] [Español],,,,,,,,1997,,Comedia,Aventura,4K,Español,false,1:31:44,5504,2666,catalogo_files/i_511_AN8C.webp,https://ok.ru/video/14718117808878,https://ok.ru/videoembed/14718117808878
1300,14718117677806,movie,Dragon Ball Z: La batalla de Freezer contra el padre de Goku,Dragon Ball Z: La batalla de Freezer contra el padre de Goku [1440p] [Español],,,,,,,,,,Anime,Acción,1440p,Español,false,47:52,2872,3383,catalogo_files/i_125_AN8C.webp,https://ok.ru/video/14718117677806,https://ok.ru/videoembed/14718117677806
1301,14705474603758,movie,Dragon Ball: Una Aventura Mística,Dragon Ball: Una Aventura Mística [1440p] [Español],,,,,,,,,,Anime,Aventura,1440p,Español,false,46:00,2760,1711,catalogo_files/i_462_AN8C.webp,https://ok.ru/video/14705474603758,https://ok.ru/videoembed/14705474603758
1302,14705474734830,movie,Dallos,Dallos (1983) [4K] [Sub Español],,,,,,,,1983,,Anime,Ciencia Ficción,4K,Español,true,2:00:28,7228,1702,catalogo_files/i_398_AN8C.webp,https://ok.ru/video/14705474734830,https://ok.ru/videoembed/14705474734830
1303,14705474276078,movie,El rey y el ruiseñor,El rey y el ruiseñor (1980) [1080p] [Sub Español],,,,,,,,1980,,Animación,Clásicos,1080p,Español,true,1:24:05,5045,1446,catalogo_files/i_781_AN8C.webp,https://ok.ru/video/14705474276078,https://ok.ru/videoembed/14705474276078
1304,14706545986286,movie,Los misteriosos cuentos del manzano,Los misteriosos cuentos del manzano (2025) [1080p] [Español],,,,,,,,2025,,Animación,Infantil,1080p,Español,false,1:12:08,4328,1467,catalogo_files/i_369_AN8C.webp,https://ok.ru/video/14706545986286,https://ok.ru/videoembed/14706545986286
1305,14706742135534,movie,Dragon Ball: La Princesa durmiente del castillo embrujado,Dragon Ball: La Princesa durmiente del castillo embrujado [1440p] [Español],,,,,,,,,,Anime,Aventura,1440p,Español,false,45:00,2700,1500,catalogo_files/i_790_AN8C.webp,https://ok.ru/video/14706742135534,https://ok.ru/videoembed/14706742135534
1306,14705474407150,movie,Dragon Ball: La Leyenda de Shenron,Dragon Ball: La Leyenda de Shenron [1440p] [Español],,,,,,,,,,Anime,Aventura,1440p,Español,false,50:30,3030,1479,catalogo_files/i_579_AN8C.webp,https://ok.ru/video/14705474407150,https://ok.ru/videoembed/14705474407150
1307,14698190146286,movie,La Leyenda de Hei 2,La Leyenda de Hei 2 (2025) [4K] [Sub Español],,,,,,,,2025,,Animación,Fantasía,4K,Español,true,1:58:50,7130,5374,catalogo_files/i_101_AN8C.webp,https://ok.ru/video/14698190146286,https://ok.ru/videoembed/14698190146286
1308,14698189949678,movie,El gran cuento de los osos,El gran cuento de los osos (2019) [1080p] [Español],,,,,,,,2019,,Animación,Infantil,1080p,Español,false,1:21:40,4900,1443,catalogo_files/i_867_AN8C.webp,https://ok.ru/video/14698189949678,https://ok.ru/videoembed/14698189949678
1309,14698391145198,movie,The Witcher: Sirenas de las profundidades,The Witcher: Sirenas de las profundidades (2025) [1080p] [Español],,,,,,,,2025,,Animación,Fantasía,1080p,Español,false,1:31:57,5517,1559,catalogo_files/i_537_AN8C.webp,https://ok.ru/video/14698391145198,https://ok.ru/videoembed/14698391145198
1310,14698337667822,movie,The Witcher: La pesadilla del lobo,The Witcher: La pesadilla del lobo (2021) [1080p] [Español],,,,,,,,2021,,Animación,Fantasía,1080p,Español,false,1:23:35,5015,1577,catalogo_files/i_893_AN8C.webp,https://ok.ru/video/14698337667822,https://ok.ru/videoembed/14698337667822
1311,14697675361006,movie,Las Ovejas Detectives,Las Ovejas Detectives (2026) [4K] [Español],,,,,,,,2026,,Animación,Infantil,4K,Español,false,1:54:34,6874,2872,catalogo_files/i_862_AN8C.webp,https://ok.ru/video/14697675361006,https://ok.ru/videoembed/14697675361006
1312,14690918796014,episode,Episodio 1,Dragon Ball - Temporada 2: 21º Torneo de las Artes Marciales [1440p] [Español],dragon-ball,Dragon Ball,2,21º Torneo de las Artes Marciales,1,0,1480,,,Anime,Aventura,1440p,Español,false,6:09:53,1480,2756,catalogo_files/i_695_AN8C.webp,https://ok.ru/video/14690918796014,https://ok.ru/videoembed/14690918796014
1313,14690918796014,episode,Episodio 2,Dragon Ball - Temporada 2: 21º Torneo de las Artes Marciales [1440p] [Español],dragon-ball,Dragon Ball,2,21º Torneo de las Artes Marciales,2,1480,2959,,,Anime,Aventura,1440p,Español,false,6:09:53,1479,2756,catalogo_files/i_695_AN8C.webp,https://ok.ru/video/14690918796014,https://ok.ru/videoembed/14690918796014
1314,14690918796014,episode,Episodio 3,Dragon Ball - Temporada 2: 21º Torneo de las Artes Marciales [1440p] [Español],dragon-ball,Dragon Ball,2,21º Torneo de las Artes Marciales,3,2959,4439,,,Anime,Aventura,1440p,Español,false,6:09:53,1480,2756,catalogo_files/i_695_AN8C.webp,https://ok.ru/video/14690918796014,https://ok.ru/videoembed/14690918796014
1315,14690918796014,episode,Episodio 4,Dragon Ball - Temporada 2: 21º Torneo de las Artes Marciales [1440p] [Español],dragon-ball,Dragon Ball,2,21º Torneo de las Artes Marciales,4,4439,5918,,,Anime,Aventura,1440p,Español,false,6:09:53,1479,2756,catalogo_files/i_695_AN8C.webp,https://ok.ru/video/14690918796014,https://ok.ru/videoembed/14690918796014
1316,14690918796014,episode,Episodio 5,Dragon Ball - Temporada 2: 21º Torneo de las Artes Marciales [1440p] [Español],dragon-ball,Dragon Ball,2,21º Torneo de las Artes Marciales,5,5918,7398,,,Anime,Aventura,1440p,Español,false,6:09:53,1480,2756,catalogo_files/i_695_AN8C.webp,https://ok.ru/video/14690918796014,https://ok.ru/videoembed/14690918796014
1317,14690918796014,episode,Episodio 6,Dragon Ball - Temporada 2: 21º Torneo de las Artes Marciales [1440p] [Español],dragon-ball,Dragon Ball,2,21º Torneo de las Artes Marciales,6,7398,8877,,,Anime,Aventura,1440p,Español,false,6:09:53,1479,2756,catalogo_files/i_695_AN8C.webp,https://ok.ru/video/14690918796014,https://ok.ru/videoembed/14690918796014
1318,14690918796014,episode,Episodio 7,Dragon Ball - Temporada 2: 21º Torneo de las Artes Marciales [1440p] [Español],dragon-ball,Dragon Ball,2,21º Torneo de las Artes Marciales,7,8877,10357,,,Anime,Aventura,1440p,Español,false,6:09:53,1480,2756,catalogo_files/i_695_AN8C.webp,https://ok.ru/video/14690918796014,https://ok.ru/videoembed/14690918796014
1319,14690918796014,episode,Episodio 8,Dragon Ball - Temporada 2: 21º Torneo de las Artes Marciales [1440p] [Español],dragon-ball,Dragon Ball,2,21º Torneo de las Artes Marciales,8,10357,11836,,,Anime,Aventura,1440p,Español,false,6:09:53,1479,2756,catalogo_files/i_695_AN8C.webp,https://ok.ru/video/14690918796014,https://ok.ru/videoembed/14690918796014
1320,14690918796014,episode,Episodio 9,Dragon Ball - Temporada 2: 21º Torneo de las Artes Marciales [1440p] [Español],dragon-ball,Dragon Ball,2,21º Torneo de las Artes Marciales,9,11836,13316,,,Anime,Aventura,1440p,Español,false,6:09:53,1480,2756,catalogo_files/i_695_AN8C.webp,https://ok.ru/video/14690918796014,https://ok.ru/videoembed/14690918796014
1321,14690918796014,episode,Episodio 10,Dragon Ball - Temporada 2: 21º Torneo de las Artes Marciales [1440p] [Español],dragon-ball,Dragon Ball,2,21º Torneo de las Artes Marciales,10,13316,14795,,,Anime,Aventura,1440p,Español,false,6:09:53,1479,2756,catalogo_files/i_695_AN8C.webp,https://ok.ru/video/14690918796014,https://ok.ru/videoembed/14690918796014
1322,14690918796014,episode,Episodio 11,Dragon Ball - Temporada 2: 21º Torneo de las Artes Marciales [1440p] [Español],dragon-ball,Dragon Ball,2,21º Torneo de las Artes Marciales,11,14795,16275,,,Anime,Aventura,1440p,Español,false,6:09:53,1480,2756,catalogo_files/i_695_AN8C.webp,https://ok.ru/video/14690918796014,https://ok.ru/videoembed/14690918796014
1323,14690918796014,episode,Episodio 12,Dragon Ball - Temporada 2: 21º Torneo de las Artes Marciales [1440p] [Español],dragon-ball,Dragon Ball,2,21º Torneo de las Artes Marciales,12,16275,17754,,,Anime,Aventura,1440p,Español,false,6:09:53,1479,2756,catalogo_files/i_695_AN8C.webp,https://ok.ru/video/14690918796014,https://ok.ru/videoembed/14690918796014
1324,14690918796014,episode,Episodio 13,Dragon Ball - Temporada 2: 21º Torneo de las Artes Marciales [1440p] [Español],dragon-ball,Dragon Ball,2,21º Torneo de las Artes Marciales,13,17754,19234,,,Anime,Aventura,1440p,Español,false,6:09:53,1480,2756,catalogo_files/i_695_AN8C.webp,https://ok.ru/video/14690918796014,https://ok.ru/videoembed/14690918796014
1325,14690918796014,episode,Episodio 14,Dragon Ball - Temporada 2: 21º Torneo de las Artes Marciales [1440p] [Español],dragon-ball,Dragon Ball,2,21º Torneo de las Artes Marciales,14,19234,20713,,,Anime,Aventura,1440p,Español,false,6:09:53,1479,2756,catalogo_files/i_695_AN8C.webp,https://ok.ru/video/14690918796014,https://ok.ru/videoembed/14690918796014
1326,14690918796014,episode,Episodio 15,Dragon Ball - Temporada 2: 21º Torneo de las Artes Marciales [1440p] [Español],dragon-ball,Dragon Ball,2,21º Torneo de las Artes Marciales,15,20713,,,,Anime,Aventura,1440p,Español,false,6:09:53,1480,2756,catalogo_files/i_695_AN8C.webp,https://ok.ru/video/14690918796014,https://ok.ru/videoembed/14690918796014
1327,14681670748910,episode,Episodio 1,Ranma ½ - Temporada 2 (2024) [1080p] [Español],ranma-12,Ranma ½,2,,1,0,796,2024,,Anime,Comedia,1080p,Español,false,4:51:56,796,2190,catalogo_files/i_809_AN8C.webp,https://ok.ru/video/14681670748910,https://ok.ru/videoembed/14681670748910
1328,14681670748910,episode,Episodio 2,Ranma ½ - Temporada 2 (2024) [1080p] [Español],ranma-12,Ranma ½,2,,2,796,1592,2024,,Anime,Comedia,1080p,Español,false,4:51:56,796,2190,catalogo_files/i_809_AN8C.webp,https://ok.ru/video/14681670748910,https://ok.ru/videoembed/14681670748910
1329,14681670748910,episode,Episodio 3,Ranma ½ - Temporada 2 (2024) [1080p] [Español],ranma-12,Ranma ½,2,,3,1592,2389,2024,,Anime,Comedia,1080p,Español,false,4:51:56,797,2190,catalogo_files/i_809_AN8C.webp,https://ok.ru/video/14681670748910,https://ok.ru/videoembed/14681670748910
1330,14681670748910,episode,Episodio 4,Ranma ½ - Temporada 2 (2024) [1080p] [Español],ranma-12,Ranma ½,2,,4,2389,3185,2024,,Anime,Comedia,1080p,Español,false,4:51:56,796,2190,catalogo_files/i_809_AN8C.webp,https://ok.ru/video/14681670748910,https://ok.ru/videoembed/14681670748910
1331,14681670748910,episode,Episodio 5,Ranma ½ - Temporada 2 (2024) [1080p] [Español],ranma-12,Ranma ½,2,,5,3185,3981,2024,,Anime,Comedia,1080p,Español,false,4:51:56,796,2190,catalogo_files/i_809_AN8C.webp,https://ok.ru/video/14681670748910,https://ok.ru/videoembed/14681670748910
1332,14681670748910,episode,Episodio 6,Ranma ½ - Temporada 2 (2024) [1080p] [Español],ranma-12,Ranma ½,2,,6,3981,4777,2024,,Anime,Comedia,1080p,Español,false,4:51:56,796,2190,catalogo_files/i_809_AN8C.webp,https://ok.ru/video/14681670748910,https://ok.ru/videoembed/14681670748910
1333,14681670748910,episode,Episodio 7,Ranma ½ - Temporada 2 (2024) [1080p] [Español],ranma-12,Ranma ½,2,,7,4777,5573,2024,,Anime,Comedia,1080p,Español,false,4:51:56,796,2190,catalogo_files/i_809_AN8C.webp,https://ok.ru/video/14681670748910,https://ok.ru/videoembed/14681670748910
1334,14681670748910,episode,Episodio 8,Ranma ½ - Temporada 2 (2024) [1080p] [Español],ranma-12,Ranma ½,2,,8,5573,6369,2024,,Anime,Comedia,1080p,Español,false,4:51:56,796,2190,catalogo_files/i_809_AN8C.webp,https://ok.ru/video/14681670748910,https://ok.ru/videoembed/14681670748910
1335,14681670748910,episode,Episodio 9,Ranma ½ - Temporada 2 (2024) [1080p] [Español],ranma-12,Ranma ½,2,,9,6369,7166,2024,,Anime,Comedia,1080p,Español,false,4:51:56,797,2190,catalogo_files/i_809_AN8C.webp,https://ok.ru/video/14681670748910,https://ok.ru/videoembed/14681670748910
1336,14681670748910,episode,Episodio 10,Ranma ½ - Temporada 2 (2024) [1080p] [Español],ranma-12,Ranma ½,2,,10,7166,7962,2024,,Anime,Comedia,1080p,Español,false,4:51:56,796,2190,catalogo_files/i_809_AN8C.webp,https://ok.ru/video/14681670748910,https://ok.ru/videoembed/14681670748910
1337,14681670748910,episode,Episodio 11,Ranma ½ - Temporada 2 (2024) [1080p] [Español],ranma-12,Ranma ½,2,,11,7962,8758,2024,,Anime,Comedia,1080p,Español,false,4:51:56,796,2190,catalogo_files/i_809_AN8C.webp,https://ok.ru/video/14681670748910,https://ok.ru/videoembed/14681670748910
1338,14681670748910,episode,Episodio 12,Ranma ½ - Temporada 2 (2024) [1080p] [Español],ranma-12,Ranma ½,2,,12,8758,9554,2024,,Anime,Comedia,1080p,Español,false,4:51:56,796,2190,catalogo_files/i_809_AN8C.webp,https://ok.ru/video/14681670748910,https://ok.ru/videoembed/14681670748910
1339,14681670748910,episode,Episodio 13,Ranma ½ - Temporada 2 (2024) [1080p] [Español],ranma-12,Ranma ½,2,,13,9554,10350,2024,,Anime,Comedia,1080p,Español,false,4:51:56,796,2190,catalogo_files/i_809_AN8C.webp,https://ok.ru/video/14681670748910,https://ok.ru/videoembed/14681670748910
1340,14681670748910,episode,Episodio 14,Ranma ½ - Temporada 2 (2024) [1080p] [Español],ranma-12,Ranma ½,2,,14,10350,11147,2024,,Anime,Comedia,1080p,Español,false,4:51:56,797,2190,catalogo_files/i_809_AN8C.webp,https://ok.ru/video/14681670748910,https://ok.ru/videoembed/14681670748910
1341,14681670748910,episode,Episodio 15,Ranma ½ - Temporada 2 (2024) [1080p] [Español],ranma-12,Ranma ½,2,,15,11147,11943,2024,,Anime,Comedia,1080p,Español,false,4:51:56,796,2190,catalogo_files/i_809_AN8C.webp,https://ok.ru/video/14681670748910,https://ok.ru/videoembed/14681670748910
1342,14681670748910,episode,Episodio 16,Ranma ½ - Temporada 2 (2024) [1080p] [Español],ranma-12,Ranma ½,2,,16,11943,12739,2024,,Anime,Comedia,1080p,Español,false,4:51:56,796,2190,catalogo_files/i_809_AN8C.webp,https://ok.ru/video/14681670748910,https://ok.ru/videoembed/14681670748910
1343,14681670748910,episode,Episodio 17,Ranma ½ - Temporada 2 (2024) [1080p] [Español],ranma-12,Ranma ½,2,,17,12739,13535,2024,,Anime,Comedia,1080p,Español,false,4:51:56,796,2190,catalogo_files/i_809_AN8C.webp,https://ok.ru/video/14681670748910,https://ok.ru/videoembed/14681670748910
1344,14681670748910,episode,Episodio 18,Ranma ½ - Temporada 2 (2024) [1080p] [Español],ranma-12,Ranma ½,2,,18,13535,14331,2024,,Anime,Comedia,1080p,Español,false,4:51:56,796,2190,catalogo_files/i_809_AN8C.webp,https://ok.ru/video/14681670748910,https://ok.ru/videoembed/14681670748910
1345,14681670748910,episode,Episodio 19,Ranma ½ - Temporada 2 (2024) [1080p] [Español],ranma-12,Ranma ½,2,,19,14331,15127,2024,,Anime,Comedia,1080p,Español,false,4:51:56,796,2190,catalogo_files/i_809_AN8C.webp,https://ok.ru/video/14681670748910,https://ok.ru/videoembed/14681670748910
1346,14681670748910,episode,Episodio 20,Ranma ½ - Temporada 2 (2024) [1080p] [Español],ranma-12,Ranma ½,2,,20,15127,15924,2024,,Anime,Comedia,1080p,Español,false,4:51:56,797,2190,catalogo_files/i_809_AN8C.webp,https://ok.ru/video/14681670748910,https://ok.ru/videoembed/14681670748910
1347,14681670748910,episode,Episodio 21,Ranma ½ - Temporada 2 (2024) [1080p] [Español],ranma-12,Ranma ½,2,,21,15924,16720,2024,,Anime,Comedia,1080p,Español,false,4:51:56,796,2190,catalogo_files/i_809_AN8C.webp,https://ok.ru/video/14681670748910,https://ok.ru/videoembed/14681670748910
1348,14681670748910,episode,Episodio 22,Ranma ½ - Temporada 2 (2024) [1080p] [Español],ranma-12,Ranma ½,2,,22,16720,,2024,,Anime,Comedia,1080p,Español,false,4:51:56,796,2190,catalogo_files/i_809_AN8C.webp,https://ok.ru/video/14681670748910,https://ok.ru/videoembed/14681670748910
1349,14677121633006,episode,Episodio 1,Dragon Ball - Temporada 1: Saga de Pilaf [1440p] [Español],dragon-ball,Dragon Ball,1,Saga de Pilaf,1,0,1480,,,Anime,Aventura,1440p,Español,false,5:20:35,1480,5291,catalogo_files/i_880_AN8C.webp,https://ok.ru/video/14677121633006,https://ok.ru/videoembed/14677121633006
1350,14677121633006,episode,Episodio 2,Dragon Ball - Temporada 1: Saga de Pilaf [1440p] [Español],dragon-ball,Dragon Ball,1,Saga de Pilaf,2,1480,2959,,,Anime,Aventura,1440p,Español,false,5:20:35,1479,5291,catalogo_files/i_880_AN8C.webp,https://ok.ru/video/14677121633006,https://ok.ru/videoembed/14677121633006
1351,14677121633006,episode,Episodio 3,Dragon Ball - Temporada 1: Saga de Pilaf [1440p] [Español],dragon-ball,Dragon Ball,1,Saga de Pilaf,3,2959,4439,,,Anime,Aventura,1440p,Español,false,5:20:35,1480,5291,catalogo_files/i_880_AN8C.webp,https://ok.ru/video/14677121633006,https://ok.ru/videoembed/14677121633006
1352,14677121633006,episode,Episodio 4,Dragon Ball - Temporada 1: Saga de Pilaf [1440p] [Español],dragon-ball,Dragon Ball,1,Saga de Pilaf,4,4439,5918,,,Anime,Aventura,1440p,Español,false,5:20:35,1479,5291,catalogo_files/i_880_AN8C.webp,https://ok.ru/video/14677121633006,https://ok.ru/videoembed/14677121633006
1353,14677121633006,episode,Episodio 5,Dragon Ball - Temporada 1: Saga de Pilaf [1440p] [Español],dragon-ball,Dragon Ball,1,Saga de Pilaf,5,5918,7398,,,Anime,Aventura,1440p,Español,false,5:20:35,1480,5291,catalogo_files/i_880_AN8C.webp,https://ok.ru/video/14677121633006,https://ok.ru/videoembed/14677121633006
1354,14677121633006,episode,Episodio 6,Dragon Ball - Temporada 1: Saga de Pilaf [1440p] [Español],dragon-ball,Dragon Ball,1,Saga de Pilaf,6,7398,8878,,,Anime,Aventura,1440p,Español,false,5:20:35,1480,5291,catalogo_files/i_880_AN8C.webp,https://ok.ru/video/14677121633006,https://ok.ru/videoembed/14677121633006
1355,14677121633006,episode,Episodio 7,Dragon Ball - Temporada 1: Saga de Pilaf [1440p] [Español],dragon-ball,Dragon Ball,1,Saga de Pilaf,7,8878,10357,,,Anime,Aventura,1440p,Español,false,5:20:35,1479,5291,catalogo_files/i_880_AN8C.webp,https://ok.ru/video/14677121633006,https://ok.ru/videoembed/14677121633006
1356,14677121633006,episode,Episodio 8,Dragon Ball - Temporada 1: Saga de Pilaf [1440p] [Español],dragon-ball,Dragon Ball,1,Saga de Pilaf,8,10357,11837,,,Anime,Aventura,1440p,Español,false,5:20:35,1480,5291,catalogo_files/i_880_AN8C.webp,https://ok.ru/video/14677121633006,https://ok.ru/videoembed/14677121633006
1357,14677121633006,episode,Episodio 9,Dragon Ball - Temporada 1: Saga de Pilaf [1440p] [Español],dragon-ball,Dragon Ball,1,Saga de Pilaf,9,11837,13317,,,Anime,Aventura,1440p,Español,false,5:20:35,1480,5291,catalogo_files/i_880_AN8C.webp,https://ok.ru/video/14677121633006,https://ok.ru/videoembed/14677121633006
1358,14677121633006,episode,Episodio 10,Dragon Ball - Temporada 1: Saga de Pilaf [1440p] [Español],dragon-ball,Dragon Ball,1,Saga de Pilaf,10,13317,14796,,,Anime,Aventura,1440p,Español,false,5:20:35,1479,5291,catalogo_files/i_880_AN8C.webp,https://ok.ru/video/14677121633006,https://ok.ru/videoembed/14677121633006
1359,14677121633006,episode,Episodio 11,Dragon Ball - Temporada 1: Saga de Pilaf [1440p] [Español],dragon-ball,Dragon Ball,1,Saga de Pilaf,11,14796,16276,,,Anime,Aventura,1440p,Español,false,5:20:35,1480,5291,catalogo_files/i_880_AN8C.webp,https://ok.ru/video/14677121633006,https://ok.ru/videoembed/14677121633006
1360,14677121633006,episode,Episodio 12,Dragon Ball - Temporada 1: Saga de Pilaf [1440p] [Español],dragon-ball,Dragon Ball,1,Saga de Pilaf,12,16276,17755,,,Anime,Aventura,1440p,Español,false,5:20:35,1479,5291,catalogo_files/i_880_AN8C.webp,https://ok.ru/video/14677121633006,https://ok.ru/videoembed/14677121633006
1361,14677121633006,episode,Episodio 13,Dragon Ball - Temporada 1: Saga de Pilaf [1440p] [Español],dragon-ball,Dragon Ball,1,Saga de Pilaf,13,17755,,,,Anime,Aventura,1440p,Español,false,5:20:35,1480,5291,catalogo_files/i_880_AN8C.webp,https://ok.ru/video/14677121633006,https://ok.ru/videoembed/14677121633006
1362,14656001411822,movie,Ergo Proxy,Ergo Proxy (2006) [1080p] [Sub Español],,,,,,,,2006,,Anime,Ciencia Ficción,1080p,Español,true,9:57:04,35824,2324,catalogo_files/i_335_AN8C.webp,https://ok.ru/video/14656001411822,https://ok.ru/videoembed/14656001411822
1363,14623440833262,movie,Another,Another (2012) [1080p] [Sub Español],,,,,,,,2012,,Anime,Terror,1080p,Español,true,5:22:21,19341,1723,catalogo_files/i_210_AN8C.webp,https://ok.ru/video/14623440833262,https://ok.ru/videoembed/14623440833262
1364,14648125164270,movie,Toradora!,Toradora! (2008) [1080p] [Sub Español],,,,,,,,2008,,Anime,Comedia,1080p,Español,true,10:17:43,37063,1524,catalogo_files/i_656_AN8C.webp,https://ok.ru/video/14648125164270,https://ok.ru/videoembed/14648125164270
1365,14641539058414,episode,Episodio 1,Yu-Gi-Oh! - Temporada 1 (2000) [1440p] [Español],yu-gi-oh,Yu-Gi-Oh!,1,,1,0,1215,2000,,Anime,Aventura,1440p,Español,false,15:40:52,1215,2052,catalogo_files/i_829_AN8C.webp,https://ok.ru/video/14641539058414,https://ok.ru/videoembed/14641539058414
1366,14641539058414,episode,Episodio 2,Yu-Gi-Oh! - Temporada 1 (2000) [1440p] [Español],yu-gi-oh,Yu-Gi-Oh!,1,,2,1215,2430,2000,,Anime,Aventura,1440p,Español,false,15:40:52,1215,2052,catalogo_files/i_829_AN8C.webp,https://ok.ru/video/14641539058414,https://ok.ru/videoembed/14641539058414
1367,14641539058414,episode,Episodio 3,Yu-Gi-Oh! - Temporada 1 (2000) [1440p] [Español],yu-gi-oh,Yu-Gi-Oh!,1,,3,2430,3645,2000,,Anime,Aventura,1440p,Español,false,15:40:52,1215,2052,catalogo_files/i_829_AN8C.webp,https://ok.ru/video/14641539058414,https://ok.ru/videoembed/14641539058414
1368,14641539058414,episode,Episodio 4,Yu-Gi-Oh! - Temporada 1 (2000) [1440p] [Español],yu-gi-oh,Yu-Gi-Oh!,1,,4,3645,4860,2000,,Anime,Aventura,1440p,Español,false,15:40:52,1215,2052,catalogo_files/i_829_AN8C.webp,https://ok.ru/video/14641539058414,https://ok.ru/videoembed/14641539058414
1369,14641539058414,episode,Episodio 5,Yu-Gi-Oh! - Temporada 1 (2000) [1440p] [Español],yu-gi-oh,Yu-Gi-Oh!,1,,5,4860,6075,2000,,Anime,Aventura,1440p,Español,false,15:40:52,1215,2052,catalogo_files/i_829_AN8C.webp,https://ok.ru/video/14641539058414,https://ok.ru/videoembed/14641539058414
1370,14641539058414,episode,Episodio 6,Yu-Gi-Oh! - Temporada 1 (2000) [1440p] [Español],yu-gi-oh,Yu-Gi-Oh!,1,,6,6075,7290,2000,,Anime,Aventura,1440p,Español,false,15:40:52,1215,2052,catalogo_files/i_829_AN8C.webp,https://ok.ru/video/14641539058414,https://ok.ru/videoembed/14641539058414
1371,14641539058414,episode,Episodio 7,Yu-Gi-Oh! - Temporada 1 (2000) [1440p] [Español],yu-gi-oh,Yu-Gi-Oh!,1,,7,7290,8505,2000,,Anime,Aventura,1440p,Español,false,15:40:52,1215,2052,catalogo_files/i_829_AN8C.webp,https://ok.ru/video/14641539058414,https://ok.ru/videoembed/14641539058414
1372,14641539058414,episode,Episodio 8,Yu-Gi-Oh! - Temporada 1 (2000) [1440p] [Español],yu-gi-oh,Yu-Gi-Oh!,1,,8,8505,9720,2000,,Anime,Aventura,1440p,Español,false,15:40:52,1215,2052,catalogo_files/i_829_AN8C.webp,https://ok.ru/video/14641539058414,https://ok.ru/videoembed/14641539058414
1373,14641539058414,episode,Episodio 9,Yu-Gi-Oh! - Temporada 1 (2000) [1440p] [Español],yu-gi-oh,Yu-Gi-Oh!,1,,9,9720,10935,2000,,Anime,Aventura,1440p,Español,false,15:40:52,1215,2052,catalogo_files/i_829_AN8C.webp,https://ok.ru/video/14641539058414,https://ok.ru/videoembed/14641539058414
1374,14641539058414,episode,Episodio 10,Yu-Gi-Oh! - Temporada 1 (2000) [1440p] [Español],yu-gi-oh,Yu-Gi-Oh!,1,,10,10935,12150,2000,,Anime,Aventura,1440p,Español,false,15:40:52,1215,2052,catalogo_files/i_829_AN8C.webp,https://ok.ru/video/14641539058414,https://ok.ru/videoembed/14641539058414
1375,14641539058414,episode,Episodio 11,Yu-Gi-Oh! - Temporada 1 (2000) [1440p] [Español],yu-gi-oh,Yu-Gi-Oh!,1,,11,12150,13365,2000,,Anime,Aventura,1440p,Español,false,15:40:52,1215,2052,catalogo_files/i_829_AN8C.webp,https://ok.ru/video/14641539058414,https://ok.ru/videoembed/14641539058414
1376,14641539058414,episode,Episodio 12,Yu-Gi-Oh! - Temporada 1 (2000) [1440p] [Español],yu-gi-oh,Yu-Gi-Oh!,1,,12,13365,14580,2000,,Anime,Aventura,1440p,Español,false,15:40:52,1215,2052,catalogo_files/i_829_AN8C.webp,https://ok.ru/video/14641539058414,https://ok.ru/videoembed/14641539058414
1377,14641539058414,episode,Episodio 13,Yu-Gi-Oh! - Temporada 1 (2000) [1440p] [Español],yu-gi-oh,Yu-Gi-Oh!,1,,13,14580,15795,2000,,Anime,Aventura,1440p,Español,false,15:40:52,1215,2052,catalogo_files/i_829_AN8C.webp,https://ok.ru/video/14641539058414,https://ok.ru/videoembed/14641539058414
1378,14641539058414,episode,Episodio 14,Yu-Gi-Oh! - Temporada 1 (2000) [1440p] [Español],yu-gi-oh,Yu-Gi-Oh!,1,,14,15795,17010,2000,,Anime,Aventura,1440p,Español,false,15:40:52,1215,2052,catalogo_files/i_829_AN8C.webp,https://ok.ru/video/14641539058414,https://ok.ru/videoembed/14641539058414
1379,14641539058414,episode,Episodio 15,Yu-Gi-Oh! - Temporada 1 (2000) [1440p] [Español],yu-gi-oh,Yu-Gi-Oh!,1,,15,17010,18225,2000,,Anime,Aventura,1440p,Español,false,15:40:52,1215,2052,catalogo_files/i_829_AN8C.webp,https://ok.ru/video/14641539058414,https://ok.ru/videoembed/14641539058414
1380,14641539058414,episode,Episodio 16,Yu-Gi-Oh! - Temporada 1 (2000) [1440p] [Español],yu-gi-oh,Yu-Gi-Oh!,1,,16,18225,19440,2000,,Anime,Aventura,1440p,Español,false,15:40:52,1215,2052,catalogo_files/i_829_AN8C.webp,https://ok.ru/video/14641539058414,https://ok.ru/videoembed/14641539058414
1381,14641539058414,episode,Episodio 17,Yu-Gi-Oh! - Temporada 1 (2000) [1440p] [Español],yu-gi-oh,Yu-Gi-Oh!,1,,17,19440,20655,2000,,Anime,Aventura,1440p,Español,false,15:40:52,1215,2052,catalogo_files/i_829_AN8C.webp,https://ok.ru/video/14641539058414,https://ok.ru/videoembed/14641539058414
1382,14641539058414,episode,Episodio 18,Yu-Gi-Oh! - Temporada 1 (2000) [1440p] [Español],yu-gi-oh,Yu-Gi-Oh!,1,,18,20655,21870,2000,,Anime,Aventura,1440p,Español,false,15:40:52,1215,2052,catalogo_files/i_829_AN8C.webp,https://ok.ru/video/14641539058414,https://ok.ru/videoembed/14641539058414
1383,14641539058414,episode,Episodio 19,Yu-Gi-Oh! - Temporada 1 (2000) [1440p] [Español],yu-gi-oh,Yu-Gi-Oh!,1,,19,21870,23085,2000,,Anime,Aventura,1440p,Español,false,15:40:52,1215,2052,catalogo_files/i_829_AN8C.webp,https://ok.ru/video/14641539058414,https://ok.ru/videoembed/14641539058414
1384,14641539058414,episode,Episodio 20,Yu-Gi-Oh! - Temporada 1 (2000) [1440p] [Español],yu-gi-oh,Yu-Gi-Oh!,1,,20,23085,24300,2000,,Anime,Aventura,1440p,Español,false,15:40:52,1215,2052,catalogo_files/i_829_AN8C.webp,https://ok.ru/video/14641539058414,https://ok.ru/videoembed/14641539058414
1385,14641539058414,episode,Episodio 21,Yu-Gi-Oh! - Temporada 1 (2000) [1440p] [Español],yu-gi-oh,Yu-Gi-Oh!,1,,21,24300,25515,2000,,Anime,Aventura,1440p,Español,false,15:40:52,1215,2052,catalogo_files/i_829_AN8C.webp,https://ok.ru/video/14641539058414,https://ok.ru/videoembed/14641539058414
1386,14641539058414,episode,Episodio 22,Yu-Gi-Oh! - Temporada 1 (2000) [1440p] [Español],yu-gi-oh,Yu-Gi-Oh!,1,,22,25515,26730,2000,,Anime,Aventura,1440p,Español,false,15:40:52,1215,2052,catalogo_files/i_829_AN8C.webp,https://ok.ru/video/14641539058414,https://ok.ru/videoembed/14641539058414
1387,14641539058414,episode,Episodio 23,Yu-Gi-Oh! - Temporada 1 (2000) [1440p] [Español],yu-gi-oh,Yu-Gi-Oh!,1,,23,26730,27945,2000,,Anime,Aventura,1440p,Español,false,15:40:52,1215,2052,catalogo_files/i_829_AN8C.webp,https://ok.ru/video/14641539058414,https://ok.ru/videoembed/14641539058414
1388,14641539058414,episode,Episodio 24,Yu-Gi-Oh! - Temporada 1 (2000) [1440p] [Español],yu-gi-oh,Yu-Gi-Oh!,1,,24,27945,29160,2000,,Anime,Aventura,1440p,Español,false,15:40:52,1215,2052,catalogo_files/i_829_AN8C.webp,https://ok.ru/video/14641539058414,https://ok.ru/videoembed/14641539058414
1389,14641539058414,episode,Episodio 25,Yu-Gi-Oh! - Temporada 1 (2000) [1440p] [Español],yu-gi-oh,Yu-Gi-Oh!,1,,25,29160,30375,2000,,Anime,Aventura,1440p,Español,false,15:40:52,1215,2052,catalogo_files/i_829_AN8C.webp,https://ok.ru/video/14641539058414,https://ok.ru/videoembed/14641539058414
1390,14641539058414,episode,Episodio 26,Yu-Gi-Oh! - Temporada 1 (2000) [1440p] [Español],yu-gi-oh,Yu-Gi-Oh!,1,,26,30375,31590,2000,,Anime,Aventura,1440p,Español,false,15:40:52,1215,2052,catalogo_files/i_829_AN8C.webp,https://ok.ru/video/14641539058414,https://ok.ru/videoembed/14641539058414
1391,14641539058414,episode,Episodio 27,Yu-Gi-Oh! - Temporada 1 (2000) [1440p] [Español],yu-gi-oh,Yu-Gi-Oh!,1,,27,31590,32805,2000,,Anime,Aventura,1440p,Español,false,15:40:52,1215,2052,catalogo_files/i_829_AN8C.webp,https://ok.ru/video/14641539058414,https://ok.ru/videoembed/14641539058414
1392,14641539058414,episode,Episodio 28,Yu-Gi-Oh! - Temporada 1 (2000) [1440p] [Español],yu-gi-oh,Yu-Gi-Oh!,1,,28,32805,34020,2000,,Anime,Aventura,1440p,Español,false,15:40:52,1215,2052,catalogo_files/i_829_AN8C.webp,https://ok.ru/video/14641539058414,https://ok.ru/videoembed/14641539058414
1393,14641539058414,episode,Episodio 29,Yu-Gi-Oh! - Temporada 1 (2000) [1440p] [Español],yu-gi-oh,Yu-Gi-Oh!,1,,29,34020,35235,2000,,Anime,Aventura,1440p,Español,false,15:40:52,1215,2052,catalogo_files/i_829_AN8C.webp,https://ok.ru/video/14641539058414,https://ok.ru/videoembed/14641539058414
1394,14641539058414,episode,Episodio 30,Yu-Gi-Oh! - Temporada 1 (2000) [1440p] [Español],yu-gi-oh,Yu-Gi-Oh!,1,,30,35235,36450,2000,,Anime,Aventura,1440p,Español,false,15:40:52,1215,2052,catalogo_files/i_829_AN8C.webp,https://ok.ru/video/14641539058414,https://ok.ru/videoembed/14641539058414
1395,14641539058414,episode,Episodio 31,Yu-Gi-Oh! - Temporada 1 (2000) [1440p] [Español],yu-gi-oh,Yu-Gi-Oh!,1,,31,36450,37665,2000,,Anime,Aventura,1440p,Español,false,15:40:52,1215,2052,catalogo_files/i_829_AN8C.webp,https://ok.ru/video/14641539058414,https://ok.ru/videoembed/14641539058414
1396,14641539058414,episode,Episodio 32,Yu-Gi-Oh! - Temporada 1 (2000) [1440p] [Español],yu-gi-oh,Yu-Gi-Oh!,1,,32,37665,38880,2000,,Anime,Aventura,1440p,Español,false,15:40:52,1215,2052,catalogo_files/i_829_AN8C.webp,https://ok.ru/video/14641539058414,https://ok.ru/videoembed/14641539058414
1397,14641539058414,episode,Episodio 33,Yu-Gi-Oh! - Temporada 1 (2000) [1440p] [Español],yu-gi-oh,Yu-Gi-Oh!,1,,33,38880,40095,2000,,Anime,Aventura,1440p,Español,false,15:40:52,1215,2052,catalogo_files/i_829_AN8C.webp,https://ok.ru/video/14641539058414,https://ok.ru/videoembed/14641539058414
1398,14641539058414,episode,Episodio 34,Yu-Gi-Oh! - Temporada 1 (2000) [1440p] [Español],yu-gi-oh,Yu-Gi-Oh!,1,,34,40095,41310,2000,,Anime,Aventura,1440p,Español,false,15:40:52,1215,2052,catalogo_files/i_829_AN8C.webp,https://ok.ru/video/14641539058414,https://ok.ru/videoembed/14641539058414
1399,14641539058414,episode,Episodio 35,Yu-Gi-Oh! - Temporada 1 (2000) [1440p] [Español],yu-gi-oh,Yu-Gi-Oh!,1,,35,41310,42525,2000,,Anime,Aventura,1440p,Español,false,15:40:52,1215,2052,catalogo_files/i_829_AN8C.webp,https://ok.ru/video/14641539058414,https://ok.ru/videoembed/14641539058414
1400,14641539058414,episode,Episodio 36,Yu-Gi-Oh! - Temporada 1 (2000) [1440p] [Español],yu-gi-oh,Yu-Gi-Oh!,1,,36,42525,43740,2000,,Anime,Aventura,1440p,Español,false,15:40:52,1215,2052,catalogo_files/i_829_AN8C.webp,https://ok.ru/video/14641539058414,https://ok.ru/videoembed/14641539058414
1401,14641539058414,episode,Episodio 37,Yu-Gi-Oh! - Temporada 1 (2000) [1440p] [Español],yu-gi-oh,Yu-Gi-Oh!,1,,37,43740,44955,2000,,Anime,Aventura,1440p,Español,false,15:40:52,1215,2052,catalogo_files/i_829_AN8C.webp,https://ok.ru/video/14641539058414,https://ok.ru/videoembed/14641539058414
1402,14641539058414,episode,Episodio 38,Yu-Gi-Oh! - Temporada 1 (2000) [1440p] [Español],yu-gi-oh,Yu-Gi-Oh!,1,,38,44955,46170,2000,,Anime,Aventura,1440p,Español,false,15:40:52,1215,2052,catalogo_files/i_829_AN8C.webp,https://ok.ru/video/14641539058414,https://ok.ru/videoembed/14641539058414
1403,14641539058414,episode,Episodio 39,Yu-Gi-Oh! - Temporada 1 (2000) [1440p] [Español],yu-gi-oh,Yu-Gi-Oh!,1,,39,46170,47385,2000,,Anime,Aventura,1440p,Español,false,15:40:52,1215,2052,catalogo_files/i_829_AN8C.webp,https://ok.ru/video/14641539058414,https://ok.ru/videoembed/14641539058414
1404,14641539058414,episode,Episodio 40,Yu-Gi-Oh! - Temporada 1 (2000) [1440p] [Español],yu-gi-oh,Yu-Gi-Oh!,1,,40,47385,48600,2000,,Anime,Aventura,1440p,Español,false,15:40:52,1215,2052,catalogo_files/i_829_AN8C.webp,https://ok.ru/video/14641539058414,https://ok.ru/videoembed/14641539058414
1405,14641539058414,episode,Episodio 41,Yu-Gi-Oh! - Temporada 1 (2000) [1440p] [Español],yu-gi-oh,Yu-Gi-Oh!,1,,41,48600,49815,2000,,Anime,Aventura,1440p,Español,false,15:40:52,1215,2052,catalogo_files/i_829_AN8C.webp,https://ok.ru/video/14641539058414,https://ok.ru/videoembed/14641539058414
1406,14641539058414,episode,Episodio 42,Yu-Gi-Oh! - Temporada 1 (2000) [1440p] [Español],yu-gi-oh,Yu-Gi-Oh!,1,,42,49815,51030,2000,,Anime,Aventura,1440p,Español,false,15:40:52,1215,2052,catalogo_files/i_829_AN8C.webp,https://ok.ru/video/14641539058414,https://ok.ru/videoembed/14641539058414
1407,14641539058414,episode,Episodio 43,Yu-Gi-Oh! - Temporada 1 (2000) [1440p] [Español],yu-gi-oh,Yu-Gi-Oh!,1,,43,51030,52245,2000,,Anime,Aventura,1440p,Español,false,15:40:52,1215,2052,catalogo_files/i_829_AN8C.webp,https://ok.ru/video/14641539058414,https://ok.ru/videoembed/14641539058414
1408,14641539058414,episode,Episodio 44,Yu-Gi-Oh! - Temporada 1 (2000) [1440p] [Español],yu-gi-oh,Yu-Gi-Oh!,1,,44,52245,53460,2000,,Anime,Aventura,1440p,Español,false,15:40:52,1215,2052,catalogo_files/i_829_AN8C.webp,https://ok.ru/video/14641539058414,https://ok.ru/videoembed/14641539058414
1409,14641539058414,episode,Episodio 45,Yu-Gi-Oh! - Temporada 1 (2000) [1440p] [Español],yu-gi-oh,Yu-Gi-Oh!,1,,45,53460,54675,2000,,Anime,Aventura,1440p,Español,false,15:40:52,1215,2052,catalogo_files/i_829_AN8C.webp,https://ok.ru/video/14641539058414,https://ok.ru/videoembed/14641539058414
1410,14641539058414,episode,Episodio 46,Yu-Gi-Oh! - Temporada 1 (2000) [1440p] [Español],yu-gi-oh,Yu-Gi-Oh!,1,,46,54675,55890,2000,,Anime,Aventura,1440p,Español,false,15:40:52,1215,2052,catalogo_files/i_829_AN8C.webp,https://ok.ru/video/14641539058414,https://ok.ru/videoembed/14641539058414
1411,14641539058414,episode,Episodio 47,Yu-Gi-Oh! - Temporada 1 (2000) [1440p] [Español],yu-gi-oh,Yu-Gi-Oh!,1,,47,55890,,2000,,Anime,Aventura,1440p,Español,false,15:40:52,562,2052,catalogo_files/i_829_AN8C.webp,https://ok.ru/video/14641539058414,https://ok.ru/videoembed/14641539058414
1412,14633741060846,episode,Episodio 1,Sailor Moon - Temporada 1 (1992) [1080p] [Español],sailor-moon,Sailor Moon,1,,1,0,1450,1992,,Anime,Fantasía,1080p,Español,false,18:31:19,1450,3722,catalogo_files/i_020_AN8C.webp,https://ok.ru/video/14633741060846,https://ok.ru/videoembed/14633741060846
1413,14633741060846,episode,Episodio 2,Sailor Moon - Temporada 1 (1992) [1080p] [Español],sailor-moon,Sailor Moon,1,,2,1450,2899,1992,,Anime,Fantasía,1080p,Español,false,18:31:19,1449,3722,catalogo_files/i_020_AN8C.webp,https://ok.ru/video/14633741060846,https://ok.ru/videoembed/14633741060846
1414,14633741060846,episode,Episodio 3,Sailor Moon - Temporada 1 (1992) [1080p] [Español],sailor-moon,Sailor Moon,1,,3,2899,4349,1992,,Anime,Fantasía,1080p,Español,false,18:31:19,1450,3722,catalogo_files/i_020_AN8C.webp,https://ok.ru/video/14633741060846,https://ok.ru/videoembed/14633741060846
1415,14633741060846,episode,Episodio 4,Sailor Moon - Temporada 1 (1992) [1080p] [Español],sailor-moon,Sailor Moon,1,,4,4349,5798,1992,,Anime,Fantasía,1080p,Español,false,18:31:19,1449,3722,catalogo_files/i_020_AN8C.webp,https://ok.ru/video/14633741060846,https://ok.ru/videoembed/14633741060846
1416,14633741060846,episode,Episodio 5,Sailor Moon - Temporada 1 (1992) [1080p] [Español],sailor-moon,Sailor Moon,1,,5,5798,7248,1992,,Anime,Fantasía,1080p,Español,false,18:31:19,1450,3722,catalogo_files/i_020_AN8C.webp,https://ok.ru/video/14633741060846,https://ok.ru/videoembed/14633741060846
1417,14633741060846,episode,Episodio 6,Sailor Moon - Temporada 1 (1992) [1080p] [Español],sailor-moon,Sailor Moon,1,,6,7248,8697,1992,,Anime,Fantasía,1080p,Español,false,18:31:19,1449,3722,catalogo_files/i_020_AN8C.webp,https://ok.ru/video/14633741060846,https://ok.ru/videoembed/14633741060846
1418,14633741060846,episode,Episodio 7,Sailor Moon - Temporada 1 (1992) [1080p] [Español],sailor-moon,Sailor Moon,1,,7,8697,10147,1992,,Anime,Fantasía,1080p,Español,false,18:31:19,1450,3722,catalogo_files/i_020_AN8C.webp,https://ok.ru/video/14633741060846,https://ok.ru/videoembed/14633741060846
1419,14633741060846,episode,Episodio 8,Sailor Moon - Temporada 1 (1992) [1080p] [Español],sailor-moon,Sailor Moon,1,,8,10147,11596,1992,,Anime,Fantasía,1080p,Español,false,18:31:19,1449,3722,catalogo_files/i_020_AN8C.webp,https://ok.ru/video/14633741060846,https://ok.ru/videoembed/14633741060846
1420,14633741060846,episode,Episodio 9,Sailor Moon - Temporada 1 (1992) [1080p] [Español],sailor-moon,Sailor Moon,1,,9,11596,13046,1992,,Anime,Fantasía,1080p,Español,false,18:31:19,1450,3722,catalogo_files/i_020_AN8C.webp,https://ok.ru/video/14633741060846,https://ok.ru/videoembed/14633741060846
1421,14633741060846,episode,Episodio 10,Sailor Moon - Temporada 1 (1992) [1080p] [Español],sailor-moon,Sailor Moon,1,,10,13046,14495,1992,,Anime,Fantasía,1080p,Español,false,18:31:19,1449,3722,catalogo_files/i_020_AN8C.webp,https://ok.ru/video/14633741060846,https://ok.ru/videoembed/14633741060846
1422,14633741060846,episode,Episodio 11,Sailor Moon - Temporada 1 (1992) [1080p] [Español],sailor-moon,Sailor Moon,1,,11,14495,15945,1992,,Anime,Fantasía,1080p,Español,false,18:31:19,1450,3722,catalogo_files/i_020_AN8C.webp,https://ok.ru/video/14633741060846,https://ok.ru/videoembed/14633741060846
1423,14633741060846,episode,Episodio 12,Sailor Moon - Temporada 1 (1992) [1080p] [Español],sailor-moon,Sailor Moon,1,,12,15945,17395,1992,,Anime,Fantasía,1080p,Español,false,18:31:19,1450,3722,catalogo_files/i_020_AN8C.webp,https://ok.ru/video/14633741060846,https://ok.ru/videoembed/14633741060846
1424,14633741060846,episode,Episodio 13,Sailor Moon - Temporada 1 (1992) [1080p] [Español],sailor-moon,Sailor Moon,1,,13,17395,18844,1992,,Anime,Fantasía,1080p,Español,false,18:31:19,1449,3722,catalogo_files/i_020_AN8C.webp,https://ok.ru/video/14633741060846,https://ok.ru/videoembed/14633741060846
1425,14633741060846,episode,Episodio 14,Sailor Moon - Temporada 1 (1992) [1080p] [Español],sailor-moon,Sailor Moon,1,,14,18844,20294,1992,,Anime,Fantasía,1080p,Español,false,18:31:19,1450,3722,catalogo_files/i_020_AN8C.webp,https://ok.ru/video/14633741060846,https://ok.ru/videoembed/14633741060846
1426,14633741060846,episode,Episodio 15,Sailor Moon - Temporada 1 (1992) [1080p] [Español],sailor-moon,Sailor Moon,1,,15,20294,21743,1992,,Anime,Fantasía,1080p,Español,false,18:31:19,1449,3722,catalogo_files/i_020_AN8C.webp,https://ok.ru/video/14633741060846,https://ok.ru/videoembed/14633741060846
1427,14633741060846,episode,Episodio 16,Sailor Moon - Temporada 1 (1992) [1080p] [Español],sailor-moon,Sailor Moon,1,,16,21743,23193,1992,,Anime,Fantasía,1080p,Español,false,18:31:19,1450,3722,catalogo_files/i_020_AN8C.webp,https://ok.ru/video/14633741060846,https://ok.ru/videoembed/14633741060846
1428,14633741060846,episode,Episodio 17,Sailor Moon - Temporada 1 (1992) [1080p] [Español],sailor-moon,Sailor Moon,1,,17,23193,24642,1992,,Anime,Fantasía,1080p,Español,false,18:31:19,1449,3722,catalogo_files/i_020_AN8C.webp,https://ok.ru/video/14633741060846,https://ok.ru/videoembed/14633741060846
1429,14633741060846,episode,Episodio 18,Sailor Moon - Temporada 1 (1992) [1080p] [Español],sailor-moon,Sailor Moon,1,,18,24642,26092,1992,,Anime,Fantasía,1080p,Español,false,18:31:19,1450,3722,catalogo_files/i_020_AN8C.webp,https://ok.ru/video/14633741060846,https://ok.ru/videoembed/14633741060846
1430,14633741060846,episode,Episodio 19,Sailor Moon - Temporada 1 (1992) [1080p] [Español],sailor-moon,Sailor Moon,1,,19,26092,27541,1992,,Anime,Fantasía,1080p,Español,false,18:31:19,1449,3722,catalogo_files/i_020_AN8C.webp,https://ok.ru/video/14633741060846,https://ok.ru/videoembed/14633741060846
1431,14633741060846,episode,Episodio 20,Sailor Moon - Temporada 1 (1992) [1080p] [Español],sailor-moon,Sailor Moon,1,,20,27541,28991,1992,,Anime,Fantasía,1080p,Español,false,18:31:19,1450,3722,catalogo_files/i_020_AN8C.webp,https://ok.ru/video/14633741060846,https://ok.ru/videoembed/14633741060846
1432,14633741060846,episode,Episodio 21,Sailor Moon - Temporada 1 (1992) [1080p] [Español],sailor-moon,Sailor Moon,1,,21,28991,30440,1992,,Anime,Fantasía,1080p,Español,false,18:31:19,1449,3722,catalogo_files/i_020_AN8C.webp,https://ok.ru/video/14633741060846,https://ok.ru/videoembed/14633741060846
1433,14633741060846,episode,Episodio 22,Sailor Moon - Temporada 1 (1992) [1080p] [Español],sailor-moon,Sailor Moon,1,,22,30440,31890,1992,,Anime,Fantasía,1080p,Español,false,18:31:19,1450,3722,catalogo_files/i_020_AN8C.webp,https://ok.ru/video/14633741060846,https://ok.ru/videoembed/14633741060846
1434,14633741060846,episode,Episodio 23,Sailor Moon - Temporada 1 (1992) [1080p] [Español],sailor-moon,Sailor Moon,1,,23,31890,33340,1992,,Anime,Fantasía,1080p,Español,false,18:31:19,1450,3722,catalogo_files/i_020_AN8C.webp,https://ok.ru/video/14633741060846,https://ok.ru/videoembed/14633741060846
1435,14633741060846,episode,Episodio 24,Sailor Moon - Temporada 1 (1992) [1080p] [Español],sailor-moon,Sailor Moon,1,,24,33340,34789,1992,,Anime,Fantasía,1080p,Español,false,18:31:19,1449,3722,catalogo_files/i_020_AN8C.webp,https://ok.ru/video/14633741060846,https://ok.ru/videoembed/14633741060846
1436,14633741060846,episode,Episodio 25,Sailor Moon - Temporada 1 (1992) [1080p] [Español],sailor-moon,Sailor Moon,1,,25,34789,36239,1992,,Anime,Fantasía,1080p,Español,false,18:31:19,1450,3722,catalogo_files/i_020_AN8C.webp,https://ok.ru/video/14633741060846,https://ok.ru/videoembed/14633741060846
1437,14633741060846,episode,Episodio 26,Sailor Moon - Temporada 1 (1992) [1080p] [Español],sailor-moon,Sailor Moon,1,,26,36239,37688,1992,,Anime,Fantasía,1080p,Español,false,18:31:19,1449,3722,catalogo_files/i_020_AN8C.webp,https://ok.ru/video/14633741060846,https://ok.ru/videoembed/14633741060846
1438,14633741060846,episode,Episodio 27,Sailor Moon - Temporada 1 (1992) [1080p] [Español],sailor-moon,Sailor Moon,1,,27,37688,39138,1992,,Anime,Fantasía,1080p,Español,false,18:31:19,1450,3722,catalogo_files/i_020_AN8C.webp,https://ok.ru/video/14633741060846,https://ok.ru/videoembed/14633741060846
1439,14633741060846,episode,Episodio 28,Sailor Moon - Temporada 1 (1992) [1080p] [Español],sailor-moon,Sailor Moon,1,,28,39138,40587,1992,,Anime,Fantasía,1080p,Español,false,18:31:19,1449,3722,catalogo_files/i_020_AN8C.webp,https://ok.ru/video/14633741060846,https://ok.ru/videoembed/14633741060846
1440,14633741060846,episode,Episodio 29,Sailor Moon - Temporada 1 (1992) [1080p] [Español],sailor-moon,Sailor Moon,1,,29,40587,42037,1992,,Anime,Fantasía,1080p,Español,false,18:31:19,1450,3722,catalogo_files/i_020_AN8C.webp,https://ok.ru/video/14633741060846,https://ok.ru/videoembed/14633741060846
1441,14633741060846,episode,Episodio 30,Sailor Moon - Temporada 1 (1992) [1080p] [Español],sailor-moon,Sailor Moon,1,,30,42037,43486,1992,,Anime,Fantasía,1080p,Español,false,18:31:19,1449,3722,catalogo_files/i_020_AN8C.webp,https://ok.ru/video/14633741060846,https://ok.ru/videoembed/14633741060846
1442,14633741060846,episode,Episodio 31,Sailor Moon - Temporada 1 (1992) [1080p] [Español],sailor-moon,Sailor Moon,1,,31,43486,44936,1992,,Anime,Fantasía,1080p,Español,false,18:31:19,1450,3722,catalogo_files/i_020_AN8C.webp,https://ok.ru/video/14633741060846,https://ok.ru/videoembed/14633741060846
1443,14633741060846,episode,Episodio 32,Sailor Moon - Temporada 1 (1992) [1080p] [Español],sailor-moon,Sailor Moon,1,,32,44936,46385,1992,,Anime,Fantasía,1080p,Español,false,18:31:19,1449,3722,catalogo_files/i_020_AN8C.webp,https://ok.ru/video/14633741060846,https://ok.ru/videoembed/14633741060846
1444,14633741060846,episode,Episodio 33,Sailor Moon - Temporada 1 (1992) [1080p] [Español],sailor-moon,Sailor Moon,1,,33,46385,47835,1992,,Anime,Fantasía,1080p,Español,false,18:31:19,1450,3722,catalogo_files/i_020_AN8C.webp,https://ok.ru/video/14633741060846,https://ok.ru/videoembed/14633741060846
1445,14633741060846,episode,Episodio 34,Sailor Moon - Temporada 1 (1992) [1080p] [Español],sailor-moon,Sailor Moon,1,,34,47835,49284,1992,,Anime,Fantasía,1080p,Español,false,18:31:19,1449,3722,catalogo_files/i_020_AN8C.webp,https://ok.ru/video/14633741060846,https://ok.ru/videoembed/14633741060846
1446,14633741060846,episode,Episodio 35,Sailor Moon - Temporada 1 (1992) [1080p] [Español],sailor-moon,Sailor Moon,1,,35,49284,50734,1992,,Anime,Fantasía,1080p,Español,false,18:31:19,1450,3722,catalogo_files/i_020_AN8C.webp,https://ok.ru/video/14633741060846,https://ok.ru/videoembed/14633741060846
1447,14633741060846,episode,Episodio 36,Sailor Moon - Temporada 1 (1992) [1080p] [Español],sailor-moon,Sailor Moon,1,,36,50734,52184,1992,,Anime,Fantasía,1080p,Español,false,18:31:19,1450,3722,catalogo_files/i_020_AN8C.webp,https://ok.ru/video/14633741060846,https://ok.ru/videoembed/14633741060846
1448,14633741060846,episode,Episodio 37,Sailor Moon - Temporada 1 (1992) [1080p] [Español],sailor-moon,Sailor Moon,1,,37,52184,53633,1992,,Anime,Fantasía,1080p,Español,false,18:31:19,1449,3722,catalogo_files/i_020_AN8C.webp,https://ok.ru/video/14633741060846,https://ok.ru/videoembed/14633741060846
1449,14633741060846,episode,Episodio 38,Sailor Moon - Temporada 1 (1992) [1080p] [Español],sailor-moon,Sailor Moon,1,,38,53633,55083,1992,,Anime,Fantasía,1080p,Español,false,18:31:19,1450,3722,catalogo_files/i_020_AN8C.webp,https://ok.ru/video/14633741060846,https://ok.ru/videoembed/14633741060846
1450,14633741060846,episode,Episodio 39,Sailor Moon - Temporada 1 (1992) [1080p] [Español],sailor-moon,Sailor Moon,1,,39,55083,56532,1992,,Anime,Fantasía,1080p,Español,false,18:31:19,1449,3722,catalogo_files/i_020_AN8C.webp,https://ok.ru/video/14633741060846,https://ok.ru/videoembed/14633741060846
1451,14633741060846,episode,Episodio 40,Sailor Moon - Temporada 1 (1992) [1080p] [Español],sailor-moon,Sailor Moon,1,,40,56532,57982,1992,,Anime,Fantasía,1080p,Español,false,18:31:19,1450,3722,catalogo_files/i_020_AN8C.webp,https://ok.ru/video/14633741060846,https://ok.ru/videoembed/14633741060846
1452,14633741060846,episode,Episodio 41,Sailor Moon - Temporada 1 (1992) [1080p] [Español],sailor-moon,Sailor Moon,1,,41,57982,59431,1992,,Anime,Fantasía,1080p,Español,false,18:31:19,1449,3722,catalogo_files/i_020_AN8C.webp,https://ok.ru/video/14633741060846,https://ok.ru/videoembed/14633741060846
1453,14633741060846,episode,Episodio 42,Sailor Moon - Temporada 1 (1992) [1080p] [Español],sailor-moon,Sailor Moon,1,,42,59431,60881,1992,,Anime,Fantasía,1080p,Español,false,18:31:19,1450,3722,catalogo_files/i_020_AN8C.webp,https://ok.ru/video/14633741060846,https://ok.ru/videoembed/14633741060846
1454,14633741060846,episode,Episodio 43,Sailor Moon - Temporada 1 (1992) [1080p] [Español],sailor-moon,Sailor Moon,1,,43,60881,62330,1992,,Anime,Fantasía,1080p,Español,false,18:31:19,1449,3722,catalogo_files/i_020_AN8C.webp,https://ok.ru/video/14633741060846,https://ok.ru/videoembed/14633741060846
1455,14633741060846,episode,Episodio 44,Sailor Moon - Temporada 1 (1992) [1080p] [Español],sailor-moon,Sailor Moon,1,,44,62330,63780,1992,,Anime,Fantasía,1080p,Español,false,18:31:19,1450,3722,catalogo_files/i_020_AN8C.webp,https://ok.ru/video/14633741060846,https://ok.ru/videoembed/14633741060846
1456,14633741060846,episode,Episodio 45,Sailor Moon - Temporada 1 (1992) [1080p] [Español],sailor-moon,Sailor Moon,1,,45,63780,65229,1992,,Anime,Fantasía,1080p,Español,false,18:31:19,1449,3722,catalogo_files/i_020_AN8C.webp,https://ok.ru/video/14633741060846,https://ok.ru/videoembed/14633741060846
1457,14633741060846,episode,Episodio 46,Sailor Moon - Temporada 1 (1992) [1080p] [Español],sailor-moon,Sailor Moon,1,,46,65229,,1992,,Anime,Fantasía,1080p,Español,false,18:31:19,1450,3722,catalogo_files/i_020_AN8C.webp,https://ok.ru/video/14633741060846,https://ok.ru/videoembed/14633741060846
1458,14626241710830,episode,Episodio 1,Ranma ½ - Temporada 1 (2024) [1080p] [Español],ranma-12,Ranma ½,1,,1,0,977,2024,,Anime,Comedia,1080p,Español,false,4:53:14,977,2184,catalogo_files/i_059_AN8C.webp,https://ok.ru/video/14626241710830,https://ok.ru/videoembed/14626241710830
1459,14626241710830,episode,Episodio 2,Ranma ½ - Temporada 1 (2024) [1080p] [Español],ranma-12,Ranma ½,1,,2,977,1955,2024,,Anime,Comedia,1080p,Español,false,4:53:14,978,2184,catalogo_files/i_059_AN8C.webp,https://ok.ru/video/14626241710830,https://ok.ru/videoembed/14626241710830
1460,14626241710830,episode,Episodio 3,Ranma ½ - Temporada 1 (2024) [1080p] [Español],ranma-12,Ranma ½,1,,3,1955,2932,2024,,Anime,Comedia,1080p,Español,false,4:53:14,977,2184,catalogo_files/i_059_AN8C.webp,https://ok.ru/video/14626241710830,https://ok.ru/videoembed/14626241710830
1461,14626241710830,episode,Episodio 4,Ranma ½ - Temporada 1 (2024) [1080p] [Español],ranma-12,Ranma ½,1,,4,2932,3910,2024,,Anime,Comedia,1080p,Español,false,4:53:14,978,2184,catalogo_files/i_059_AN8C.webp,https://ok.ru/video/14626241710830,https://ok.ru/videoembed/14626241710830
1462,14626241710830,episode,Episodio 5,Ranma ½ - Temporada 1 (2024) [1080p] [Español],ranma-12,Ranma ½,1,,5,3910,4887,2024,,Anime,Comedia,1080p,Español,false,4:53:14,977,2184,catalogo_files/i_059_AN8C.webp,https://ok.ru/video/14626241710830,https://ok.ru/videoembed/14626241710830
1463,14626241710830,episode,Episodio 6,Ranma ½ - Temporada 1 (2024) [1080p] [Español],ranma-12,Ranma ½,1,,6,4887,5865,2024,,Anime,Comedia,1080p,Español,false,4:53:14,978,2184,catalogo_files/i_059_AN8C.webp,https://ok.ru/video/14626241710830,https://ok.ru/videoembed/14626241710830
1464,14626241710830,episode,Episodio 7,Ranma ½ - Temporada 1 (2024) [1080p] [Español],ranma-12,Ranma ½,1,,7,5865,6842,2024,,Anime,Comedia,1080p,Español,false,4:53:14,977,2184,catalogo_files/i_059_AN8C.webp,https://ok.ru/video/14626241710830,https://ok.ru/videoembed/14626241710830
1465,14626241710830,episode,Episodio 8,Ranma ½ - Temporada 1 (2024) [1080p] [Español],ranma-12,Ranma ½,1,,8,6842,7820,2024,,Anime,Comedia,1080p,Español,false,4:53:14,978,2184,catalogo_files/i_059_AN8C.webp,https://ok.ru/video/14626241710830,https://ok.ru/videoembed/14626241710830
1466,14626241710830,episode,Episodio 9,Ranma ½ - Temporada 1 (2024) [1080p] [Español],ranma-12,Ranma ½,1,,9,7820,8797,2024,,Anime,Comedia,1080p,Español,false,4:53:14,977,2184,catalogo_files/i_059_AN8C.webp,https://ok.ru/video/14626241710830,https://ok.ru/videoembed/14626241710830
1467,14626241710830,episode,Episodio 10,Ranma ½ - Temporada 1 (2024) [1080p] [Español],ranma-12,Ranma ½,1,,10,8797,9774,2024,,Anime,Comedia,1080p,Español,false,4:53:14,977,2184,catalogo_files/i_059_AN8C.webp,https://ok.ru/video/14626241710830,https://ok.ru/videoembed/14626241710830
1468,14626241710830,episode,Episodio 11,Ranma ½ - Temporada 1 (2024) [1080p] [Español],ranma-12,Ranma ½,1,,11,9774,10752,2024,,Anime,Comedia,1080p,Español,false,4:53:14,978,2184,catalogo_files/i_059_AN8C.webp,https://ok.ru/video/14626241710830,https://ok.ru/videoembed/14626241710830
1469,14626241710830,episode,Episodio 12,Ranma ½ - Temporada 1 (2024) [1080p] [Español],ranma-12,Ranma ½,1,,12,10752,11729,2024,,Anime,Comedia,1080p,Español,false,4:53:14,977,2184,catalogo_files/i_059_AN8C.webp,https://ok.ru/video/14626241710830,https://ok.ru/videoembed/14626241710830
1470,14626241710830,episode,Episodio 13,Ranma ½ - Temporada 1 (2024) [1080p] [Español],ranma-12,Ranma ½,1,,13,11729,12707,2024,,Anime,Comedia,1080p,Español,false,4:53:14,978,2184,catalogo_files/i_059_AN8C.webp,https://ok.ru/video/14626241710830,https://ok.ru/videoembed/14626241710830
1471,14626241710830,episode,Episodio 14,Ranma ½ - Temporada 1 (2024) [1080p] [Español],ranma-12,Ranma ½,1,,14,12707,13684,2024,,Anime,Comedia,1080p,Español,false,4:53:14,977,2184,catalogo_files/i_059_AN8C.webp,https://ok.ru/video/14626241710830,https://ok.ru/videoembed/14626241710830
1472,14626241710830,episode,Episodio 15,Ranma ½ - Temporada 1 (2024) [1080p] [Español],ranma-12,Ranma ½,1,,15,13684,14662,2024,,Anime,Comedia,1080p,Español,false,4:53:14,978,2184,catalogo_files/i_059_AN8C.webp,https://ok.ru/video/14626241710830,https://ok.ru/videoembed/14626241710830
1473,14626241710830,episode,Episodio 16,Ranma ½ - Temporada 1 (2024) [1080p] [Español],ranma-12,Ranma ½,1,,16,14662,15639,2024,,Anime,Comedia,1080p,Español,false,4:53:14,977,2184,catalogo_files/i_059_AN8C.webp,https://ok.ru/video/14626241710830,https://ok.ru/videoembed/14626241710830
1474,14626241710830,episode,Episodio 17,Ranma ½ - Temporada 1 (2024) [1080p] [Español],ranma-12,Ranma ½,1,,17,15639,16617,2024,,Anime,Comedia,1080p,Español,false,4:53:14,978,2184,catalogo_files/i_059_AN8C.webp,https://ok.ru/video/14626241710830,https://ok.ru/videoembed/14626241710830
1475,14626241710830,episode,Episodio 18,Ranma ½ - Temporada 1 (2024) [1080p] [Español],ranma-12,Ranma ½,1,,18,16617,,2024,,Anime,Comedia,1080p,Español,false,4:53:14,977,2184,catalogo_files/i_059_AN8C.webp,https://ok.ru/video/14626241710830,https://ok.ru/videoembed/14626241710830
1476,14618323258094,movie,Heroman,Heroman (2010) [1080p] [Español],,,,,,,,2010,,Anime,Acción,1080p,Español,false,10:45:38,38738,3186,catalogo_files/i_859_AN8C.webp,https://ok.ru/video/14618323258094,https://ok.ru/videoembed/14618323258094
1477,14566497979118,movie,Este chico atrapó a un tritón,Este chico atrapó a un tritón (2012) [1080p] [Sub Español],,,,,,,,2012,,Anime,Fantasía,1080p,Español,true,30:10,1810,1521,catalogo_files/i_875_AN8C.webp,https://ok.ru/video/14566497979118,https://ok.ru/videoembed/14566497979118
1478,14593844644590,movie,Genius Party Beyond,Genius Party Beyond (2008) [1080p] [Sub Español],,,,,,,,2008,,Anime,Fantasía,1080p,Español,true,1:21:13,4873,1625,catalogo_files/i_054_AN8C.webp,https://ok.ru/video/14593844644590,https://ok.ru/videoembed/14593844644590
1479,14593844710126,movie,Genius Party,Genius Party (2007) [1080p] [Sub Español],,,,,,,,2007,,Anime,Fantasía,1080p,Español,true,1:42:06,6126,1818,catalogo_files/i_351_AN8C.webp,https://ok.ru/video/14593844710126,https://ok.ru/videoembed/14593844710126
1480,14600894483182,episode,Episodio 1,"Sakura Card Captor - Temporada 1, 2 y 3 (1998) [1080p] [Español]",sakura-card-captor,Sakura Card Captor,1,"Temporadas 1, 2 y 3",1,0,1502,1998,,Anime,Fantasía,1080p,Español,false,29:11:49,1502,2863,catalogo_files/i_682_AN8C.webp,https://ok.ru/video/14600894483182,https://ok.ru/videoembed/14600894483182
1481,14600894483182,episode,Episodio 2,"Sakura Card Captor - Temporada 1, 2 y 3 (1998) [1080p] [Español]",sakura-card-captor,Sakura Card Captor,1,"Temporadas 1, 2 y 3",2,1502,3003,1998,,Anime,Fantasía,1080p,Español,false,29:11:49,1501,2863,catalogo_files/i_682_AN8C.webp,https://ok.ru/video/14600894483182,https://ok.ru/videoembed/14600894483182
1482,14600894483182,episode,Episodio 3,"Sakura Card Captor - Temporada 1, 2 y 3 (1998) [1080p] [Español]",sakura-card-captor,Sakura Card Captor,1,"Temporadas 1, 2 y 3",3,3003,4505,1998,,Anime,Fantasía,1080p,Español,false,29:11:49,1502,2863,catalogo_files/i_682_AN8C.webp,https://ok.ru/video/14600894483182,https://ok.ru/videoembed/14600894483182
1483,14600894483182,episode,Episodio 4,"Sakura Card Captor - Temporada 1, 2 y 3 (1998) [1080p] [Español]",sakura-card-captor,Sakura Card Captor,1,"Temporadas 1, 2 y 3",4,4505,6006,1998,,Anime,Fantasía,1080p,Español,false,29:11:49,1501,2863,catalogo_files/i_682_AN8C.webp,https://ok.ru/video/14600894483182,https://ok.ru/videoembed/14600894483182
1484,14600894483182,episode,Episodio 5,"Sakura Card Captor - Temporada 1, 2 y 3 (1998) [1080p] [Español]",sakura-card-captor,Sakura Card Captor,1,"Temporadas 1, 2 y 3",5,6006,7508,1998,,Anime,Fantasía,1080p,Español,false,29:11:49,1502,2863,catalogo_files/i_682_AN8C.webp,https://ok.ru/video/14600894483182,https://ok.ru/videoembed/14600894483182
1485,14600894483182,episode,Episodio 6,"Sakura Card Captor - Temporada 1, 2 y 3 (1998) [1080p] [Español]",sakura-card-captor,Sakura Card Captor,1,"Temporadas 1, 2 y 3",6,7508,9009,1998,,Anime,Fantasía,1080p,Español,false,29:11:49,1501,2863,catalogo_files/i_682_AN8C.webp,https://ok.ru/video/14600894483182,https://ok.ru/videoembed/14600894483182
1486,14600894483182,episode,Episodio 7,"Sakura Card Captor - Temporada 1, 2 y 3 (1998) [1080p] [Español]",sakura-card-captor,Sakura Card Captor,1,"Temporadas 1, 2 y 3",7,9009,10511,1998,,Anime,Fantasía,1080p,Español,false,29:11:49,1502,2863,catalogo_files/i_682_AN8C.webp,https://ok.ru/video/14600894483182,https://ok.ru/videoembed/14600894483182
1487,14600894483182,episode,Episodio 8,"Sakura Card Captor - Temporada 1, 2 y 3 (1998) [1080p] [Español]",sakura-card-captor,Sakura Card Captor,1,"Temporadas 1, 2 y 3",8,10511,12012,1998,,Anime,Fantasía,1080p,Español,false,29:11:49,1501,2863,catalogo_files/i_682_AN8C.webp,https://ok.ru/video/14600894483182,https://ok.ru/videoembed/14600894483182
1488,14600894483182,episode,Episodio 9,"Sakura Card Captor - Temporada 1, 2 y 3 (1998) [1080p] [Español]",sakura-card-captor,Sakura Card Captor,1,"Temporadas 1, 2 y 3",9,12012,13514,1998,,Anime,Fantasía,1080p,Español,false,29:11:49,1502,2863,catalogo_files/i_682_AN8C.webp,https://ok.ru/video/14600894483182,https://ok.ru/videoembed/14600894483182
1489,14600894483182,episode,Episodio 10,"Sakura Card Captor - Temporada 1, 2 y 3 (1998) [1080p] [Español]",sakura-card-captor,Sakura Card Captor,1,"Temporadas 1, 2 y 3",10,13514,15016,1998,,Anime,Fantasía,1080p,Español,false,29:11:49,1502,2863,catalogo_files/i_682_AN8C.webp,https://ok.ru/video/14600894483182,https://ok.ru/videoembed/14600894483182
1490,14600894483182,episode,Episodio 11,"Sakura Card Captor - Temporada 1, 2 y 3 (1998) [1080p] [Español]",sakura-card-captor,Sakura Card Captor,1,"Temporadas 1, 2 y 3",11,15016,16517,1998,,Anime,Fantasía,1080p,Español,false,29:11:49,1501,2863,catalogo_files/i_682_AN8C.webp,https://ok.ru/video/14600894483182,https://ok.ru/videoembed/14600894483182
1491,14600894483182,episode,Episodio 12,"Sakura Card Captor - Temporada 1, 2 y 3 (1998) [1080p] [Español]",sakura-card-captor,Sakura Card Captor,1,"Temporadas 1, 2 y 3",12,16517,18019,1998,,Anime,Fantasía,1080p,Español,false,29:11:49,1502,2863,catalogo_files/i_682_AN8C.webp,https://ok.ru/video/14600894483182,https://ok.ru/videoembed/14600894483182
1492,14600894483182,episode,Episodio 13,"Sakura Card Captor - Temporada 1, 2 y 3 (1998) [1080p] [Español]",sakura-card-captor,Sakura Card Captor,1,"Temporadas 1, 2 y 3",13,18019,19520,1998,,Anime,Fantasía,1080p,Español,false,29:11:49,1501,2863,catalogo_files/i_682_AN8C.webp,https://ok.ru/video/14600894483182,https://ok.ru/videoembed/14600894483182
1493,14600894483182,episode,Episodio 14,"Sakura Card Captor - Temporada 1, 2 y 3 (1998) [1080p] [Español]",sakura-card-captor,Sakura Card Captor,1,"Temporadas 1, 2 y 3",14,19520,21022,1998,,Anime,Fantasía,1080p,Español,false,29:11:49,1502,2863,catalogo_files/i_682_AN8C.webp,https://ok.ru/video/14600894483182,https://ok.ru/videoembed/14600894483182
1494,14600894483182,episode,Episodio 15,"Sakura Card Captor - Temporada 1, 2 y 3 (1998) [1080p] [Español]",sakura-card-captor,Sakura Card Captor,1,"Temporadas 1, 2 y 3",15,21022,22523,1998,,Anime,Fantasía,1080p,Español,false,29:11:49,1501,2863,catalogo_files/i_682_AN8C.webp,https://ok.ru/video/14600894483182,https://ok.ru/videoembed/14600894483182
1495,14600894483182,episode,Episodio 16,"Sakura Card Captor - Temporada 1, 2 y 3 (1998) [1080p] [Español]",sakura-card-captor,Sakura Card Captor,1,"Temporadas 1, 2 y 3",16,22523,24025,1998,,Anime,Fantasía,1080p,Español,false,29:11:49,1502,2863,catalogo_files/i_682_AN8C.webp,https://ok.ru/video/14600894483182,https://ok.ru/videoembed/14600894483182
1496,14600894483182,episode,Episodio 17,"Sakura Card Captor - Temporada 1, 2 y 3 (1998) [1080p] [Español]",sakura-card-captor,Sakura Card Captor,1,"Temporadas 1, 2 y 3",17,24025,25526,1998,,Anime,Fantasía,1080p,Español,false,29:11:49,1501,2863,catalogo_files/i_682_AN8C.webp,https://ok.ru/video/14600894483182,https://ok.ru/videoembed/14600894483182
1497,14600894483182,episode,Episodio 18,"Sakura Card Captor - Temporada 1, 2 y 3 (1998) [1080p] [Español]",sakura-card-captor,Sakura Card Captor,1,"Temporadas 1, 2 y 3",18,25526,27028,1998,,Anime,Fantasía,1080p,Español,false,29:11:49,1502,2863,catalogo_files/i_682_AN8C.webp,https://ok.ru/video/14600894483182,https://ok.ru/videoembed/14600894483182
1498,14600894483182,episode,Episodio 19,"Sakura Card Captor - Temporada 1, 2 y 3 (1998) [1080p] [Español]",sakura-card-captor,Sakura Card Captor,1,"Temporadas 1, 2 y 3",19,27028,28530,1998,,Anime,Fantasía,1080p,Español,false,29:11:49,1502,2863,catalogo_files/i_682_AN8C.webp,https://ok.ru/video/14600894483182,https://ok.ru/videoembed/14600894483182
1499,14600894483182,episode,Episodio 20,"Sakura Card Captor - Temporada 1, 2 y 3 (1998) [1080p] [Español]",sakura-card-captor,Sakura Card Captor,1,"Temporadas 1, 2 y 3",20,28530,30031,1998,,Anime,Fantasía,1080p,Español,false,29:11:49,1501,2863,catalogo_files/i_682_AN8C.webp,https://ok.ru/video/14600894483182,https://ok.ru/videoembed/14600894483182
1500,14600894483182,episode,Episodio 21,"Sakura Card Captor - Temporada 1, 2 y 3 (1998) [1080p] [Español]",sakura-card-captor,Sakura Card Captor,1,"Temporadas 1, 2 y 3",21,30031,31533,1998,,Anime,Fantasía,1080p,Español,false,29:11:49,1502,2863,catalogo_files/i_682_AN8C.webp,https://ok.ru/video/14600894483182,https://ok.ru/videoembed/14600894483182
1501,14600894483182,episode,Episodio 22,"Sakura Card Captor - Temporada 1, 2 y 3 (1998) [1080p] [Español]",sakura-card-captor,Sakura Card Captor,1,"Temporadas 1, 2 y 3",22,31533,33034,1998,,Anime,Fantasía,1080p,Español,false,29:11:49,1501,2863,catalogo_files/i_682_AN8C.webp,https://ok.ru/video/14600894483182,https://ok.ru/videoembed/14600894483182
1502,14600894483182,episode,Episodio 23,"Sakura Card Captor - Temporada 1, 2 y 3 (1998) [1080p] [Español]",sakura-card-captor,Sakura Card Captor,1,"Temporadas 1, 2 y 3",23,33034,34536,1998,,Anime,Fantasía,1080p,Español,false,29:11:49,1502,2863,catalogo_files/i_682_AN8C.webp,https://ok.ru/video/14600894483182,https://ok.ru/videoembed/14600894483182
1503,14600894483182,episode,Episodio 24,"Sakura Card Captor - Temporada 1, 2 y 3 (1998) [1080p] [Español]",sakura-card-captor,Sakura Card Captor,1,"Temporadas 1, 2 y 3",24,34536,36037,1998,,Anime,Fantasía,1080p,Español,false,29:11:49,1501,2863,catalogo_files/i_682_AN8C.webp,https://ok.ru/video/14600894483182,https://ok.ru/videoembed/14600894483182
1504,14600894483182,episode,Episodio 25,"Sakura Card Captor - Temporada 1, 2 y 3 (1998) [1080p] [Español]",sakura-card-captor,Sakura Card Captor,1,"Temporadas 1, 2 y 3",25,36037,37539,1998,,Anime,Fantasía,1080p,Español,false,29:11:49,1502,2863,catalogo_files/i_682_AN8C.webp,https://ok.ru/video/14600894483182,https://ok.ru/videoembed/14600894483182
1505,14600894483182,episode,Episodio 26,"Sakura Card Captor - Temporada 1, 2 y 3 (1998) [1080p] [Español]",sakura-card-captor,Sakura Card Captor,1,"Temporadas 1, 2 y 3",26,37539,39040,1998,,Anime,Fantasía,1080p,Español,false,29:11:49,1501,2863,catalogo_files/i_682_AN8C.webp,https://ok.ru/video/14600894483182,https://ok.ru/videoembed/14600894483182
1506,14600894483182,episode,Episodio 27,"Sakura Card Captor - Temporada 1, 2 y 3 (1998) [1080p] [Español]",sakura-card-captor,Sakura Card Captor,1,"Temporadas 1, 2 y 3",27,39040,40542,1998,,Anime,Fantasía,1080p,Español,false,29:11:49,1502,2863,catalogo_files/i_682_AN8C.webp,https://ok.ru/video/14600894483182,https://ok.ru/videoembed/14600894483182
1507,14600894483182,episode,Episodio 28,"Sakura Card Captor - Temporada 1, 2 y 3 (1998) [1080p] [Español]",sakura-card-captor,Sakura Card Captor,1,"Temporadas 1, 2 y 3",28,40542,42044,1998,,Anime,Fantasía,1080p,Español,false,29:11:49,1502,2863,catalogo_files/i_682_AN8C.webp,https://ok.ru/video/14600894483182,https://ok.ru/videoembed/14600894483182
1508,14600894483182,episode,Episodio 29,"Sakura Card Captor - Temporada 1, 2 y 3 (1998) [1080p] [Español]",sakura-card-captor,Sakura Card Captor,1,"Temporadas 1, 2 y 3",29,42044,43545,1998,,Anime,Fantasía,1080p,Español,false,29:11:49,1501,2863,catalogo_files/i_682_AN8C.webp,https://ok.ru/video/14600894483182,https://ok.ru/videoembed/14600894483182
1509,14600894483182,episode,Episodio 30,"Sakura Card Captor - Temporada 1, 2 y 3 (1998) [1080p] [Español]",sakura-card-captor,Sakura Card Captor,1,"Temporadas 1, 2 y 3",30,43545,45047,1998,,Anime,Fantasía,1080p,Español,false,29:11:49,1502,2863,catalogo_files/i_682_AN8C.webp,https://ok.ru/video/14600894483182,https://ok.ru/videoembed/14600894483182
1510,14600894483182,episode,Episodio 31,"Sakura Card Captor - Temporada 1, 2 y 3 (1998) [1080p] [Español]",sakura-card-captor,Sakura Card Captor,1,"Temporadas 1, 2 y 3",31,45047,46548,1998,,Anime,Fantasía,1080p,Español,false,29:11:49,1501,2863,catalogo_files/i_682_AN8C.webp,https://ok.ru/video/14600894483182,https://ok.ru/videoembed/14600894483182
1511,14600894483182,episode,Episodio 32,"Sakura Card Captor - Temporada 1, 2 y 3 (1998) [1080p] [Español]",sakura-card-captor,Sakura Card Captor,1,"Temporadas 1, 2 y 3",32,46548,48050,1998,,Anime,Fantasía,1080p,Español,false,29:11:49,1502,2863,catalogo_files/i_682_AN8C.webp,https://ok.ru/video/14600894483182,https://ok.ru/videoembed/14600894483182
1512,14600894483182,episode,Episodio 33,"Sakura Card Captor - Temporada 1, 2 y 3 (1998) [1080p] [Español]",sakura-card-captor,Sakura Card Captor,1,"Temporadas 1, 2 y 3",33,48050,49551,1998,,Anime,Fantasía,1080p,Español,false,29:11:49,1501,2863,catalogo_files/i_682_AN8C.webp,https://ok.ru/video/14600894483182,https://ok.ru/videoembed/14600894483182
1513,14600894483182,episode,Episodio 34,"Sakura Card Captor - Temporada 1, 2 y 3 (1998) [1080p] [Español]",sakura-card-captor,Sakura Card Captor,1,"Temporadas 1, 2 y 3",34,49551,51053,1998,,Anime,Fantasía,1080p,Español,false,29:11:49,1502,2863,catalogo_files/i_682_AN8C.webp,https://ok.ru/video/14600894483182,https://ok.ru/videoembed/14600894483182
1514,14600894483182,episode,Episodio 35,"Sakura Card Captor - Temporada 1, 2 y 3 (1998) [1080p] [Español]",sakura-card-captor,Sakura Card Captor,1,"Temporadas 1, 2 y 3",35,51053,52554,1998,,Anime,Fantasía,1080p,Español,false,29:11:49,1501,2863,catalogo_files/i_682_AN8C.webp,https://ok.ru/video/14600894483182,https://ok.ru/videoembed/14600894483182
1515,14600894483182,episode,Episodio 36,"Sakura Card Captor - Temporada 1, 2 y 3 (1998) [1080p] [Español]",sakura-card-captor,Sakura Card Captor,1,"Temporadas 1, 2 y 3",36,52554,54056,1998,,Anime,Fantasía,1080p,Español,false,29:11:49,1502,2863,catalogo_files/i_682_AN8C.webp,https://ok.ru/video/14600894483182,https://ok.ru/videoembed/14600894483182
1516,14600894483182,episode,Episodio 37,"Sakura Card Captor - Temporada 1, 2 y 3 (1998) [1080p] [Español]",sakura-card-captor,Sakura Card Captor,1,"Temporadas 1, 2 y 3",37,54056,55558,1998,,Anime,Fantasía,1080p,Español,false,29:11:49,1502,2863,catalogo_files/i_682_AN8C.webp,https://ok.ru/video/14600894483182,https://ok.ru/videoembed/14600894483182
1517,14600894483182,episode,Episodio 38,"Sakura Card Captor - Temporada 1, 2 y 3 (1998) [1080p] [Español]",sakura-card-captor,Sakura Card Captor,1,"Temporadas 1, 2 y 3",38,55558,57059,1998,,Anime,Fantasía,1080p,Español,false,29:11:49,1501,2863,catalogo_files/i_682_AN8C.webp,https://ok.ru/video/14600894483182,https://ok.ru/videoembed/14600894483182
1518,14600894483182,episode,Episodio 39,"Sakura Card Captor - Temporada 1, 2 y 3 (1998) [1080p] [Español]",sakura-card-captor,Sakura Card Captor,1,"Temporadas 1, 2 y 3",39,57059,58561,1998,,Anime,Fantasía,1080p,Español,false,29:11:49,1502,2863,catalogo_files/i_682_AN8C.webp,https://ok.ru/video/14600894483182,https://ok.ru/videoembed/14600894483182
1519,14600894483182,episode,Episodio 40,"Sakura Card Captor - Temporada 1, 2 y 3 (1998) [1080p] [Español]",sakura-card-captor,Sakura Card Captor,1,"Temporadas 1, 2 y 3",40,58561,60062,1998,,Anime,Fantasía,1080p,Español,false,29:11:49,1501,2863,catalogo_files/i_682_AN8C.webp,https://ok.ru/video/14600894483182,https://ok.ru/videoembed/14600894483182
1520,14600894483182,episode,Episodio 41,"Sakura Card Captor - Temporada 1, 2 y 3 (1998) [1080p] [Español]",sakura-card-captor,Sakura Card Captor,1,"Temporadas 1, 2 y 3",41,60062,61564,1998,,Anime,Fantasía,1080p,Español,false,29:11:49,1502,2863,catalogo_files/i_682_AN8C.webp,https://ok.ru/video/14600894483182,https://ok.ru/videoembed/14600894483182
1521,14600894483182,episode,Episodio 42,"Sakura Card Captor - Temporada 1, 2 y 3 (1998) [1080p] [Español]",sakura-card-captor,Sakura Card Captor,1,"Temporadas 1, 2 y 3",42,61564,63065,1998,,Anime,Fantasía,1080p,Español,false,29:11:49,1501,2863,catalogo_files/i_682_AN8C.webp,https://ok.ru/video/14600894483182,https://ok.ru/videoembed/14600894483182
1522,14600894483182,episode,Episodio 43,"Sakura Card Captor - Temporada 1, 2 y 3 (1998) [1080p] [Español]",sakura-card-captor,Sakura Card Captor,1,"Temporadas 1, 2 y 3",43,63065,64567,1998,,Anime,Fantasía,1080p,Español,false,29:11:49,1502,2863,catalogo_files/i_682_AN8C.webp,https://ok.ru/video/14600894483182,https://ok.ru/videoembed/14600894483182
1523,14600894483182,episode,Episodio 44,"Sakura Card Captor - Temporada 1, 2 y 3 (1998) [1080p] [Español]",sakura-card-captor,Sakura Card Captor,1,"Temporadas 1, 2 y 3",44,64567,66069,1998,,Anime,Fantasía,1080p,Español,false,29:11:49,1502,2863,catalogo_files/i_682_AN8C.webp,https://ok.ru/video/14600894483182,https://ok.ru/videoembed/14600894483182
1524,14600894483182,episode,Episodio 45,"Sakura Card Captor - Temporada 1, 2 y 3 (1998) [1080p] [Español]",sakura-card-captor,Sakura Card Captor,1,"Temporadas 1, 2 y 3",45,66069,67570,1998,,Anime,Fantasía,1080p,Español,false,29:11:49,1501,2863,catalogo_files/i_682_AN8C.webp,https://ok.ru/video/14600894483182,https://ok.ru/videoembed/14600894483182
1525,14600894483182,episode,Episodio 46,"Sakura Card Captor - Temporada 1, 2 y 3 (1998) [1080p] [Español]",sakura-card-captor,Sakura Card Captor,1,"Temporadas 1, 2 y 3",46,67570,69072,1998,,Anime,Fantasía,1080p,Español,false,29:11:49,1502,2863,catalogo_files/i_682_AN8C.webp,https://ok.ru/video/14600894483182,https://ok.ru/videoembed/14600894483182
1526,14600894483182,episode,Episodio 47,"Sakura Card Captor - Temporada 1, 2 y 3 (1998) [1080p] [Español]",sakura-card-captor,Sakura Card Captor,1,"Temporadas 1, 2 y 3",47,69072,70573,1998,,Anime,Fantasía,1080p,Español,false,29:11:49,1501,2863,catalogo_files/i_682_AN8C.webp,https://ok.ru/video/14600894483182,https://ok.ru/videoembed/14600894483182
1527,14600894483182,episode,Episodio 48,"Sakura Card Captor - Temporada 1, 2 y 3 (1998) [1080p] [Español]",sakura-card-captor,Sakura Card Captor,1,"Temporadas 1, 2 y 3",48,70573,72075,1998,,Anime,Fantasía,1080p,Español,false,29:11:49,1502,2863,catalogo_files/i_682_AN8C.webp,https://ok.ru/video/14600894483182,https://ok.ru/videoembed/14600894483182
1528,14600894483182,episode,Episodio 49,"Sakura Card Captor - Temporada 1, 2 y 3 (1998) [1080p] [Español]",sakura-card-captor,Sakura Card Captor,1,"Temporadas 1, 2 y 3",49,72075,73576,1998,,Anime,Fantasía,1080p,Español,false,29:11:49,1501,2863,catalogo_files/i_682_AN8C.webp,https://ok.ru/video/14600894483182,https://ok.ru/videoembed/14600894483182
1529,14600894483182,episode,Episodio 50,"Sakura Card Captor - Temporada 1, 2 y 3 (1998) [1080p] [Español]",sakura-card-captor,Sakura Card Captor,1,"Temporadas 1, 2 y 3",50,73576,75078,1998,,Anime,Fantasía,1080p,Español,false,29:11:49,1502,2863,catalogo_files/i_682_AN8C.webp,https://ok.ru/video/14600894483182,https://ok.ru/videoembed/14600894483182
1530,14600894483182,episode,Episodio 51,"Sakura Card Captor - Temporada 1, 2 y 3 (1998) [1080p] [Español]",sakura-card-captor,Sakura Card Captor,1,"Temporadas 1, 2 y 3",51,75078,76579,1998,,Anime,Fantasía,1080p,Español,false,29:11:49,1501,2863,catalogo_files/i_682_AN8C.webp,https://ok.ru/video/14600894483182,https://ok.ru/videoembed/14600894483182
1531,14600894483182,episode,Episodio 52,"Sakura Card Captor - Temporada 1, 2 y 3 (1998) [1080p] [Español]",sakura-card-captor,Sakura Card Captor,1,"Temporadas 1, 2 y 3",52,76579,78081,1998,,Anime,Fantasía,1080p,Español,false,29:11:49,1502,2863,catalogo_files/i_682_AN8C.webp,https://ok.ru/video/14600894483182,https://ok.ru/videoembed/14600894483182
1532,14600894483182,episode,Episodio 53,"Sakura Card Captor - Temporada 1, 2 y 3 (1998) [1080p] [Español]",sakura-card-captor,Sakura Card Captor,1,"Temporadas 1, 2 y 3",53,78081,79583,1998,,Anime,Fantasía,1080p,Español,false,29:11:49,1502,2863,catalogo_files/i_682_AN8C.webp,https://ok.ru/video/14600894483182,https://ok.ru/videoembed/14600894483182
1533,14600894483182,episode,Episodio 54,"Sakura Card Captor - Temporada 1, 2 y 3 (1998) [1080p] [Español]",sakura-card-captor,Sakura Card Captor,1,"Temporadas 1, 2 y 3",54,79583,81084,1998,,Anime,Fantasía,1080p,Español,false,29:11:49,1501,2863,catalogo_files/i_682_AN8C.webp,https://ok.ru/video/14600894483182,https://ok.ru/videoembed/14600894483182
1534,14600894483182,episode,Episodio 55,"Sakura Card Captor - Temporada 1, 2 y 3 (1998) [1080p] [Español]",sakura-card-captor,Sakura Card Captor,1,"Temporadas 1, 2 y 3",55,81084,82586,1998,,Anime,Fantasía,1080p,Español,false,29:11:49,1502,2863,catalogo_files/i_682_AN8C.webp,https://ok.ru/video/14600894483182,https://ok.ru/videoembed/14600894483182
1535,14600894483182,episode,Episodio 56,"Sakura Card Captor - Temporada 1, 2 y 3 (1998) [1080p] [Español]",sakura-card-captor,Sakura Card Captor,1,"Temporadas 1, 2 y 3",56,82586,84087,1998,,Anime,Fantasía,1080p,Español,false,29:11:49,1501,2863,catalogo_files/i_682_AN8C.webp,https://ok.ru/video/14600894483182,https://ok.ru/videoembed/14600894483182
1536,14600894483182,episode,Episodio 57,"Sakura Card Captor - Temporada 1, 2 y 3 (1998) [1080p] [Español]",sakura-card-captor,Sakura Card Captor,1,"Temporadas 1, 2 y 3",57,84087,85589,1998,,Anime,Fantasía,1080p,Español,false,29:11:49,1502,2863,catalogo_files/i_682_AN8C.webp,https://ok.ru/video/14600894483182,https://ok.ru/videoembed/14600894483182
1537,14600894483182,episode,Episodio 58,"Sakura Card Captor - Temporada 1, 2 y 3 (1998) [1080p] [Español]",sakura-card-captor,Sakura Card Captor,1,"Temporadas 1, 2 y 3",58,85589,87090,1998,,Anime,Fantasía,1080p,Español,false,29:11:49,1501,2863,catalogo_files/i_682_AN8C.webp,https://ok.ru/video/14600894483182,https://ok.ru/videoembed/14600894483182
1538,14600894483182,episode,Episodio 59,"Sakura Card Captor - Temporada 1, 2 y 3 (1998) [1080p] [Español]",sakura-card-captor,Sakura Card Captor,1,"Temporadas 1, 2 y 3",59,87090,88592,1998,,Anime,Fantasía,1080p,Español,false,29:11:49,1502,2863,catalogo_files/i_682_AN8C.webp,https://ok.ru/video/14600894483182,https://ok.ru/videoembed/14600894483182
1539,14600894483182,episode,Episodio 60,"Sakura Card Captor - Temporada 1, 2 y 3 (1998) [1080p] [Español]",sakura-card-captor,Sakura Card Captor,1,"Temporadas 1, 2 y 3",60,88592,90093,1998,,Anime,Fantasía,1080p,Español,false,29:11:49,1501,2863,catalogo_files/i_682_AN8C.webp,https://ok.ru/video/14600894483182,https://ok.ru/videoembed/14600894483182
1540,14600894483182,episode,Episodio 61,"Sakura Card Captor - Temporada 1, 2 y 3 (1998) [1080p] [Español]",sakura-card-captor,Sakura Card Captor,1,"Temporadas 1, 2 y 3",61,90093,91595,1998,,Anime,Fantasía,1080p,Español,false,29:11:49,1502,2863,catalogo_files/i_682_AN8C.webp,https://ok.ru/video/14600894483182,https://ok.ru/videoembed/14600894483182
1541,14600894483182,episode,Episodio 62,"Sakura Card Captor - Temporada 1, 2 y 3 (1998) [1080p] [Español]",sakura-card-captor,Sakura Card Captor,1,"Temporadas 1, 2 y 3",62,91595,93097,1998,,Anime,Fantasía,1080p,Español,false,29:11:49,1502,2863,catalogo_files/i_682_AN8C.webp,https://ok.ru/video/14600894483182,https://ok.ru/videoembed/14600894483182
1542,14600894483182,episode,Episodio 63,"Sakura Card Captor - Temporada 1, 2 y 3 (1998) [1080p] [Español]",sakura-card-captor,Sakura Card Captor,1,"Temporadas 1, 2 y 3",63,93097,94598,1998,,Anime,Fantasía,1080p,Español,false,29:11:49,1501,2863,catalogo_files/i_682_AN8C.webp,https://ok.ru/video/14600894483182,https://ok.ru/videoembed/14600894483182
1543,14600894483182,episode,Episodio 64,"Sakura Card Captor - Temporada 1, 2 y 3 (1998) [1080p] [Español]",sakura-card-captor,Sakura Card Captor,1,"Temporadas 1, 2 y 3",64,94598,96100,1998,,Anime,Fantasía,1080p,Español,false,29:11:49,1502,2863,catalogo_files/i_682_AN8C.webp,https://ok.ru/video/14600894483182,https://ok.ru/videoembed/14600894483182
1544,14600894483182,episode,Episodio 65,"Sakura Card Captor - Temporada 1, 2 y 3 (1998) [1080p] [Español]",sakura-card-captor,Sakura Card Captor,1,"Temporadas 1, 2 y 3",65,96100,97601,1998,,Anime,Fantasía,1080p,Español,false,29:11:49,1501,2863,catalogo_files/i_682_AN8C.webp,https://ok.ru/video/14600894483182,https://ok.ru/videoembed/14600894483182
1545,14600894483182,episode,Episodio 66,"Sakura Card Captor - Temporada 1, 2 y 3 (1998) [1080p] [Español]",sakura-card-captor,Sakura Card Captor,1,"Temporadas 1, 2 y 3",66,97601,99103,1998,,Anime,Fantasía,1080p,Español,false,29:11:49,1502,2863,catalogo_files/i_682_AN8C.webp,https://ok.ru/video/14600894483182,https://ok.ru/videoembed/14600894483182
1546,14600894483182,episode,Episodio 67,"Sakura Card Captor - Temporada 1, 2 y 3 (1998) [1080p] [Español]",sakura-card-captor,Sakura Card Captor,1,"Temporadas 1, 2 y 3",67,99103,100604,1998,,Anime,Fantasía,1080p,Español,false,29:11:49,1501,2863,catalogo_files/i_682_AN8C.webp,https://ok.ru/video/14600894483182,https://ok.ru/videoembed/14600894483182
1547,14600894483182,episode,Episodio 68,"Sakura Card Captor - Temporada 1, 2 y 3 (1998) [1080p] [Español]",sakura-card-captor,Sakura Card Captor,1,"Temporadas 1, 2 y 3",68,100604,102106,1998,,Anime,Fantasía,1080p,Español,false,29:11:49,1502,2863,catalogo_files/i_682_AN8C.webp,https://ok.ru/video/14600894483182,https://ok.ru/videoembed/14600894483182
1548,14600894483182,episode,Episodio 69,"Sakura Card Captor - Temporada 1, 2 y 3 (1998) [1080p] [Español]",sakura-card-captor,Sakura Card Captor,1,"Temporadas 1, 2 y 3",69,102106,103607,1998,,Anime,Fantasía,1080p,Español,false,29:11:49,1501,2863,catalogo_files/i_682_AN8C.webp,https://ok.ru/video/14600894483182,https://ok.ru/videoembed/14600894483182
1549,14600894483182,episode,Episodio 70,"Sakura Card Captor - Temporada 1, 2 y 3 (1998) [1080p] [Español]",sakura-card-captor,Sakura Card Captor,1,"Temporadas 1, 2 y 3",70,103607,,1998,,Anime,Fantasía,1080p,Español,false,29:11:49,1502,2863,catalogo_files/i_682_AN8C.webp,https://ok.ru/video/14600894483182,https://ok.ru/videoembed/14600894483182
1550,14606282525422,episode,Episodio 1,Star vs. las fuerzas del mal - Temporada 1 [1080p] [Español],star-vs-las-fuerzas-del-mal,Star vs. las fuerzas del mal,1,,1,0,1284,,,Animación,Infantil,1080p,Español,false,4:38:12,1284,4028,catalogo_files/i_635_AN8C.webp,https://ok.ru/video/14606282525422,https://ok.ru/videoembed/14606282525422
1551,14606282525422,episode,Episodio 2,Star vs. las fuerzas del mal - Temporada 1 [1080p] [Español],star-vs-las-fuerzas-del-mal,Star vs. las fuerzas del mal,1,,2,1284,2568,,,Animación,Infantil,1080p,Español,false,4:38:12,1284,4028,catalogo_files/i_635_AN8C.webp,https://ok.ru/video/14606282525422,https://ok.ru/videoembed/14606282525422
1552,14606282525422,episode,Episodio 3,Star vs. las fuerzas del mal - Temporada 1 [1080p] [Español],star-vs-las-fuerzas-del-mal,Star vs. las fuerzas del mal,1,,3,2568,3852,,,Animación,Infantil,1080p,Español,false,4:38:12,1284,4028,catalogo_files/i_635_AN8C.webp,https://ok.ru/video/14606282525422,https://ok.ru/videoembed/14606282525422
1553,14606282525422,episode,Episodio 4,Star vs. las fuerzas del mal - Temporada 1 [1080p] [Español],star-vs-las-fuerzas-del-mal,Star vs. las fuerzas del mal,1,,4,3852,5136,,,Animación,Infantil,1080p,Español,false,4:38:12,1284,4028,catalogo_files/i_635_AN8C.webp,https://ok.ru/video/14606282525422,https://ok.ru/videoembed/14606282525422
1554,14606282525422,episode,Episodio 5,Star vs. las fuerzas del mal - Temporada 1 [1080p] [Español],star-vs-las-fuerzas-del-mal,Star vs. las fuerzas del mal,1,,5,5136,6420,,,Animación,Infantil,1080p,Español,false,4:38:12,1284,4028,catalogo_files/i_635_AN8C.webp,https://ok.ru/video/14606282525422,https://ok.ru/videoembed/14606282525422
1555,14606282525422,episode,Episodio 6,Star vs. las fuerzas del mal - Temporada 1 [1080p] [Español],star-vs-las-fuerzas-del-mal,Star vs. las fuerzas del mal,1,,6,6420,7704,,,Animación,Infantil,1080p,Español,false,4:38:12,1284,4028,catalogo_files/i_635_AN8C.webp,https://ok.ru/video/14606282525422,https://ok.ru/videoembed/14606282525422
1556,14606282525422,episode,Episodio 7,Star vs. las fuerzas del mal - Temporada 1 [1080p] [Español],star-vs-las-fuerzas-del-mal,Star vs. las fuerzas del mal,1,,7,7704,8988,,,Animación,Infantil,1080p,Español,false,4:38:12,1284,4028,catalogo_files/i_635_AN8C.webp,https://ok.ru/video/14606282525422,https://ok.ru/videoembed/14606282525422
1557,14606282525422,episode,Episodio 8,Star vs. las fuerzas del mal - Temporada 1 [1080p] [Español],star-vs-las-fuerzas-del-mal,Star vs. las fuerzas del mal,1,,8,8988,10272,,,Animación,Infantil,1080p,Español,false,4:38:12,1284,4028,catalogo_files/i_635_AN8C.webp,https://ok.ru/video/14606282525422,https://ok.ru/videoembed/14606282525422
1558,14606282525422,episode,Episodio 9,Star vs. las fuerzas del mal - Temporada 1 [1080p] [Español],star-vs-las-fuerzas-del-mal,Star vs. las fuerzas del mal,1,,9,10272,11556,,,Animación,Infantil,1080p,Español,false,4:38:12,1284,4028,catalogo_files/i_635_AN8C.webp,https://ok.ru/video/14606282525422,https://ok.ru/videoembed/14606282525422
1559,14606282525422,episode,Episodio 10,Star vs. las fuerzas del mal - Temporada 1 [1080p] [Español],star-vs-las-fuerzas-del-mal,Star vs. las fuerzas del mal,1,,10,11556,12840,,,Animación,Infantil,1080p,Español,false,4:38:12,1284,4028,catalogo_files/i_635_AN8C.webp,https://ok.ru/video/14606282525422,https://ok.ru/videoembed/14606282525422
1560,14606282525422,episode,Episodio 11,Star vs. las fuerzas del mal - Temporada 1 [1080p] [Español],star-vs-las-fuerzas-del-mal,Star vs. las fuerzas del mal,1,,11,12840,14124,,,Animación,Infantil,1080p,Español,false,4:38:12,1284,4028,catalogo_files/i_635_AN8C.webp,https://ok.ru/video/14606282525422,https://ok.ru/videoembed/14606282525422
1561,14606282525422,episode,Episodio 12,Star vs. las fuerzas del mal - Temporada 1 [1080p] [Español],star-vs-las-fuerzas-del-mal,Star vs. las fuerzas del mal,1,,12,14124,15408,,,Animación,Infantil,1080p,Español,false,4:38:12,1284,4028,catalogo_files/i_635_AN8C.webp,https://ok.ru/video/14606282525422,https://ok.ru/videoembed/14606282525422
1562,14606282525422,episode,Episodio 13,Star vs. las fuerzas del mal - Temporada 1 [1080p] [Español],star-vs-las-fuerzas-del-mal,Star vs. las fuerzas del mal,1,,13,15408,,,,Animación,Infantil,1080p,Español,false,4:38:12,1284,4028,catalogo_files/i_635_AN8C.webp,https://ok.ru/video/14606282525422,https://ok.ru/videoembed/14606282525422
1563,14594755791598,episode,Episodio 1,Pucca - Temporada 2 (2008) [4K] [Español],pucca,Pucca,2,,1,0,1569,2008,,Animación,Infantil,4K,Español,false,5:39:54,1569,1640,catalogo_files/i_572_AN8C.webp,https://ok.ru/video/14594755791598,https://ok.ru/videoembed/14594755791598
1564,14594755791598,episode,Episodio 2,Pucca - Temporada 2 (2008) [4K] [Español],pucca,Pucca,2,,2,1569,3138,2008,,Animación,Infantil,4K,Español,false,5:39:54,1569,1640,catalogo_files/i_572_AN8C.webp,https://ok.ru/video/14594755791598,https://ok.ru/videoembed/14594755791598
1565,14594755791598,episode,Episodio 3,Pucca - Temporada 2 (2008) [4K] [Español],pucca,Pucca,2,,3,3138,4706,2008,,Animación,Infantil,4K,Español,false,5:39:54,1568,1640,catalogo_files/i_572_AN8C.webp,https://ok.ru/video/14594755791598,https://ok.ru/videoembed/14594755791598
1566,14594755791598,episode,Episodio 4,Pucca - Temporada 2 (2008) [4K] [Español],pucca,Pucca,2,,4,4706,6275,2008,,Animación,Infantil,4K,Español,false,5:39:54,1569,1640,catalogo_files/i_572_AN8C.webp,https://ok.ru/video/14594755791598,https://ok.ru/videoembed/14594755791598
1567,14594755791598,episode,Episodio 5,Pucca - Temporada 2 (2008) [4K] [Español],pucca,Pucca,2,,5,6275,7844,2008,,Animación,Infantil,4K,Español,false,5:39:54,1569,1640,catalogo_files/i_572_AN8C.webp,https://ok.ru/video/14594755791598,https://ok.ru/videoembed/14594755791598
1568,14594755791598,episode,Episodio 6,Pucca - Temporada 2 (2008) [4K] [Español],pucca,Pucca,2,,6,7844,9413,2008,,Animación,Infantil,4K,Español,false,5:39:54,1569,1640,catalogo_files/i_572_AN8C.webp,https://ok.ru/video/14594755791598,https://ok.ru/videoembed/14594755791598
1569,14594755791598,episode,Episodio 7,Pucca - Temporada 2 (2008) [4K] [Español],pucca,Pucca,2,,7,9413,10981,2008,,Animación,Infantil,4K,Español,false,5:39:54,1568,1640,catalogo_files/i_572_AN8C.webp,https://ok.ru/video/14594755791598,https://ok.ru/videoembed/14594755791598
1570,14594755791598,episode,Episodio 8,Pucca - Temporada 2 (2008) [4K] [Español],pucca,Pucca,2,,8,10981,12550,2008,,Animación,Infantil,4K,Español,false,5:39:54,1569,1640,catalogo_files/i_572_AN8C.webp,https://ok.ru/video/14594755791598,https://ok.ru/videoembed/14594755791598
1571,14594755791598,episode,Episodio 9,Pucca - Temporada 2 (2008) [4K] [Español],pucca,Pucca,2,,9,12550,14119,2008,,Animación,Infantil,4K,Español,false,5:39:54,1569,1640,catalogo_files/i_572_AN8C.webp,https://ok.ru/video/14594755791598,https://ok.ru/videoembed/14594755791598
1572,14594755791598,episode,Episodio 10,Pucca - Temporada 2 (2008) [4K] [Español],pucca,Pucca,2,,10,14119,15688,2008,,Animación,Infantil,4K,Español,false,5:39:54,1569,1640,catalogo_files/i_572_AN8C.webp,https://ok.ru/video/14594755791598,https://ok.ru/videoembed/14594755791598
1573,14594755791598,episode,Episodio 11,Pucca - Temporada 2 (2008) [4K] [Español],pucca,Pucca,2,,11,15688,17256,2008,,Animación,Infantil,4K,Español,false,5:39:54,1568,1640,catalogo_files/i_572_AN8C.webp,https://ok.ru/video/14594755791598,https://ok.ru/videoembed/14594755791598
1574,14594755791598,episode,Episodio 12,Pucca - Temporada 2 (2008) [4K] [Español],pucca,Pucca,2,,12,17256,18825,2008,,Animación,Infantil,4K,Español,false,5:39:54,1569,1640,catalogo_files/i_572_AN8C.webp,https://ok.ru/video/14594755791598,https://ok.ru/videoembed/14594755791598
1575,14594755791598,episode,Episodio 13,Pucca - Temporada 2 (2008) [4K] [Español],pucca,Pucca,2,,13,18825,,2008,,Animación,Infantil,4K,Español,false,5:39:54,1569,1640,catalogo_files/i_572_AN8C.webp,https://ok.ru/video/14594755791598,https://ok.ru/videoembed/14594755791598
1576,14550802565870,movie,Storm Rider: Clash of the Evils,Storm Rider: Clash of the Evils (2008) [1080p] [Sub Español],,,,,,,,2008,,Animación,Acción,1080p,Español,true,1:39:07,5947,1407,catalogo_files/i_901_AN8C.webp,https://ok.ru/video/14550802565870,https://ok.ru/videoembed/14550802565870
1577,14589457468142,episode,Episodio 1,Owari no Seraph - Temporada 1 y 2 (2015) [1080p] [Sub Español],owari-no-seraph,Owari no Seraph,1,Temporadas 1 y 2,1,0,1480,2015,,Anime,Acción,1080p,Español,true,9:52:03,1480,1655,catalogo_files/i_277_AN8C.webp,https://ok.ru/video/14589457468142,https://ok.ru/videoembed/14589457468142
1578,14589457468142,episode,Episodio 2,Owari no Seraph - Temporada 1 y 2 (2015) [1080p] [Sub Español],owari-no-seraph,Owari no Seraph,1,Temporadas 1 y 2,2,1480,2960,2015,,Anime,Acción,1080p,Español,true,9:52:03,1480,1655,catalogo_files/i_277_AN8C.webp,https://ok.ru/video/14589457468142,https://ok.ru/videoembed/14589457468142
1579,14589457468142,episode,Episodio 3,Owari no Seraph - Temporada 1 y 2 (2015) [1080p] [Sub Español],owari-no-seraph,Owari no Seraph,1,Temporadas 1 y 2,3,2960,4440,2015,,Anime,Acción,1080p,Español,true,9:52:03,1480,1655,catalogo_files/i_277_AN8C.webp,https://ok.ru/video/14589457468142,https://ok.ru/videoembed/14589457468142
1580,14589457468142,episode,Episodio 4,Owari no Seraph - Temporada 1 y 2 (2015) [1080p] [Sub Español],owari-no-seraph,Owari no Seraph,1,Temporadas 1 y 2,4,4440,5920,2015,,Anime,Acción,1080p,Español,true,9:52:03,1480,1655,catalogo_files/i_277_AN8C.webp,https://ok.ru/video/14589457468142,https://ok.ru/videoembed/14589457468142
1581,14589457468142,episode,Episodio 5,Owari no Seraph - Temporada 1 y 2 (2015) [1080p] [Sub Español],owari-no-seraph,Owari no Seraph,1,Temporadas 1 y 2,5,5920,7401,2015,,Anime,Acción,1080p,Español,true,9:52:03,1481,1655,catalogo_files/i_277_AN8C.webp,https://ok.ru/video/14589457468142,https://ok.ru/videoembed/14589457468142
1582,14589457468142,episode,Episodio 6,Owari no Seraph - Temporada 1 y 2 (2015) [1080p] [Sub Español],owari-no-seraph,Owari no Seraph,1,Temporadas 1 y 2,6,7401,8881,2015,,Anime,Acción,1080p,Español,true,9:52:03,1480,1655,catalogo_files/i_277_AN8C.webp,https://ok.ru/video/14589457468142,https://ok.ru/videoembed/14589457468142
1583,14589457468142,episode,Episodio 7,Owari no Seraph - Temporada 1 y 2 (2015) [1080p] [Sub Español],owari-no-seraph,Owari no Seraph,1,Temporadas 1 y 2,7,8881,10361,2015,,Anime,Acción,1080p,Español,true,9:52:03,1480,1655,catalogo_files/i_277_AN8C.webp,https://ok.ru/video/14589457468142,https://ok.ru/videoembed/14589457468142
1584,14589457468142,episode,Episodio 8,Owari no Seraph - Temporada 1 y 2 (2015) [1080p] [Sub Español],owari-no-seraph,Owari no Seraph,1,Temporadas 1 y 2,8,10361,11841,2015,,Anime,Acción,1080p,Español,true,9:52:03,1480,1655,catalogo_files/i_277_AN8C.webp,https://ok.ru/video/14589457468142,https://ok.ru/videoembed/14589457468142
1585,14589457468142,episode,Episodio 9,Owari no Seraph - Temporada 1 y 2 (2015) [1080p] [Sub Español],owari-no-seraph,Owari no Seraph,1,Temporadas 1 y 2,9,11841,13321,2015,,Anime,Acción,1080p,Español,true,9:52:03,1480,1655,catalogo_files/i_277_AN8C.webp,https://ok.ru/video/14589457468142,https://ok.ru/videoembed/14589457468142
1586,14589457468142,episode,Episodio 10,Owari no Seraph - Temporada 1 y 2 (2015) [1080p] [Sub Español],owari-no-seraph,Owari no Seraph,1,Temporadas 1 y 2,10,13321,14801,2015,,Anime,Acción,1080p,Español,true,9:52:03,1480,1655,catalogo_files/i_277_AN8C.webp,https://ok.ru/video/14589457468142,https://ok.ru/videoembed/14589457468142
1587,14589457468142,episode,Episodio 11,Owari no Seraph - Temporada 1 y 2 (2015) [1080p] [Sub Español],owari-no-seraph,Owari no Seraph,1,Temporadas 1 y 2,11,14801,16281,2015,,Anime,Acción,1080p,Español,true,9:52:03,1480,1655,catalogo_files/i_277_AN8C.webp,https://ok.ru/video/14589457468142,https://ok.ru/videoembed/14589457468142
1588,14589457468142,episode,Episodio 12,Owari no Seraph - Temporada 1 y 2 (2015) [1080p] [Sub Español],owari-no-seraph,Owari no Seraph,1,Temporadas 1 y 2,12,16281,17762,2015,,Anime,Acción,1080p,Español,true,9:52:03,1481,1655,catalogo_files/i_277_AN8C.webp,https://ok.ru/video/14589457468142,https://ok.ru/videoembed/14589457468142
1589,14589457468142,episode,Episodio 13,Owari no Seraph - Temporada 1 y 2 (2015) [1080p] [Sub Español],owari-no-seraph,Owari no Seraph,1,Temporadas 1 y 2,13,17762,19242,2015,,Anime,Acción,1080p,Español,true,9:52:03,1480,1655,catalogo_files/i_277_AN8C.webp,https://ok.ru/video/14589457468142,https://ok.ru/videoembed/14589457468142
1590,14589457468142,episode,Episodio 14,Owari no Seraph - Temporada 1 y 2 (2015) [1080p] [Sub Español],owari-no-seraph,Owari no Seraph,1,Temporadas 1 y 2,14,19242,20722,2015,,Anime,Acción,1080p,Español,true,9:52:03,1480,1655,catalogo_files/i_277_AN8C.webp,https://ok.ru/video/14589457468142,https://ok.ru/videoembed/14589457468142
1591,14589457468142,episode,Episodio 15,Owari no Seraph - Temporada 1 y 2 (2015) [1080p] [Sub Español],owari-no-seraph,Owari no Seraph,1,Temporadas 1 y 2,15,20722,22202,2015,,Anime,Acción,1080p,Español,true,9:52:03,1480,1655,catalogo_files/i_277_AN8C.webp,https://ok.ru/video/14589457468142,https://ok.ru/videoembed/14589457468142
1592,14589457468142,episode,Episodio 16,Owari no Seraph - Temporada 1 y 2 (2015) [1080p] [Sub Español],owari-no-seraph,Owari no Seraph,1,Temporadas 1 y 2,16,22202,23682,2015,,Anime,Acción,1080p,Español,true,9:52:03,1480,1655,catalogo_files/i_277_AN8C.webp,https://ok.ru/video/14589457468142,https://ok.ru/videoembed/14589457468142
1593,14589457468142,episode,Episodio 17,Owari no Seraph - Temporada 1 y 2 (2015) [1080p] [Sub Español],owari-no-seraph,Owari no Seraph,1,Temporadas 1 y 2,17,23682,25162,2015,,Anime,Acción,1080p,Español,true,9:52:03,1480,1655,catalogo_files/i_277_AN8C.webp,https://ok.ru/video/14589457468142,https://ok.ru/videoembed/14589457468142
1594,14589457468142,episode,Episodio 18,Owari no Seraph - Temporada 1 y 2 (2015) [1080p] [Sub Español],owari-no-seraph,Owari no Seraph,1,Temporadas 1 y 2,18,25162,26642,2015,,Anime,Acción,1080p,Español,true,9:52:03,1480,1655,catalogo_files/i_277_AN8C.webp,https://ok.ru/video/14589457468142,https://ok.ru/videoembed/14589457468142
1595,14589457468142,episode,Episodio 19,Owari no Seraph - Temporada 1 y 2 (2015) [1080p] [Sub Español],owari-no-seraph,Owari no Seraph,1,Temporadas 1 y 2,19,26642,28122,2015,,Anime,Acción,1080p,Español,true,9:52:03,1480,1655,catalogo_files/i_277_AN8C.webp,https://ok.ru/video/14589457468142,https://ok.ru/videoembed/14589457468142
1596,14589457468142,episode,Episodio 20,Owari no Seraph - Temporada 1 y 2 (2015) [1080p] [Sub Español],owari-no-seraph,Owari no Seraph,1,Temporadas 1 y 2,20,28122,29602,2015,,Anime,Acción,1080p,Español,true,9:52:03,1480,1655,catalogo_files/i_277_AN8C.webp,https://ok.ru/video/14589457468142,https://ok.ru/videoembed/14589457468142
1597,14589457468142,episode,Episodio 21,Owari no Seraph - Temporada 1 y 2 (2015) [1080p] [Sub Español],owari-no-seraph,Owari no Seraph,1,Temporadas 1 y 2,21,29602,31083,2015,,Anime,Acción,1080p,Español,true,9:52:03,1481,1655,catalogo_files/i_277_AN8C.webp,https://ok.ru/video/14589457468142,https://ok.ru/videoembed/14589457468142
1598,14589457468142,episode,Episodio 22,Owari no Seraph - Temporada 1 y 2 (2015) [1080p] [Sub Español],owari-no-seraph,Owari no Seraph,1,Temporadas 1 y 2,22,31083,32563,2015,,Anime,Acción,1080p,Español,true,9:52:03,1480,1655,catalogo_files/i_277_AN8C.webp,https://ok.ru/video/14589457468142,https://ok.ru/videoembed/14589457468142
1599,14589457468142,episode,Episodio 23,Owari no Seraph - Temporada 1 y 2 (2015) [1080p] [Sub Español],owari-no-seraph,Owari no Seraph,1,Temporadas 1 y 2,23,32563,34043,2015,,Anime,Acción,1080p,Español,true,9:52:03,1480,1655,catalogo_files/i_277_AN8C.webp,https://ok.ru/video/14589457468142,https://ok.ru/videoembed/14589457468142
1600,14589457468142,episode,Episodio 24,Owari no Seraph - Temporada 1 y 2 (2015) [1080p] [Sub Español],owari-no-seraph,Owari no Seraph,1,Temporadas 1 y 2,24,34043,,2015,,Anime,Acción,1080p,Español,true,9:52:03,1480,1655,catalogo_files/i_277_AN8C.webp,https://ok.ru/video/14589457468142,https://ok.ru/videoembed/14589457468142
1601,14573763234542,movie,The Runaway Bunny,The Runaway Bunny (2021) [1080p] [Sub Español],,,,,,,,2021,,Animación,Infantil,1080p,Español,true,27:14,1634,1441,catalogo_files/i_428_AN8C.webp,https://ok.ru/video/14573763234542,https://ok.ru/videoembed/14573763234542
1602,14566497913582,movie,El Grúfalo,El Grúfalo (2009) [1080p] [Sub Español],,,,,,,,2009,,Animación,Infantil,1080p,Español,true,28:24,1704,1531,catalogo_files/i_457_AN8C.webp,https://ok.ru/video/14566497913582,https://ok.ru/videoembed/14566497913582
1603,14548251904750,movie,Room on the Broom,Room on the Broom (2012) [1080p] [Sub Español],,,,,,,,2012,,Animación,Infantil,1080p,Español,true,26:28,1588,1333,catalogo_files/i_734_AN8C.webp,https://ok.ru/video/14548251904750,https://ok.ru/videoembed/14548251904750
1604,14577069132526,movie,El pecado original de Takopi,El pecado original de Takopi (2025) [1080p] [Sub Español],,,,,,,,2025,,Anime,Drama,1080p,Español,true,2:36:17,9377,1780,catalogo_files/i_098_AN8C.webp,https://ok.ru/video/14577069132526,https://ok.ru/videoembed/14577069132526
1605,14566237473518,movie,"Megazone 23 Parte I, II y III","Megazone 23 Parte I, II y III (1985) [1080p] [Sub Español]",,,,,,,,1985,,Anime,Ciencia Ficción,1080p,Español,true,4:25:53,15953,1552,catalogo_files/i_617_AN8C.webp,https://ok.ru/video/14566237473518,https://ok.ru/videoembed/14566237473518
1606,14566238915310,movie,Under the Dog,Under the Dog (2016) [1080p] [Sub Español],,,,,,,,2016,,Anime,Ciencia Ficción,1080p,Español,true,30:02,1802,2291,catalogo_files/i_816_AN8C.webp,https://ok.ru/video/14566238915310,https://ok.ru/videoembed/14566238915310
1607,14565830626030,episode,Episodio 1,Temporada 4: Invincible [4K] [Español],invincible,Invincible,4,,1,0,3107,,,Superhéroes,Animación,4K,Español,false,6:54:14,3107,3624,catalogo_files/i_526_AN8C.webp,https://ok.ru/video/14565830626030,https://ok.ru/videoembed/14565830626030
1608,14565830626030,episode,Episodio 2,Temporada 4: Invincible [4K] [Español],invincible,Invincible,4,,2,3107,6214,,,Superhéroes,Animación,4K,Español,false,6:54:14,3107,3624,catalogo_files/i_526_AN8C.webp,https://ok.ru/video/14565830626030,https://ok.ru/videoembed/14565830626030
1609,14565830626030,episode,Episodio 3,Temporada 4: Invincible [4K] [Español],invincible,Invincible,4,,3,6214,9320,,,Superhéroes,Animación,4K,Español,false,6:54:14,3106,3624,catalogo_files/i_526_AN8C.webp,https://ok.ru/video/14565830626030,https://ok.ru/videoembed/14565830626030
1610,14565830626030,episode,Episodio 4,Temporada 4: Invincible [4K] [Español],invincible,Invincible,4,,4,9320,12427,,,Superhéroes,Animación,4K,Español,false,6:54:14,3107,3624,catalogo_files/i_526_AN8C.webp,https://ok.ru/video/14565830626030,https://ok.ru/videoembed/14565830626030
1611,14565830626030,episode,Episodio 5,Temporada 4: Invincible [4K] [Español],invincible,Invincible,4,,5,12427,15534,,,Superhéroes,Animación,4K,Español,false,6:54:14,3107,3624,catalogo_files/i_526_AN8C.webp,https://ok.ru/video/14565830626030,https://ok.ru/videoembed/14565830626030
1612,14565830626030,episode,Episodio 6,Temporada 4: Invincible [4K] [Español],invincible,Invincible,4,,6,15534,18640,,,Superhéroes,Animación,4K,Español,false,6:54:14,3106,3624,catalogo_files/i_526_AN8C.webp,https://ok.ru/video/14565830626030,https://ok.ru/videoembed/14565830626030
1613,14565830626030,episode,Episodio 7,Temporada 4: Invincible [4K] [Español],invincible,Invincible,4,,7,18640,21747,,,Superhéroes,Animación,4K,Español,false,6:54:14,3107,3624,catalogo_files/i_526_AN8C.webp,https://ok.ru/video/14565830626030,https://ok.ru/videoembed/14565830626030
1614,14565830626030,episode,Episodio 8,Temporada 4: Invincible [4K] [Español],invincible,Invincible,4,,8,21747,,,,Superhéroes,Animación,4K,Español,false,6:54:14,3107,3624,catalogo_files/i_526_AN8C.webp,https://ok.ru/video/14565830626030,https://ok.ru/videoembed/14565830626030
1615,14565469981422,episode,Episodio 1,Temporada 3: Invincible [4K] [Español],invincible,Invincible,3,,1,0,2970,,,Superhéroes,Animación,4K,Español,false,6:36:03,2970,3396,catalogo_files/i_631_AN8C.webp,https://ok.ru/video/14565469981422,https://ok.ru/videoembed/14565469981422
1616,14565469981422,episode,Episodio 2,Temporada 3: Invincible [4K] [Español],invincible,Invincible,3,,2,2970,5941,,,Superhéroes,Animación,4K,Español,false,6:36:03,2971,3396,catalogo_files/i_631_AN8C.webp,https://ok.ru/video/14565469981422,https://ok.ru/videoembed/14565469981422
1617,14565469981422,episode,Episodio 3,Temporada 3: Invincible [4K] [Español],invincible,Invincible,3,,3,5941,8911,,,Superhéroes,Animación,4K,Español,false,6:36:03,2970,3396,catalogo_files/i_631_AN8C.webp,https://ok.ru/video/14565469981422,https://ok.ru/videoembed/14565469981422
1618,14565469981422,episode,Episodio 4,Temporada 3: Invincible [4K] [Español],invincible,Invincible,3,,4,8911,11882,,,Superhéroes,Animación,4K,Español,false,6:36:03,2971,3396,catalogo_files/i_631_AN8C.webp,https://ok.ru/video/14565469981422,https://ok.ru/videoembed/14565469981422
1619,14565469981422,episode,Episodio 5,Temporada 3: Invincible [4K] [Español],invincible,Invincible,3,,5,11882,14852,,,Superhéroes,Animación,4K,Español,false,6:36:03,2970,3396,catalogo_files/i_631_AN8C.webp,https://ok.ru/video/14565469981422,https://ok.ru/videoembed/14565469981422
1620,14565469981422,episode,Episodio 6,Temporada 3: Invincible [4K] [Español],invincible,Invincible,3,,6,14852,17822,,,Superhéroes,Animación,4K,Español,false,6:36:03,2970,3396,catalogo_files/i_631_AN8C.webp,https://ok.ru/video/14565469981422,https://ok.ru/videoembed/14565469981422
1621,14565469981422,episode,Episodio 7,Temporada 3: Invincible [4K] [Español],invincible,Invincible,3,,7,17822,20793,,,Superhéroes,Animación,4K,Español,false,6:36:03,2971,3396,catalogo_files/i_631_AN8C.webp,https://ok.ru/video/14565469981422,https://ok.ru/videoembed/14565469981422
1622,14565469981422,episode,Episodio 8,Temporada 3: Invincible [4K] [Español],invincible,Invincible,3,,8,20793,,,,Superhéroes,Animación,4K,Español,false,6:36:03,2970,3396,catalogo_files/i_631_AN8C.webp,https://ok.ru/video/14565469981422,https://ok.ru/videoembed/14565469981422
1623,14543955299054,movie,GTO: Great Teacher Onizuka,GTO: Great Teacher Onizuka (1999) [1080p] [Sub Español],,,,,,,,1999,,Anime,Comedia,1080p,Español,true,17:49:36,64176,1943,catalogo_files/i_765_AN8C.webp,https://ok.ru/video/14543955299054,https://ok.ru/videoembed/14543955299054
1624,14547379030766,movie,Los niños de la lluvia,Los niños de la lluvia (2003) [1080p] [Español],,,,,,,,2003,,Animación,Fantasía,1080p,Español,false,1:22:10,4930,1925,catalogo_files/i_414_AN8C.webp,https://ok.ru/video/14547379030766,https://ok.ru/videoembed/14547379030766
1625,14545507322606,movie,El día de los cuervos,El día de los cuervos (2012) [1080p] [Sub Español],,,,,,,,2012,,Animación,Fantasía,1080p,Español,true,1:34:19,5659,1832,catalogo_files/i_168_AN8C.webp,https://ok.ru/video/14545507322606,https://ok.ru/videoembed/14545507322606
1626,14528670468846,movie,Kill la Kill,Kill la Kill (2013) [1080p] [Sub Español],,,,,,,,2013,,Anime,Acción,1080p,Español,true,10:15:00,36900,1560,catalogo_files/i_851_AN8C.webp,https://ok.ru/video/14528670468846,https://ok.ru/videoembed/14528670468846
1627,14537217215214,movie,Akame ga Kill!,Akame ga Kill! (2014) [1080p] [Sub Español],,,,,,,,2014,,Anime,Acción,1080p,Español,true,9:28:26,34106,1440,catalogo_files/i_594_AN8C.webp,https://ok.ru/video/14537217215214,https://ok.ru/videoembed/14537217215214
1628,14528670665454,movie,La Leyenda de Hei,La Leyenda de Hei (2019) [4K] [Español],,,,,,,,2019,,Animación,Fantasía,4K,Español,false,1:41:39,6099,2443,catalogo_files/i_419_AN8C.webp,https://ok.ru/video/14528670665454,https://ok.ru/videoembed/14528670665454
1629,14517396572910,movie,Sinbad: la leyenda de los siete mares,Sinbad: la leyenda de los siete mares (2003) [4K] [Español],,,,,,,,2003,,Animación,Aventura,4K,Español,false,1:25:28,5128,3494,catalogo_files/i_660_AN8C.webp,https://ok.ru/video/14517396572910,https://ok.ru/videoembed/14517396572910
1630,14521522129646,movie,101 Dálmatas,101 Dálmatas (1961) [4K] [Español],,,,,,,,1961,,Animación,Clásicos,4K,Español,false,1:16:09,4569,4657,catalogo_files/i_708_AN8C.webp,https://ok.ru/video/14521522129646,https://ok.ru/videoembed/14521522129646
1631,14520442358510,movie,El Lórax,El Lórax (2012) [4K] [Español],,,,,,,,2012,,Animación,Infantil,4K,Español,false,1:26:19,5179,2894,catalogo_files/i_114_AN8C.webp,https://ok.ru/video/14520442358510,https://ok.ru/videoembed/14520442358510
1632,14513146563310,movie,Suisei no Gargantia,Suisei no Gargantia (2013) [1080p] [Sub Español],,,,,,,,2013,,Anime,Ciencia Ficción,1080p,Español,true,7:42:37,27757,1523,catalogo_files/i_356_AN8C.webp,https://ok.ru/video/14513146563310,https://ok.ru/videoembed/14513146563310
1633,14513146497774,movie,Prison School,Prison School (2015) [1080p] [Sub Español],,,,,,,,2015,,Anime,Comedia,1080p,Español,true,5:21:58,19318,1689,catalogo_files/i_551_AN8C.webp,https://ok.ru/video/14513146497774,https://ok.ru/videoembed/14513146497774
1634,14495178164974,episode,Episodio 1,High School DxD - Temporada 1 (2012) [1080p] [Sub Español],high-school-dxd,High School DxD,1,,1,0,1772,2012,,Anime,Acción,1080p,Español,true,5:54:29,1772,4479,catalogo_files/i_270_AN8C.webp,https://ok.ru/video/14495178164974,https://ok.ru/videoembed/14495178164974
1635,14495178164974,episode,Episodio 2,High School DxD - Temporada 1 (2012) [1080p] [Sub Español],high-school-dxd,High School DxD,1,,2,1772,3545,2012,,Anime,Acción,1080p,Español,true,5:54:29,1773,4479,catalogo_files/i_270_AN8C.webp,https://ok.ru/video/14495178164974,https://ok.ru/videoembed/14495178164974
1636,14495178164974,episode,Episodio 3,High School DxD - Temporada 1 (2012) [1080p] [Sub Español],high-school-dxd,High School DxD,1,,3,3545,5317,2012,,Anime,Acción,1080p,Español,true,5:54:29,1772,4479,catalogo_files/i_270_AN8C.webp,https://ok.ru/video/14495178164974,https://ok.ru/videoembed/14495178164974
1637,14495178164974,episode,Episodio 4,High School DxD - Temporada 1 (2012) [1080p] [Sub Español],high-school-dxd,High School DxD,1,,4,5317,7090,2012,,Anime,Acción,1080p,Español,true,5:54:29,1773,4479,catalogo_files/i_270_AN8C.webp,https://ok.ru/video/14495178164974,https://ok.ru/videoembed/14495178164974
1638,14495178164974,episode,Episodio 5,High School DxD - Temporada 1 (2012) [1080p] [Sub Español],high-school-dxd,High School DxD,1,,5,7090,8862,2012,,Anime,Acción,1080p,Español,true,5:54:29,1772,4479,catalogo_files/i_270_AN8C.webp,https://ok.ru/video/14495178164974,https://ok.ru/videoembed/14495178164974
1639,14495178164974,episode,Episodio 6,High School DxD - Temporada 1 (2012) [1080p] [Sub Español],high-school-dxd,High School DxD,1,,6,8862,10634,2012,,Anime,Acción,1080p,Español,true,5:54:29,1772,4479,catalogo_files/i_270_AN8C.webp,https://ok.ru/video/14495178164974,https://ok.ru/videoembed/14495178164974
1640,14495178164974,episode,Episodio 7,High School DxD - Temporada 1 (2012) [1080p] [Sub Español],high-school-dxd,High School DxD,1,,7,10634,12407,2012,,Anime,Acción,1080p,Español,true,5:54:29,1773,4479,catalogo_files/i_270_AN8C.webp,https://ok.ru/video/14495178164974,https://ok.ru/videoembed/14495178164974
1641,14495178164974,episode,Episodio 8,High School DxD - Temporada 1 (2012) [1080p] [Sub Español],high-school-dxd,High School DxD,1,,8,12407,14179,2012,,Anime,Acción,1080p,Español,true,5:54:29,1772,4479,catalogo_files/i_270_AN8C.webp,https://ok.ru/video/14495178164974,https://ok.ru/videoembed/14495178164974
1642,14495178164974,episode,Episodio 9,High School DxD - Temporada 1 (2012) [1080p] [Sub Español],high-school-dxd,High School DxD,1,,9,14179,15952,2012,,Anime,Acción,1080p,Español,true,5:54:29,1773,4479,catalogo_files/i_270_AN8C.webp,https://ok.ru/video/14495178164974,https://ok.ru/videoembed/14495178164974
1643,14495178164974,episode,Episodio 10,High School DxD - Temporada 1 (2012) [1080p] [Sub Español],high-school-dxd,High School DxD,1,,10,15952,17724,2012,,Anime,Acción,1080p,Español,true,5:54:29,1772,4479,catalogo_files/i_270_AN8C.webp,https://ok.ru/video/14495178164974,https://ok.ru/videoembed/14495178164974
1644,14495178164974,episode,Episodio 11,High School DxD - Temporada 1 (2012) [1080p] [Sub Español],high-school-dxd,High School DxD,1,,11,17724,19497,2012,,Anime,Acción,1080p,Español,true,5:54:29,1773,4479,catalogo_files/i_270_AN8C.webp,https://ok.ru/video/14495178164974,https://ok.ru/videoembed/14495178164974
1645,14495178164974,episode,Episodio 12,High School DxD - Temporada 1 (2012) [1080p] [Sub Español],high-school-dxd,High School DxD,1,,12,19497,,2012,,Anime,Acción,1080p,Español,true,5:54:29,1772,4479,catalogo_files/i_270_AN8C.webp,https://ok.ru/video/14495178164974,https://ok.ru/videoembed/14495178164974
1646,14495178099438,movie,Air Gear,Air Gear (2006) [1080p] [Sub Español],,,,,,,,2006,,Anime,Acción,1080p,Español,true,10:23:21,37401,1386,catalogo_files/i_469_AN8C.webp,https://ok.ru/video/14495178099438,https://ok.ru/videoembed/14495178099438
1647,14455971187438,movie,El león no es como lo pintan,El león no es como lo pintan (2021) [1080p] [Sub Español],,,,,,,,2021,,Drama,,1080p,Español,true,1:44:04,6244,2123,catalogo_files/i_552_AN8C.webp,https://ok.ru/video/14455971187438,https://ok.ru/videoembed/14455971187438
1648,14480387672814,movie,Darling in the FranXX,Darling in the FranXX (2018) [1080p] [Sub Español],,,,,,,,2018,,Anime,Ciencia Ficción,1080p,Español,true,9:36:48,34608,1340,catalogo_files/i_324_AN8C.webp,https://ok.ru/video/14480387672814,https://ok.ru/videoembed/14480387672814
1649,14450705173230,movie,Blue Gender,Blue Gender (1999) [1080p] [Sub Español],,,,,,,,1999,,Anime,Ciencia Ficción,1080p,Español,true,10:06:54,36414,2048,catalogo_files/i_043_AN8C.webp,https://ok.ru/video/14450705173230,https://ok.ru/videoembed/14450705173230
1650,14435538832110,movie,Nanny McPhee La nana mágica,Nanny McPhee La nana mágica (2005) [4K] [Español],,,,,,,,2005,,Fantasía,Comedia,4K,Español,false,1:38:37,5917,4799,catalogo_files/i_779_AN8C.webp,https://ok.ru/video/14435538832110,https://ok.ru/videoembed/14435538832110
1651,14435538766574,movie,Dave el Bárbaro,Dave el Bárbaro (2004) [1080p] [Español],,,,,,,,2004,,Animación,Comedia,1080p,Español,false,7:35:06,27306,1996,catalogo_files/i_405_AN8C.webp,https://ok.ru/video/14435538766574,https://ok.ru/videoembed/14435538766574
1652,14427422067438,movie,Milky☆Subway: The Galactic Limited Express,Milky☆Subway: The Galactic Limited Express (2025) [1080p] [Español],,,,,,,,2025,,Animación,Ciencia Ficción,1080p,Español,false,47:54,2874,1772,catalogo_files/i_700_AN8C.webp,https://ok.ru/video/14427422067438,https://ok.ru/videoembed/14427422067438
1653,14427084557038,movie,The Amazing Digital Circus: El último acto,The Amazing Digital Circus: El último acto (2026) [1080p] [Sub Español],,,,,,,,2026,,Animación,Comedia,1080p,Español,true,1:33:29,5609,57042,catalogo_files/i_190_AN8C.webp,https://ok.ru/video/14427084557038,https://ok.ru/videoembed/14427084557038
1654,14420369935086,episode,Episodio 1,Jimmy Neutrón: El niño genio - Temporada 1 [1080p] [Español],jimmy-neutron-el-nino-genio,Jimmy Neutrón: El niño genio,1,,1,0,1491,,,Animación,Infantil,1080p,Español,false,7:52:01,1491,2777,catalogo_files/i_320_AN8C.webp,https://ok.ru/video/14420369935086,https://ok.ru/videoembed/14420369935086
1655,14420369935086,episode,Episodio 2,Jimmy Neutrón: El niño genio - Temporada 1 [1080p] [Español],jimmy-neutron-el-nino-genio,Jimmy Neutrón: El niño genio,1,,2,1491,2981,,,Animación,Infantil,1080p,Español,false,7:52:01,1490,2777,catalogo_files/i_320_AN8C.webp,https://ok.ru/video/14420369935086,https://ok.ru/videoembed/14420369935086
1656,14420369935086,episode,Episodio 3,Jimmy Neutrón: El niño genio - Temporada 1 [1080p] [Español],jimmy-neutron-el-nino-genio,Jimmy Neutrón: El niño genio,1,,3,2981,4472,,,Animación,Infantil,1080p,Español,false,7:52:01,1491,2777,catalogo_files/i_320_AN8C.webp,https://ok.ru/video/14420369935086,https://ok.ru/videoembed/14420369935086
1657,14420369935086,episode,Episodio 4,Jimmy Neutrón: El niño genio - Temporada 1 [1080p] [Español],jimmy-neutron-el-nino-genio,Jimmy Neutrón: El niño genio,1,,4,4472,5962,,,Animación,Infantil,1080p,Español,false,7:52:01,1490,2777,catalogo_files/i_320_AN8C.webp,https://ok.ru/video/14420369935086,https://ok.ru/videoembed/14420369935086
1658,14420369935086,episode,Episodio 5,Jimmy Neutrón: El niño genio - Temporada 1 [1080p] [Español],jimmy-neutron-el-nino-genio,Jimmy Neutrón: El niño genio,1,,5,5962,7453,,,Animación,Infantil,1080p,Español,false,7:52:01,1491,2777,catalogo_files/i_320_AN8C.webp,https://ok.ru/video/14420369935086,https://ok.ru/videoembed/14420369935086
1659,14420369935086,episode,Episodio 6,Jimmy Neutrón: El niño genio - Temporada 1 [1080p] [Español],jimmy-neutron-el-nino-genio,Jimmy Neutrón: El niño genio,1,,6,7453,8943,,,Animación,Infantil,1080p,Español,false,7:52:01,1490,2777,catalogo_files/i_320_AN8C.webp,https://ok.ru/video/14420369935086,https://ok.ru/videoembed/14420369935086
1660,14420369935086,episode,Episodio 7,Jimmy Neutrón: El niño genio - Temporada 1 [1080p] [Español],jimmy-neutron-el-nino-genio,Jimmy Neutrón: El niño genio,1,,7,8943,10434,,,Animación,Infantil,1080p,Español,false,7:52:01,1491,2777,catalogo_files/i_320_AN8C.webp,https://ok.ru/video/14420369935086,https://ok.ru/videoembed/14420369935086
1661,14420369935086,episode,Episodio 8,Jimmy Neutrón: El niño genio - Temporada 1 [1080p] [Español],jimmy-neutron-el-nino-genio,Jimmy Neutrón: El niño genio,1,,8,10434,11925,,,Animación,Infantil,1080p,Español,false,7:52:01,1491,2777,catalogo_files/i_320_AN8C.webp,https://ok.ru/video/14420369935086,https://ok.ru/videoembed/14420369935086
1662,14420369935086,episode,Episodio 9,Jimmy Neutrón: El niño genio - Temporada 1 [1080p] [Español],jimmy-neutron-el-nino-genio,Jimmy Neutrón: El niño genio,1,,9,11925,13415,,,Animación,Infantil,1080p,Español,false,7:52:01,1490,2777,catalogo_files/i_320_AN8C.webp,https://ok.ru/video/14420369935086,https://ok.ru/videoembed/14420369935086
1663,14420369935086,episode,Episodio 10,Jimmy Neutrón: El niño genio - Temporada 1 [1080p] [Español],jimmy-neutron-el-nino-genio,Jimmy Neutrón: El niño genio,1,,10,13415,14906,,,Animación,Infantil,1080p,Español,false,7:52:01,1491,2777,catalogo_files/i_320_AN8C.webp,https://ok.ru/video/14420369935086,https://ok.ru/videoembed/14420369935086
1664,14420369935086,episode,Episodio 11,Jimmy Neutrón: El niño genio - Temporada 1 [1080p] [Español],jimmy-neutron-el-nino-genio,Jimmy Neutrón: El niño genio,1,,11,14906,16396,,,Animación,Infantil,1080p,Español,false,7:52:01,1490,2777,catalogo_files/i_320_AN8C.webp,https://ok.ru/video/14420369935086,https://ok.ru/videoembed/14420369935086
1665,14420369935086,episode,Episodio 12,Jimmy Neutrón: El niño genio - Temporada 1 [1080p] [Español],jimmy-neutron-el-nino-genio,Jimmy Neutrón: El niño genio,1,,12,16396,17887,,,Animación,Infantil,1080p,Español,false,7:52:01,1491,2777,catalogo_files/i_320_AN8C.webp,https://ok.ru/video/14420369935086,https://ok.ru/videoembed/14420369935086
1666,14420369935086,episode,Episodio 13,Jimmy Neutrón: El niño genio - Temporada 1 [1080p] [Español],jimmy-neutron-el-nino-genio,Jimmy Neutrón: El niño genio,1,,13,17887,19378,,,Animación,Infantil,1080p,Español,false,7:52:01,1491,2777,catalogo_files/i_320_AN8C.webp,https://ok.ru/video/14420369935086,https://ok.ru/videoembed/14420369935086
1667,14420369935086,episode,Episodio 14,Jimmy Neutrón: El niño genio - Temporada 1 [1080p] [Español],jimmy-neutron-el-nino-genio,Jimmy Neutrón: El niño genio,1,,14,19378,20868,,,Animación,Infantil,1080p,Español,false,7:52:01,1490,2777,catalogo_files/i_320_AN8C.webp,https://ok.ru/video/14420369935086,https://ok.ru/videoembed/14420369935086
1668,14420369935086,episode,Episodio 15,Jimmy Neutrón: El niño genio - Temporada 1 [1080p] [Español],jimmy-neutron-el-nino-genio,Jimmy Neutrón: El niño genio,1,,15,20868,22359,,,Animación,Infantil,1080p,Español,false,7:52:01,1491,2777,catalogo_files/i_320_AN8C.webp,https://ok.ru/video/14420369935086,https://ok.ru/videoembed/14420369935086
1669,14420369935086,episode,Episodio 16,Jimmy Neutrón: El niño genio - Temporada 1 [1080p] [Español],jimmy-neutron-el-nino-genio,Jimmy Neutrón: El niño genio,1,,16,22359,23849,,,Animación,Infantil,1080p,Español,false,7:52:01,1490,2777,catalogo_files/i_320_AN8C.webp,https://ok.ru/video/14420369935086,https://ok.ru/videoembed/14420369935086
1670,14420369935086,episode,Episodio 17,Jimmy Neutrón: El niño genio - Temporada 1 [1080p] [Español],jimmy-neutron-el-nino-genio,Jimmy Neutrón: El niño genio,1,,17,23849,25340,,,Animación,Infantil,1080p,Español,false,7:52:01,1491,2777,catalogo_files/i_320_AN8C.webp,https://ok.ru/video/14420369935086,https://ok.ru/videoembed/14420369935086
1671,14420369935086,episode,Episodio 18,Jimmy Neutrón: El niño genio - Temporada 1 [1080p] [Español],jimmy-neutron-el-nino-genio,Jimmy Neutrón: El niño genio,1,,18,25340,26830,,,Animación,Infantil,1080p,Español,false,7:52:01,1490,2777,catalogo_files/i_320_AN8C.webp,https://ok.ru/video/14420369935086,https://ok.ru/videoembed/14420369935086
1672,14420369935086,episode,Episodio 19,Jimmy Neutrón: El niño genio - Temporada 1 [1080p] [Español],jimmy-neutron-el-nino-genio,Jimmy Neutrón: El niño genio,1,,19,26830,,,,Animación,Infantil,1080p,Español,false,7:52:01,1491,2777,catalogo_files/i_320_AN8C.webp,https://ok.ru/video/14420369935086,https://ok.ru/videoembed/14420369935086
1673,14400712542958,episode,Episodio 1,Pucca - Temporada 1 (2006) [4K] [Español],pucca,Pucca,1,,1,0,1537,2006,,Animación,Infantil,4K,Español,false,11:06:03,1537,1821,catalogo_files/i_848_AN8C.webp,https://ok.ru/video/14400712542958,https://ok.ru/videoembed/14400712542958
1674,14400712542958,episode,Episodio 2,Pucca - Temporada 1 (2006) [4K] [Español],pucca,Pucca,1,,2,1537,3074,2006,,Animación,Infantil,4K,Español,false,11:06:03,1537,1821,catalogo_files/i_848_AN8C.webp,https://ok.ru/video/14400712542958,https://ok.ru/videoembed/14400712542958
1675,14400712542958,episode,Episodio 3,Pucca - Temporada 1 (2006) [4K] [Español],pucca,Pucca,1,,3,3074,4611,2006,,Animación,Infantil,4K,Español,false,11:06:03,1537,1821,catalogo_files/i_848_AN8C.webp,https://ok.ru/video/14400712542958,https://ok.ru/videoembed/14400712542958
1676,14400712542958,episode,Episodio 4,Pucca - Temporada 1 (2006) [4K] [Español],pucca,Pucca,1,,4,4611,6148,2006,,Animación,Infantil,4K,Español,false,11:06:03,1537,1821,catalogo_files/i_848_AN8C.webp,https://ok.ru/video/14400712542958,https://ok.ru/videoembed/14400712542958
1677,14400712542958,episode,Episodio 5,Pucca - Temporada 1 (2006) [4K] [Español],pucca,Pucca,1,,5,6148,7685,2006,,Animación,Infantil,4K,Español,false,11:06:03,1537,1821,catalogo_files/i_848_AN8C.webp,https://ok.ru/video/14400712542958,https://ok.ru/videoembed/14400712542958
1678,14400712542958,episode,Episodio 6,Pucca - Temporada 1 (2006) [4K] [Español],pucca,Pucca,1,,6,7685,9222,2006,,Animación,Infantil,4K,Español,false,11:06:03,1537,1821,catalogo_files/i_848_AN8C.webp,https://ok.ru/video/14400712542958,https://ok.ru/videoembed/14400712542958
1679,14400712542958,episode,Episodio 7,Pucca - Temporada 1 (2006) [4K] [Español],pucca,Pucca,1,,7,9222,10759,2006,,Animación,Infantil,4K,Español,false,11:06:03,1537,1821,catalogo_files/i_848_AN8C.webp,https://ok.ru/video/14400712542958,https://ok.ru/videoembed/14400712542958
1680,14400712542958,episode,Episodio 8,Pucca - Temporada 1 (2006) [4K] [Español],pucca,Pucca,1,,8,10759,12296,2006,,Animación,Infantil,4K,Español,false,11:06:03,1537,1821,catalogo_files/i_848_AN8C.webp,https://ok.ru/video/14400712542958,https://ok.ru/videoembed/14400712542958
1681,14400712542958,episode,Episodio 9,Pucca - Temporada 1 (2006) [4K] [Español],pucca,Pucca,1,,9,12296,13833,2006,,Animación,Infantil,4K,Español,false,11:06:03,1537,1821,catalogo_files/i_848_AN8C.webp,https://ok.ru/video/14400712542958,https://ok.ru/videoembed/14400712542958
1682,14400712542958,episode,Episodio 10,Pucca - Temporada 1 (2006) [4K] [Español],pucca,Pucca,1,,10,13833,15370,2006,,Animación,Infantil,4K,Español,false,11:06:03,1537,1821,catalogo_files/i_848_AN8C.webp,https://ok.ru/video/14400712542958,https://ok.ru/videoembed/14400712542958
1683,14400712542958,episode,Episodio 11,Pucca - Temporada 1 (2006) [4K] [Español],pucca,Pucca,1,,11,15370,16907,2006,,Animación,Infantil,4K,Español,false,11:06:03,1537,1821,catalogo_files/i_848_AN8C.webp,https://ok.ru/video/14400712542958,https://ok.ru/videoembed/14400712542958
1684,14400712542958,episode,Episodio 12,Pucca - Temporada 1 (2006) [4K] [Español],pucca,Pucca,1,,12,16907,18444,2006,,Animación,Infantil,4K,Español,false,11:06:03,1537,1821,catalogo_files/i_848_AN8C.webp,https://ok.ru/video/14400712542958,https://ok.ru/videoembed/14400712542958
1685,14400712542958,episode,Episodio 13,Pucca - Temporada 1 (2006) [4K] [Español],pucca,Pucca,1,,13,18444,19982,2006,,Animación,Infantil,4K,Español,false,11:06:03,1538,1821,catalogo_files/i_848_AN8C.webp,https://ok.ru/video/14400712542958,https://ok.ru/videoembed/14400712542958
1686,14400712542958,episode,Episodio 14,Pucca - Temporada 1 (2006) [4K] [Español],pucca,Pucca,1,,14,19982,21519,2006,,Animación,Infantil,4K,Español,false,11:06:03,1537,1821,catalogo_files/i_848_AN8C.webp,https://ok.ru/video/14400712542958,https://ok.ru/videoembed/14400712542958
1687,14400712542958,episode,Episodio 15,Pucca - Temporada 1 (2006) [4K] [Español],pucca,Pucca,1,,15,21519,23056,2006,,Animación,Infantil,4K,Español,false,11:06:03,1537,1821,catalogo_files/i_848_AN8C.webp,https://ok.ru/video/14400712542958,https://ok.ru/videoembed/14400712542958
1688,14400712542958,episode,Episodio 16,Pucca - Temporada 1 (2006) [4K] [Español],pucca,Pucca,1,,16,23056,24593,2006,,Animación,Infantil,4K,Español,false,11:06:03,1537,1821,catalogo_files/i_848_AN8C.webp,https://ok.ru/video/14400712542958,https://ok.ru/videoembed/14400712542958
1689,14400712542958,episode,Episodio 17,Pucca - Temporada 1 (2006) [4K] [Español],pucca,Pucca,1,,17,24593,26130,2006,,Animación,Infantil,4K,Español,false,11:06:03,1537,1821,catalogo_files/i_848_AN8C.webp,https://ok.ru/video/14400712542958,https://ok.ru/videoembed/14400712542958
1690,14400712542958,episode,Episodio 18,Pucca - Temporada 1 (2006) [4K] [Español],pucca,Pucca,1,,18,26130,27667,2006,,Animación,Infantil,4K,Español,false,11:06:03,1537,1821,catalogo_files/i_848_AN8C.webp,https://ok.ru/video/14400712542958,https://ok.ru/videoembed/14400712542958
1691,14400712542958,episode,Episodio 19,Pucca - Temporada 1 (2006) [4K] [Español],pucca,Pucca,1,,19,27667,29204,2006,,Animación,Infantil,4K,Español,false,11:06:03,1537,1821,catalogo_files/i_848_AN8C.webp,https://ok.ru/video/14400712542958,https://ok.ru/videoembed/14400712542958
1692,14400712542958,episode,Episodio 20,Pucca - Temporada 1 (2006) [4K] [Español],pucca,Pucca,1,,20,29204,30741,2006,,Animación,Infantil,4K,Español,false,11:06:03,1537,1821,catalogo_files/i_848_AN8C.webp,https://ok.ru/video/14400712542958,https://ok.ru/videoembed/14400712542958
1693,14400712542958,episode,Episodio 21,Pucca - Temporada 1 (2006) [4K] [Español],pucca,Pucca,1,,21,30741,32278,2006,,Animación,Infantil,4K,Español,false,11:06:03,1537,1821,catalogo_files/i_848_AN8C.webp,https://ok.ru/video/14400712542958,https://ok.ru/videoembed/14400712542958
1694,14400712542958,episode,Episodio 22,Pucca - Temporada 1 (2006) [4K] [Español],pucca,Pucca,1,,22,32278,33815,2006,,Animación,Infantil,4K,Español,false,11:06:03,1537,1821,catalogo_files/i_848_AN8C.webp,https://ok.ru/video/14400712542958,https://ok.ru/videoembed/14400712542958
1695,14400712542958,episode,Episodio 23,Pucca - Temporada 1 (2006) [4K] [Español],pucca,Pucca,1,,23,33815,35352,2006,,Animación,Infantil,4K,Español,false,11:06:03,1537,1821,catalogo_files/i_848_AN8C.webp,https://ok.ru/video/14400712542958,https://ok.ru/videoembed/14400712542958
1696,14400712542958,episode,Episodio 24,Pucca - Temporada 1 (2006) [4K] [Español],pucca,Pucca,1,,24,35352,36889,2006,,Animación,Infantil,4K,Español,false,11:06:03,1537,1821,catalogo_files/i_848_AN8C.webp,https://ok.ru/video/14400712542958,https://ok.ru/videoembed/14400712542958
1697,14400712542958,episode,Episodio 25,Pucca - Temporada 1 (2006) [4K] [Español],pucca,Pucca,1,,25,36889,38426,2006,,Animación,Infantil,4K,Español,false,11:06:03,1537,1821,catalogo_files/i_848_AN8C.webp,https://ok.ru/video/14400712542958,https://ok.ru/videoembed/14400712542958
1698,14400712542958,episode,Episodio 26,Pucca - Temporada 1 (2006) [4K] [Español],pucca,Pucca,1,,26,38426,,2006,,Animación,Infantil,4K,Español,false,11:06:03,1537,1821,catalogo_files/i_848_AN8C.webp,https://ok.ru/video/14400712542958,https://ok.ru/videoembed/14400712542958
1699,14406783929070,movie,El caldero mágico,El caldero mágico (1985) [4K] [Español],,,,,,,,1985,,Animación,Fantasía,4K,Español,false,1:20:05,4805,1990,catalogo_files/i_316_AN8C.webp,https://ok.ru/video/14406783929070,https://ok.ru/videoembed/14406783929070
1700,14398744169198,movie,Los Caballeros del Zodiaco,Los Caballeros del Zodiaco (1986) [1080p] [Español],,,,,,,,1986,,Anime,Acción,1080p,Español,false,46:03:17,165797,4122,catalogo_files/i_030_AN8C.webp,https://ok.ru/video/14398744169198,https://ok.ru/videoembed/14398744169198
1701,14376534149870,movie,Los años pantanosos de Kermit,Los años pantanosos de Kermit (2002) [1080p] [Español],,,,,,,,2002,,Comedia,Infantil,1080p,Español,false,1:21:59,4919,1517,catalogo_files/i_778_AN8C.webp,https://ok.ru/video/14376534149870,https://ok.ru/videoembed/14376534149870
1702,14384151792366,movie,Tetsuwan Birdy: Decode,Tetsuwan Birdy: Decode (2008) [1080p] [Sub Español],,,,,,,,2008,,Anime,Ciencia Ficción,1080p,Español,true,5:07:22,18442,1571,catalogo_files/i_144_AN8C.webp,https://ok.ru/video/14384151792366,https://ok.ru/videoembed/14384151792366
1703,14368310364910,movie,Mighty Space Miners,Mighty Space Miners (1994) [1080p] [Sub Español],,,,,,,,1994,,Animación,Infantil,1080p,Español,true,51:46,3106,1728,catalogo_files/i_197_AN8C.webp,https://ok.ru/video/14368310364910,https://ok.ru/videoembed/14368310364910
1704,14368047696622,movie,Casper y la mágica Wendy,Casper y la mágica Wendy (1998) [1080p] [Español],,,,,,,,1998,,Animación,Infantil,1080p,Español,false,1:34:18,5658,1552,catalogo_files/i_057_AN8C.webp,https://ok.ru/video/14368047696622,https://ok.ru/videoembed/14368047696622
1705,14365096807150,movie,Grey: Objetivo Digital,Grey: Objetivo Digital (1986) [1080p] [Sub Español],,,,,,,,1986,,Anime,Ciencia Ficción,1080p,Español,true,1:14:36,4476,1719,catalogo_files/i_742_AN8C.webp,https://ok.ru/video/14365096807150,https://ok.ru/videoembed/14365096807150
1706,14364448393966,movie,Vampire Wars,Vampire Wars (1990) [4K] [Sub Español],,,,,,,,1990,,Anime,Terror,4K,Español,true,52:34,3154,1597,catalogo_files/i_202_AN8C.webp,https://ok.ru/video/14364448393966,https://ok.ru/videoembed/14364448393966
1707,14353957718766,movie,Film noir,Film noir (2007) [1080p] [Sub Español],,,,,,,,2007,,Comedia,,1080p,Español,true,1:36:01,5761,1699,catalogo_files/i_107_AN8C.webp,https://ok.ru/video/14353957718766,https://ok.ru/videoembed/14353957718766
1708,14346295446254,movie,Sol Bianca,Sol Bianca (1990) [1080p] [Sub Español],,,,,,,,1990,,Anime,Ciencia Ficción,1080p,Español,true,1:34:15,5655,1491,catalogo_files/i_759_AN8C.webp,https://ok.ru/video/14346295446254,https://ok.ru/videoembed/14346295446254
1709,14349054511854,movie,Dokuro-Chan,Dokuro-Chan (2005) [1080p] [Sub Español],,,,,,,,2005,,Anime,Comedia,1080p,Español,true,1:46:44,6404,1413,catalogo_files/i_856_AN8C.webp,https://ok.ru/video/14349054511854,https://ok.ru/videoembed/14349054511854
1710,14346295315182,movie,Air Master,Air Master (2003) [1080p] [Sub Español],,,,,,,,2003,,Anime,Acción,1080p,Español,true,10:46:06,38766,1368,catalogo_files/i_538_AN8C.webp,https://ok.ru/video/14346295315182,https://ok.ru/videoembed/14346295315182
1711,14328363027182,movie,Kenichi: El discípulo más fuerte,Kenichi: El discípulo más fuerte (2006) [1080p] [Español],,,,,,,,2006,,Anime,Acción,1080p,Español,false,20:28:05,73685,1459,catalogo_files/i_797_AN8C.webp,https://ok.ru/video/14328363027182,https://ok.ru/videoembed/14328363027182
1712,14287646231278,movie,Oruchuban Ebichu,Oruchuban Ebichu (1999) [1080p] [Sub Español],,,,,,,,1999,,Anime,Comedia,1080p,Español,true,4:00:37,14437,2350,catalogo_files/i_267_AN8C.webp,https://ok.ru/video/14287646231278,https://ok.ru/videoembed/14287646231278
1713,14285478497006,movie,Planeta desconocido,Planeta desconocido (2019) [1080p] [Español],,,,,,,,2019,,Ciencia Ficción,Documental,1080p,Español,false,1:29:42,5382,1726,catalogo_files/i_AN8C.webp,https://ok.ru/video/14285478497006,https://ok.ru/videoembed/14285478497006
1714,14270841162478,episode,Episodio 1,Temporada 2: Invincible [4K] [Español],invincible,Invincible,2,,1,0,3015,,,Superhéroes,Animación,4K,Español,false,6:42:02,3015,5206,catalogo_files/i_754_AN8C.webp,https://ok.ru/video/14270841162478,https://ok.ru/videoembed/14270841162478
1715,14270841162478,episode,Episodio 2,Temporada 2: Invincible [4K] [Español],invincible,Invincible,2,,2,3015,6030,,,Superhéroes,Animación,4K,Español,false,6:42:02,3015,5206,catalogo_files/i_754_AN8C.webp,https://ok.ru/video/14270841162478,https://ok.ru/videoembed/14270841162478
1716,14270841162478,episode,Episodio 3,Temporada 2: Invincible [4K] [Español],invincible,Invincible,2,,3,6030,9046,,,Superhéroes,Animación,4K,Español,false,6:42:02,3016,5206,catalogo_files/i_754_AN8C.webp,https://ok.ru/video/14270841162478,https://ok.ru/videoembed/14270841162478
1717,14270841162478,episode,Episodio 4,Temporada 2: Invincible [4K] [Español],invincible,Invincible,2,,4,9046,12061,,,Superhéroes,Animación,4K,Español,false,6:42:02,3015,5206,catalogo_files/i_754_AN8C.webp,https://ok.ru/video/14270841162478,https://ok.ru/videoembed/14270841162478
1718,14270841162478,episode,Episodio 5,Temporada 2: Invincible [4K] [Español],invincible,Invincible,2,,5,12061,15076,,,Superhéroes,Animación,4K,Español,false,6:42:02,3015,5206,catalogo_files/i_754_AN8C.webp,https://ok.ru/video/14270841162478,https://ok.ru/videoembed/14270841162478
1719,14270841162478,episode,Episodio 6,Temporada 2: Invincible [4K] [Español],invincible,Invincible,2,,6,15076,18092,,,Superhéroes,Animación,4K,Español,false,6:42:02,3016,5206,catalogo_files/i_754_AN8C.webp,https://ok.ru/video/14270841162478,https://ok.ru/videoembed/14270841162478
1720,14270841162478,episode,Episodio 7,Temporada 2: Invincible [4K] [Español],invincible,Invincible,2,,7,18092,21107,,,Superhéroes,Animación,4K,Español,false,6:42:02,3015,5206,catalogo_files/i_754_AN8C.webp,https://ok.ru/video/14270841162478,https://ok.ru/videoembed/14270841162478
1721,14270841162478,episode,Episodio 8,Temporada 2: Invincible [4K] [Español],invincible,Invincible,2,,8,21107,,,,Superhéroes,Animación,4K,Español,false,6:42:02,3015,5206,catalogo_files/i_754_AN8C.webp,https://ok.ru/video/14270841162478,https://ok.ru/videoembed/14270841162478
1722,14263813278446,movie,La Tragedia del Hombre,La Tragedia del Hombre (2011) [1080p] [Sub Español],,,,,,,,2011,,Animación,Drama,1080p,Español,true,2:46:01,9961,1674,catalogo_files/i_161_AN8C.webp,https://ok.ru/video/14263813278446,https://ok.ru/videoembed/14263813278446
1723,14271154096878,movie,Full Metal Panic? Fumoffu,Full Metal Panic? Fumoffu (2003) [1080p] [Español],,,,,,,,2003,,Anime,Comedia,1080p,Español,false,4:42:40,16960,2042,catalogo_files/i_873_AN8C.webp,https://ok.ru/video/14271154096878,https://ok.ru/videoembed/14271154096878
1724,14232022420206,movie,Trigun,Trigun (1998) [1080p] [Español],,,,,,,,1998,,Anime,Acción,1080p,Español,false,10:40:39,38439,2123,catalogo_files/i_793_AN8C.webp,https://ok.ru/video/14232022420206,https://ok.ru/videoembed/14232022420206
1725,14221922732782,movie,Cowboy Bebop,Cowboy Bebop (1998) [1080p] [Español],,,,,,,,1998,,Anime,Ciencia Ficción,1080p,Español,false,9:02:39,32559,6682,catalogo_files/i_846_AN8C.webp,https://ok.ru/video/14221922732782,https://ok.ru/videoembed/14221922732782
1726,14208264768238,episode,Episodio 1,Digimon Adventure - Temporada 1 (1999) [1080p] [Español],digimon-adventure,Digimon Adventure,1,,1,0,1386,1999,,Anime,Aventura,1080p,Español,false,20:46:57,1386,3813,catalogo_files/i_382_AN8C.webp,https://ok.ru/video/14208264768238,https://ok.ru/videoembed/14208264768238
1727,14208264768238,episode,Episodio 2,Digimon Adventure - Temporada 1 (1999) [1080p] [Español],digimon-adventure,Digimon Adventure,1,,2,1386,2771,1999,,Anime,Aventura,1080p,Español,false,20:46:57,1385,3813,catalogo_files/i_382_AN8C.webp,https://ok.ru/video/14208264768238,https://ok.ru/videoembed/14208264768238
1728,14208264768238,episode,Episodio 3,Digimon Adventure - Temporada 1 (1999) [1080p] [Español],digimon-adventure,Digimon Adventure,1,,3,2771,4156,1999,,Anime,Aventura,1080p,Español,false,20:46:57,1385,3813,catalogo_files/i_382_AN8C.webp,https://ok.ru/video/14208264768238,https://ok.ru/videoembed/14208264768238
1729,14208264768238,episode,Episodio 4,Digimon Adventure - Temporada 1 (1999) [1080p] [Español],digimon-adventure,Digimon Adventure,1,,4,4156,5542,1999,,Anime,Aventura,1080p,Español,false,20:46:57,1386,3813,catalogo_files/i_382_AN8C.webp,https://ok.ru/video/14208264768238,https://ok.ru/videoembed/14208264768238
1730,14208264768238,episode,Episodio 5,Digimon Adventure - Temporada 1 (1999) [1080p] [Español],digimon-adventure,Digimon Adventure,1,,5,5542,6928,1999,,Anime,Aventura,1080p,Español,false,20:46:57,1386,3813,catalogo_files/i_382_AN8C.webp,https://ok.ru/video/14208264768238,https://ok.ru/videoembed/14208264768238
1731,14208264768238,episode,Episodio 6,Digimon Adventure - Temporada 1 (1999) [1080p] [Español],digimon-adventure,Digimon Adventure,1,,6,6928,8313,1999,,Anime,Aventura,1080p,Español,false,20:46:57,1385,3813,catalogo_files/i_382_AN8C.webp,https://ok.ru/video/14208264768238,https://ok.ru/videoembed/14208264768238
1732,14208264768238,episode,Episodio 7,Digimon Adventure - Temporada 1 (1999) [1080p] [Español],digimon-adventure,Digimon Adventure,1,,7,8313,9698,1999,,Anime,Aventura,1080p,Español,false,20:46:57,1385,3813,catalogo_files/i_382_AN8C.webp,https://ok.ru/video/14208264768238,https://ok.ru/videoembed/14208264768238
1733,14208264768238,episode,Episodio 8,Digimon Adventure - Temporada 1 (1999) [1080p] [Español],digimon-adventure,Digimon Adventure,1,,8,9698,11084,1999,,Anime,Aventura,1080p,Español,false,20:46:57,1386,3813,catalogo_files/i_382_AN8C.webp,https://ok.ru/video/14208264768238,https://ok.ru/videoembed/14208264768238
1734,14208264768238,episode,Episodio 9,Digimon Adventure - Temporada 1 (1999) [1080p] [Español],digimon-adventure,Digimon Adventure,1,,9,11084,12470,1999,,Anime,Aventura,1080p,Español,false,20:46:57,1386,3813,catalogo_files/i_382_AN8C.webp,https://ok.ru/video/14208264768238,https://ok.ru/videoembed/14208264768238
1735,14208264768238,episode,Episodio 10,Digimon Adventure - Temporada 1 (1999) [1080p] [Español],digimon-adventure,Digimon Adventure,1,,10,12470,13855,1999,,Anime,Aventura,1080p,Español,false,20:46:57,1385,3813,catalogo_files/i_382_AN8C.webp,https://ok.ru/video/14208264768238,https://ok.ru/videoembed/14208264768238
1736,14208264768238,episode,Episodio 11,Digimon Adventure - Temporada 1 (1999) [1080p] [Español],digimon-adventure,Digimon Adventure,1,,11,13855,15240,1999,,Anime,Aventura,1080p,Español,false,20:46:57,1385,3813,catalogo_files/i_382_AN8C.webp,https://ok.ru/video/14208264768238,https://ok.ru/videoembed/14208264768238
1737,14208264768238,episode,Episodio 12,Digimon Adventure - Temporada 1 (1999) [1080p] [Español],digimon-adventure,Digimon Adventure,1,,12,15240,16626,1999,,Anime,Aventura,1080p,Español,false,20:46:57,1386,3813,catalogo_files/i_382_AN8C.webp,https://ok.ru/video/14208264768238,https://ok.ru/videoembed/14208264768238
1738,14208264768238,episode,Episodio 13,Digimon Adventure - Temporada 1 (1999) [1080p] [Español],digimon-adventure,Digimon Adventure,1,,13,16626,18012,1999,,Anime,Aventura,1080p,Español,false,20:46:57,1386,3813,catalogo_files/i_382_AN8C.webp,https://ok.ru/video/14208264768238,https://ok.ru/videoembed/14208264768238
1739,14208264768238,episode,Episodio 14,Digimon Adventure - Temporada 1 (1999) [1080p] [Español],digimon-adventure,Digimon Adventure,1,,14,18012,19397,1999,,Anime,Aventura,1080p,Español,false,20:46:57,1385,3813,catalogo_files/i_382_AN8C.webp,https://ok.ru/video/14208264768238,https://ok.ru/videoembed/14208264768238
1740,14208264768238,episode,Episodio 15,Digimon Adventure - Temporada 1 (1999) [1080p] [Español],digimon-adventure,Digimon Adventure,1,,15,19397,20782,1999,,Anime,Aventura,1080p,Español,false,20:46:57,1385,3813,catalogo_files/i_382_AN8C.webp,https://ok.ru/video/14208264768238,https://ok.ru/videoembed/14208264768238
1741,14208264768238,episode,Episodio 16,Digimon Adventure - Temporada 1 (1999) [1080p] [Español],digimon-adventure,Digimon Adventure,1,,16,20782,22168,1999,,Anime,Aventura,1080p,Español,false,20:46:57,1386,3813,catalogo_files/i_382_AN8C.webp,https://ok.ru/video/14208264768238,https://ok.ru/videoembed/14208264768238
1742,14208264768238,episode,Episodio 17,Digimon Adventure - Temporada 1 (1999) [1080p] [Español],digimon-adventure,Digimon Adventure,1,,17,22168,23554,1999,,Anime,Aventura,1080p,Español,false,20:46:57,1386,3813,catalogo_files/i_382_AN8C.webp,https://ok.ru/video/14208264768238,https://ok.ru/videoembed/14208264768238
1743,14208264768238,episode,Episodio 18,Digimon Adventure - Temporada 1 (1999) [1080p] [Español],digimon-adventure,Digimon Adventure,1,,18,23554,24939,1999,,Anime,Aventura,1080p,Español,false,20:46:57,1385,3813,catalogo_files/i_382_AN8C.webp,https://ok.ru/video/14208264768238,https://ok.ru/videoembed/14208264768238
1744,14208264768238,episode,Episodio 19,Digimon Adventure - Temporada 1 (1999) [1080p] [Español],digimon-adventure,Digimon Adventure,1,,19,24939,26324,1999,,Anime,Aventura,1080p,Español,false,20:46:57,1385,3813,catalogo_files/i_382_AN8C.webp,https://ok.ru/video/14208264768238,https://ok.ru/videoembed/14208264768238
1745,14208264768238,episode,Episodio 20,Digimon Adventure - Temporada 1 (1999) [1080p] [Español],digimon-adventure,Digimon Adventure,1,,20,26324,27710,1999,,Anime,Aventura,1080p,Español,false,20:46:57,1386,3813,catalogo_files/i_382_AN8C.webp,https://ok.ru/video/14208264768238,https://ok.ru/videoembed/14208264768238
1746,14208264768238,episode,Episodio 21,Digimon Adventure - Temporada 1 (1999) [1080p] [Español],digimon-adventure,Digimon Adventure,1,,21,27710,29096,1999,,Anime,Aventura,1080p,Español,false,20:46:57,1386,3813,catalogo_files/i_382_AN8C.webp,https://ok.ru/video/14208264768238,https://ok.ru/videoembed/14208264768238
1747,14208264768238,episode,Episodio 22,Digimon Adventure - Temporada 1 (1999) [1080p] [Español],digimon-adventure,Digimon Adventure,1,,22,29096,30481,1999,,Anime,Aventura,1080p,Español,false,20:46:57,1385,3813,catalogo_files/i_382_AN8C.webp,https://ok.ru/video/14208264768238,https://ok.ru/videoembed/14208264768238
1748,14208264768238,episode,Episodio 23,Digimon Adventure - Temporada 1 (1999) [1080p] [Español],digimon-adventure,Digimon Adventure,1,,23,30481,31866,1999,,Anime,Aventura,1080p,Español,false,20:46:57,1385,3813,catalogo_files/i_382_AN8C.webp,https://ok.ru/video/14208264768238,https://ok.ru/videoembed/14208264768238
1749,14208264768238,episode,Episodio 24,Digimon Adventure - Temporada 1 (1999) [1080p] [Español],digimon-adventure,Digimon Adventure,1,,24,31866,33252,1999,,Anime,Aventura,1080p,Español,false,20:46:57,1386,3813,catalogo_files/i_382_AN8C.webp,https://ok.ru/video/14208264768238,https://ok.ru/videoembed/14208264768238
1750,14208264768238,episode,Episodio 25,Digimon Adventure - Temporada 1 (1999) [1080p] [Español],digimon-adventure,Digimon Adventure,1,,25,33252,34638,1999,,Anime,Aventura,1080p,Español,false,20:46:57,1386,3813,catalogo_files/i_382_AN8C.webp,https://ok.ru/video/14208264768238,https://ok.ru/videoembed/14208264768238
1751,14208264768238,episode,Episodio 26,Digimon Adventure - Temporada 1 (1999) [1080p] [Español],digimon-adventure,Digimon Adventure,1,,26,34638,36023,1999,,Anime,Aventura,1080p,Español,false,20:46:57,1385,3813,catalogo_files/i_382_AN8C.webp,https://ok.ru/video/14208264768238,https://ok.ru/videoembed/14208264768238
1752,14208264768238,episode,Episodio 27,Digimon Adventure - Temporada 1 (1999) [1080p] [Español],digimon-adventure,Digimon Adventure,1,,27,36023,37408,1999,,Anime,Aventura,1080p,Español,false,20:46:57,1385,3813,catalogo_files/i_382_AN8C.webp,https://ok.ru/video/14208264768238,https://ok.ru/videoembed/14208264768238
1753,14208264768238,episode,Episodio 28,Digimon Adventure - Temporada 1 (1999) [1080p] [Español],digimon-adventure,Digimon Adventure,1,,28,37408,38794,1999,,Anime,Aventura,1080p,Español,false,20:46:57,1386,3813,catalogo_files/i_382_AN8C.webp,https://ok.ru/video/14208264768238,https://ok.ru/videoembed/14208264768238
1754,14208264768238,episode,Episodio 29,Digimon Adventure - Temporada 1 (1999) [1080p] [Español],digimon-adventure,Digimon Adventure,1,,29,38794,40180,1999,,Anime,Aventura,1080p,Español,false,20:46:57,1386,3813,catalogo_files/i_382_AN8C.webp,https://ok.ru/video/14208264768238,https://ok.ru/videoembed/14208264768238
1755,14208264768238,episode,Episodio 30,Digimon Adventure - Temporada 1 (1999) [1080p] [Español],digimon-adventure,Digimon Adventure,1,,30,40180,41565,1999,,Anime,Aventura,1080p,Español,false,20:46:57,1385,3813,catalogo_files/i_382_AN8C.webp,https://ok.ru/video/14208264768238,https://ok.ru/videoembed/14208264768238
1756,14208264768238,episode,Episodio 31,Digimon Adventure - Temporada 1 (1999) [1080p] [Español],digimon-adventure,Digimon Adventure,1,,31,41565,42950,1999,,Anime,Aventura,1080p,Español,false,20:46:57,1385,3813,catalogo_files/i_382_AN8C.webp,https://ok.ru/video/14208264768238,https://ok.ru/videoembed/14208264768238
1757,14208264768238,episode,Episodio 32,Digimon Adventure - Temporada 1 (1999) [1080p] [Español],digimon-adventure,Digimon Adventure,1,,32,42950,44336,1999,,Anime,Aventura,1080p,Español,false,20:46:57,1386,3813,catalogo_files/i_382_AN8C.webp,https://ok.ru/video/14208264768238,https://ok.ru/videoembed/14208264768238
1758,14208264768238,episode,Episodio 33,Digimon Adventure - Temporada 1 (1999) [1080p] [Español],digimon-adventure,Digimon Adventure,1,,33,44336,45722,1999,,Anime,Aventura,1080p,Español,false,20:46:57,1386,3813,catalogo_files/i_382_AN8C.webp,https://ok.ru/video/14208264768238,https://ok.ru/videoembed/14208264768238
1759,14208264768238,episode,Episodio 34,Digimon Adventure - Temporada 1 (1999) [1080p] [Español],digimon-adventure,Digimon Adventure,1,,34,45722,47107,1999,,Anime,Aventura,1080p,Español,false,20:46:57,1385,3813,catalogo_files/i_382_AN8C.webp,https://ok.ru/video/14208264768238,https://ok.ru/videoembed/14208264768238
1760,14208264768238,episode,Episodio 35,Digimon Adventure - Temporada 1 (1999) [1080p] [Español],digimon-adventure,Digimon Adventure,1,,35,47107,48492,1999,,Anime,Aventura,1080p,Español,false,20:46:57,1385,3813,catalogo_files/i_382_AN8C.webp,https://ok.ru/video/14208264768238,https://ok.ru/videoembed/14208264768238
1761,14208264768238,episode,Episodio 36,Digimon Adventure - Temporada 1 (1999) [1080p] [Español],digimon-adventure,Digimon Adventure,1,,36,48492,49878,1999,,Anime,Aventura,1080p,Español,false,20:46:57,1386,3813,catalogo_files/i_382_AN8C.webp,https://ok.ru/video/14208264768238,https://ok.ru/videoembed/14208264768238
1762,14208264768238,episode,Episodio 37,Digimon Adventure - Temporada 1 (1999) [1080p] [Español],digimon-adventure,Digimon Adventure,1,,37,49878,51264,1999,,Anime,Aventura,1080p,Español,false,20:46:57,1386,3813,catalogo_files/i_382_AN8C.webp,https://ok.ru/video/14208264768238,https://ok.ru/videoembed/14208264768238
1763,14208264768238,episode,Episodio 38,Digimon Adventure - Temporada 1 (1999) [1080p] [Español],digimon-adventure,Digimon Adventure,1,,38,51264,52649,1999,,Anime,Aventura,1080p,Español,false,20:46:57,1385,3813,catalogo_files/i_382_AN8C.webp,https://ok.ru/video/14208264768238,https://ok.ru/videoembed/14208264768238
1764,14208264768238,episode,Episodio 39,Digimon Adventure - Temporada 1 (1999) [1080p] [Español],digimon-adventure,Digimon Adventure,1,,39,52649,54034,1999,,Anime,Aventura,1080p,Español,false,20:46:57,1385,3813,catalogo_files/i_382_AN8C.webp,https://ok.ru/video/14208264768238,https://ok.ru/videoembed/14208264768238
1765,14208264768238,episode,Episodio 40,Digimon Adventure - Temporada 1 (1999) [1080p] [Español],digimon-adventure,Digimon Adventure,1,,40,54034,55420,1999,,Anime,Aventura,1080p,Español,false,20:46:57,1386,3813,catalogo_files/i_382_AN8C.webp,https://ok.ru/video/14208264768238,https://ok.ru/videoembed/14208264768238
1766,14208264768238,episode,Episodio 41,Digimon Adventure - Temporada 1 (1999) [1080p] [Español],digimon-adventure,Digimon Adventure,1,,41,55420,56806,1999,,Anime,Aventura,1080p,Español,false,20:46:57,1386,3813,catalogo_files/i_382_AN8C.webp,https://ok.ru/video/14208264768238,https://ok.ru/videoembed/14208264768238
1767,14208264768238,episode,Episodio 42,Digimon Adventure - Temporada 1 (1999) [1080p] [Español],digimon-adventure,Digimon Adventure,1,,42,56806,58191,1999,,Anime,Aventura,1080p,Español,false,20:46:57,1385,3813,catalogo_files/i_382_AN8C.webp,https://ok.ru/video/14208264768238,https://ok.ru/videoembed/14208264768238
1768,14208264768238,episode,Episodio 43,Digimon Adventure - Temporada 1 (1999) [1080p] [Español],digimon-adventure,Digimon Adventure,1,,43,58191,59576,1999,,Anime,Aventura,1080p,Español,false,20:46:57,1385,3813,catalogo_files/i_382_AN8C.webp,https://ok.ru/video/14208264768238,https://ok.ru/videoembed/14208264768238
1769,14208264768238,episode,Episodio 44,Digimon Adventure - Temporada 1 (1999) [1080p] [Español],digimon-adventure,Digimon Adventure,1,,44,59576,60962,1999,,Anime,Aventura,1080p,Español,false,20:46:57,1386,3813,catalogo_files/i_382_AN8C.webp,https://ok.ru/video/14208264768238,https://ok.ru/videoembed/14208264768238
1770,14208264768238,episode,Episodio 45,Digimon Adventure - Temporada 1 (1999) [1080p] [Español],digimon-adventure,Digimon Adventure,1,,45,60962,62348,1999,,Anime,Aventura,1080p,Español,false,20:46:57,1386,3813,catalogo_files/i_382_AN8C.webp,https://ok.ru/video/14208264768238,https://ok.ru/videoembed/14208264768238
1771,14208264768238,episode,Episodio 46,Digimon Adventure - Temporada 1 (1999) [1080p] [Español],digimon-adventure,Digimon Adventure,1,,46,62348,63733,1999,,Anime,Aventura,1080p,Español,false,20:46:57,1385,3813,catalogo_files/i_382_AN8C.webp,https://ok.ru/video/14208264768238,https://ok.ru/videoembed/14208264768238
1772,14208264768238,episode,Episodio 47,Digimon Adventure - Temporada 1 (1999) [1080p] [Español],digimon-adventure,Digimon Adventure,1,,47,63733,65118,1999,,Anime,Aventura,1080p,Español,false,20:46:57,1385,3813,catalogo_files/i_382_AN8C.webp,https://ok.ru/video/14208264768238,https://ok.ru/videoembed/14208264768238
1773,14208264768238,episode,Episodio 48,Digimon Adventure - Temporada 1 (1999) [1080p] [Español],digimon-adventure,Digimon Adventure,1,,48,65118,66504,1999,,Anime,Aventura,1080p,Español,false,20:46:57,1386,3813,catalogo_files/i_382_AN8C.webp,https://ok.ru/video/14208264768238,https://ok.ru/videoembed/14208264768238
1774,14208264768238,episode,Episodio 49,Digimon Adventure - Temporada 1 (1999) [1080p] [Español],digimon-adventure,Digimon Adventure,1,,49,66504,67890,1999,,Anime,Aventura,1080p,Español,false,20:46:57,1386,3813,catalogo_files/i_382_AN8C.webp,https://ok.ru/video/14208264768238,https://ok.ru/videoembed/14208264768238
1775,14208264768238,episode,Episodio 50,Digimon Adventure - Temporada 1 (1999) [1080p] [Español],digimon-adventure,Digimon Adventure,1,,50,67890,69275,1999,,Anime,Aventura,1080p,Español,false,20:46:57,1385,3813,catalogo_files/i_382_AN8C.webp,https://ok.ru/video/14208264768238,https://ok.ru/videoembed/14208264768238
1776,14208264768238,episode,Episodio 51,Digimon Adventure - Temporada 1 (1999) [1080p] [Español],digimon-adventure,Digimon Adventure,1,,51,69275,70660,1999,,Anime,Aventura,1080p,Español,false,20:46:57,1385,3813,catalogo_files/i_382_AN8C.webp,https://ok.ru/video/14208264768238,https://ok.ru/videoembed/14208264768238
1777,14208264768238,episode,Episodio 52,Digimon Adventure - Temporada 1 (1999) [1080p] [Español],digimon-adventure,Digimon Adventure,1,,52,70660,72046,1999,,Anime,Aventura,1080p,Español,false,20:46:57,1386,3813,catalogo_files/i_382_AN8C.webp,https://ok.ru/video/14208264768238,https://ok.ru/videoembed/14208264768238
1778,14208264768238,episode,Episodio 53,Digimon Adventure - Temporada 1 (1999) [1080p] [Español],digimon-adventure,Digimon Adventure,1,,53,72046,73432,1999,,Anime,Aventura,1080p,Español,false,20:46:57,1386,3813,catalogo_files/i_382_AN8C.webp,https://ok.ru/video/14208264768238,https://ok.ru/videoembed/14208264768238
1779,14208264768238,episode,Episodio 54,Digimon Adventure - Temporada 1 (1999) [1080p] [Español],digimon-adventure,Digimon Adventure,1,,54,73432,,1999,,Anime,Aventura,1080p,Español,false,20:46:57,1385,3813,catalogo_files/i_382_AN8C.webp,https://ok.ru/video/14208264768238,https://ok.ru/videoembed/14208264768238
1780,14207044487918,movie,Marte necesita mamás,Marte necesita mamás (2011) [4K] [Español],,,,,,,,2011,,Animación,Infantil,4K,Español,false,1:28:05,5285,4298,catalogo_files/i_106_AN8C.webp,https://ok.ru/video/14207044487918,https://ok.ru/videoembed/14207044487918
1781,14173354658542,episode,Episodio 1,Temporada 1: Invincible [4K] [Español],invincible,Invincible,1,,1,0,3339,,,Superhéroes,Animación,4K,Español,false,7:25:12,3339,5751,catalogo_files/i_653_AN8C.webp,https://ok.ru/video/14173354658542,https://ok.ru/videoembed/14173354658542
1782,14173354658542,episode,Episodio 2,Temporada 1: Invincible [4K] [Español],invincible,Invincible,1,,2,3339,6678,,,Superhéroes,Animación,4K,Español,false,7:25:12,3339,5751,catalogo_files/i_653_AN8C.webp,https://ok.ru/video/14173354658542,https://ok.ru/videoembed/14173354658542
1783,14173354658542,episode,Episodio 3,Temporada 1: Invincible [4K] [Español],invincible,Invincible,1,,3,6678,10017,,,Superhéroes,Animación,4K,Español,false,7:25:12,3339,5751,catalogo_files/i_653_AN8C.webp,https://ok.ru/video/14173354658542,https://ok.ru/videoembed/14173354658542
1784,14173354658542,episode,Episodio 4,Temporada 1: Invincible [4K] [Español],invincible,Invincible,1,,4,10017,13356,,,Superhéroes,Animación,4K,Español,false,7:25:12,3339,5751,catalogo_files/i_653_AN8C.webp,https://ok.ru/video/14173354658542,https://ok.ru/videoembed/14173354658542
1785,14173354658542,episode,Episodio 5,Temporada 1: Invincible [4K] [Español],invincible,Invincible,1,,5,13356,16695,,,Superhéroes,Animación,4K,Español,false,7:25:12,3339,5751,catalogo_files/i_653_AN8C.webp,https://ok.ru/video/14173354658542,https://ok.ru/videoembed/14173354658542
1786,14173354658542,episode,Episodio 6,Temporada 1: Invincible [4K] [Español],invincible,Invincible,1,,6,16695,20034,,,Superhéroes,Animación,4K,Español,false,7:25:12,3339,5751,catalogo_files/i_653_AN8C.webp,https://ok.ru/video/14173354658542,https://ok.ru/videoembed/14173354658542
1787,14173354658542,episode,Episodio 7,Temporada 1: Invincible [4K] [Español],invincible,Invincible,1,,7,20034,23373,,,Superhéroes,Animación,4K,Español,false,7:25:12,3339,5751,catalogo_files/i_653_AN8C.webp,https://ok.ru/video/14173354658542,https://ok.ru/videoembed/14173354658542
1788,14173354658542,episode,Episodio 8,Temporada 1: Invincible [4K] [Español],invincible,Invincible,1,,8,23373,,,,Superhéroes,Animación,4K,Español,false,7:25:12,3339,5751,catalogo_files/i_653_AN8C.webp,https://ok.ru/video/14173354658542,https://ok.ru/videoembed/14173354658542
1789,14168366451438,movie,City Hunters,City Hunters (2006) [1080p] [Sub Español],,,,,,,,2006,,Anime,Acción,1080p,Español,true,1:59:05,7145,1750,catalogo_files/i_345_AN8C.webp,https://ok.ru/video/14168366451438,https://ok.ru/videoembed/14168366451438
1790,14156500503278,movie,Clockwork Girl Virgin Punk,Clockwork Girl Virgin Punk (2025) [1080p] [Sub Español],,,,,,,,2025,,Animación,Ciencia Ficción,1080p,Español,true,35:35,2135,4103,catalogo_files/i_615_AN8C.webp,https://ok.ru/video/14156500503278,https://ok.ru/videoembed/14156500503278
1791,14153651391214,movie,Realm of the Damned,Realm of the Damned (2016) [1080p] [Sub Español],,,,,,,,2016,,Terror,Acción,1080p,Español,true,58:24,3504,1471,catalogo_files/i_521_AN8C.webp,https://ok.ru/video/14153651391214,https://ok.ru/videoembed/14153651391214
1792,14152965688046,movie,Tales of the Dim,Tales of the Dim (2015) [1080p] [Sub Español],,,,,,,,2015,,Terror,,1080p,Español,true,1:00:39,3639,1563,catalogo_files/i_605_AN8C.webp,https://ok.ru/video/14152965688046,https://ok.ru/videoembed/14152965688046
1793,14151329909486,movie,Omega 1,Omega 1 (2013) [1080p] [Sub Español],,,,,,,,2013,,Ciencia Ficción,,1080p,Español,true,57:53,3473,1611,catalogo_files/i_894_AN8C.webp,https://ok.ru/video/14151329909486,https://ok.ru/videoembed/14151329909486
1794,14139928873710,episode,Episodio 1,Malcolm el de en medio - Temporada 2 [1080p] [Español],malcolm-el-de-en-medio,Malcolm el de en medio,2,,1,0,1339,,,Comedia,,1080p,Español,false,9:17:59,1339,15548,catalogo_files/i_563_AN8C.webp,https://ok.ru/video/14139928873710,https://ok.ru/videoembed/14139928873710
1795,14139928873710,episode,Episodio 2,Malcolm el de en medio - Temporada 2 [1080p] [Español],malcolm-el-de-en-medio,Malcolm el de en medio,2,,2,1339,2678,,,Comedia,,1080p,Español,false,9:17:59,1339,15548,catalogo_files/i_563_AN8C.webp,https://ok.ru/video/14139928873710,https://ok.ru/videoembed/14139928873710
1796,14139928873710,episode,Episodio 3,Malcolm el de en medio - Temporada 2 [1080p] [Español],malcolm-el-de-en-medio,Malcolm el de en medio,2,,3,2678,4017,,,Comedia,,1080p,Español,false,9:17:59,1339,15548,catalogo_files/i_563_AN8C.webp,https://ok.ru/video/14139928873710,https://ok.ru/videoembed/14139928873710
1797,14139928873710,episode,Episodio 4,Malcolm el de en medio - Temporada 2 [1080p] [Español],malcolm-el-de-en-medio,Malcolm el de en medio,2,,4,4017,5357,,,Comedia,,1080p,Español,false,9:17:59,1340,15548,catalogo_files/i_563_AN8C.webp,https://ok.ru/video/14139928873710,https://ok.ru/videoembed/14139928873710
1798,14139928873710,episode,Episodio 5,Malcolm el de en medio - Temporada 2 [1080p] [Español],malcolm-el-de-en-medio,Malcolm el de en medio,2,,5,5357,6696,,,Comedia,,1080p,Español,false,9:17:59,1339,15548,catalogo_files/i_563_AN8C.webp,https://ok.ru/video/14139928873710,https://ok.ru/videoembed/14139928873710
1799,14139928873710,episode,Episodio 6,Malcolm el de en medio - Temporada 2 [1080p] [Español],malcolm-el-de-en-medio,Malcolm el de en medio,2,,6,6696,8035,,,Comedia,,1080p,Español,false,9:17:59,1339,15548,catalogo_files/i_563_AN8C.webp,https://ok.ru/video/14139928873710,https://ok.ru/videoembed/14139928873710
1800,14139928873710,episode,Episodio 7,Malcolm el de en medio - Temporada 2 [1080p] [Español],malcolm-el-de-en-medio,Malcolm el de en medio,2,,7,8035,9374,,,Comedia,,1080p,Español,false,9:17:59,1339,15548,catalogo_files/i_563_AN8C.webp,https://ok.ru/video/14139928873710,https://ok.ru/videoembed/14139928873710
1801,14139928873710,episode,Episodio 8,Malcolm el de en medio - Temporada 2 [1080p] [Español],malcolm-el-de-en-medio,Malcolm el de en medio,2,,8,9374,10713,,,Comedia,,1080p,Español,false,9:17:59,1339,15548,catalogo_files/i_563_AN8C.webp,https://ok.ru/video/14139928873710,https://ok.ru/videoembed/14139928873710
1802,14139928873710,episode,Episodio 9,Malcolm el de en medio - Temporada 2 [1080p] [Español],malcolm-el-de-en-medio,Malcolm el de en medio,2,,9,10713,12052,,,Comedia,,1080p,Español,false,9:17:59,1339,15548,catalogo_files/i_563_AN8C.webp,https://ok.ru/video/14139928873710,https://ok.ru/videoembed/14139928873710
1803,14139928873710,episode,Episodio 10,Malcolm el de en medio - Temporada 2 [1080p] [Español],malcolm-el-de-en-medio,Malcolm el de en medio,2,,10,12052,13392,,,Comedia,,1080p,Español,false,9:17:59,1340,15548,catalogo_files/i_563_AN8C.webp,https://ok.ru/video/14139928873710,https://ok.ru/videoembed/14139928873710
1804,14139928873710,episode,Episodio 11,Malcolm el de en medio - Temporada 2 [1080p] [Español],malcolm-el-de-en-medio,Malcolm el de en medio,2,,11,13392,14731,,,Comedia,,1080p,Español,false,9:17:59,1339,15548,catalogo_files/i_563_AN8C.webp,https://ok.ru/video/14139928873710,https://ok.ru/videoembed/14139928873710
1805,14139928873710,episode,Episodio 12,Malcolm el de en medio - Temporada 2 [1080p] [Español],malcolm-el-de-en-medio,Malcolm el de en medio,2,,12,14731,16070,,,Comedia,,1080p,Español,false,9:17:59,1339,15548,catalogo_files/i_563_AN8C.webp,https://ok.ru/video/14139928873710,https://ok.ru/videoembed/14139928873710
1806,14139928873710,episode,Episodio 13,Malcolm el de en medio - Temporada 2 [1080p] [Español],malcolm-el-de-en-medio,Malcolm el de en medio,2,,13,16070,17409,,,Comedia,,1080p,Español,false,9:17:59,1339,15548,catalogo_files/i_563_AN8C.webp,https://ok.ru/video/14139928873710,https://ok.ru/videoembed/14139928873710
1807,14139928873710,episode,Episodio 14,Malcolm el de en medio - Temporada 2 [1080p] [Español],malcolm-el-de-en-medio,Malcolm el de en medio,2,,14,17409,18748,,,Comedia,,1080p,Español,false,9:17:59,1339,15548,catalogo_files/i_563_AN8C.webp,https://ok.ru/video/14139928873710,https://ok.ru/videoembed/14139928873710
1808,14139928873710,episode,Episodio 15,Malcolm el de en medio - Temporada 2 [1080p] [Español],malcolm-el-de-en-medio,Malcolm el de en medio,2,,15,18748,20087,,,Comedia,,1080p,Español,false,9:17:59,1339,15548,catalogo_files/i_563_AN8C.webp,https://ok.ru/video/14139928873710,https://ok.ru/videoembed/14139928873710
1809,14139928873710,episode,Episodio 16,Malcolm el de en medio - Temporada 2 [1080p] [Español],malcolm-el-de-en-medio,Malcolm el de en medio,2,,16,20087,21427,,,Comedia,,1080p,Español,false,9:17:59,1340,15548,catalogo_files/i_563_AN8C.webp,https://ok.ru/video/14139928873710,https://ok.ru/videoembed/14139928873710
1810,14139928873710,episode,Episodio 17,Malcolm el de en medio - Temporada 2 [1080p] [Español],malcolm-el-de-en-medio,Malcolm el de en medio,2,,17,21427,22766,,,Comedia,,1080p,Español,false,9:17:59,1339,15548,catalogo_files/i_563_AN8C.webp,https://ok.ru/video/14139928873710,https://ok.ru/videoembed/14139928873710
1811,14139928873710,episode,Episodio 18,Malcolm el de en medio - Temporada 2 [1080p] [Español],malcolm-el-de-en-medio,Malcolm el de en medio,2,,18,22766,24105,,,Comedia,,1080p,Español,false,9:17:59,1339,15548,catalogo_files/i_563_AN8C.webp,https://ok.ru/video/14139928873710,https://ok.ru/videoembed/14139928873710
1812,14139928873710,episode,Episodio 19,Malcolm el de en medio - Temporada 2 [1080p] [Español],malcolm-el-de-en-medio,Malcolm el de en medio,2,,19,24105,25444,,,Comedia,,1080p,Español,false,9:17:59,1339,15548,catalogo_files/i_563_AN8C.webp,https://ok.ru/video/14139928873710,https://ok.ru/videoembed/14139928873710
1813,14139928873710,episode,Episodio 20,Malcolm el de en medio - Temporada 2 [1080p] [Español],malcolm-el-de-en-medio,Malcolm el de en medio,2,,20,25444,26783,,,Comedia,,1080p,Español,false,9:17:59,1339,15548,catalogo_files/i_563_AN8C.webp,https://ok.ru/video/14139928873710,https://ok.ru/videoembed/14139928873710
1814,14139928873710,episode,Episodio 21,Malcolm el de en medio - Temporada 2 [1080p] [Español],malcolm-el-de-en-medio,Malcolm el de en medio,2,,21,26783,28122,,,Comedia,,1080p,Español,false,9:17:59,1339,15548,catalogo_files/i_563_AN8C.webp,https://ok.ru/video/14139928873710,https://ok.ru/videoembed/14139928873710
1815,14139928873710,episode,Episodio 22,Malcolm el de en medio - Temporada 2 [1080p] [Español],malcolm-el-de-en-medio,Malcolm el de en medio,2,,22,28122,29462,,,Comedia,,1080p,Español,false,9:17:59,1340,15548,catalogo_files/i_563_AN8C.webp,https://ok.ru/video/14139928873710,https://ok.ru/videoembed/14139928873710
1816,14139928873710,episode,Episodio 23,Malcolm el de en medio - Temporada 2 [1080p] [Español],malcolm-el-de-en-medio,Malcolm el de en medio,2,,23,29462,30801,,,Comedia,,1080p,Español,false,9:17:59,1339,15548,catalogo_files/i_563_AN8C.webp,https://ok.ru/video/14139928873710,https://ok.ru/videoembed/14139928873710
1817,14139928873710,episode,Episodio 24,Malcolm el de en medio - Temporada 2 [1080p] [Español],malcolm-el-de-en-medio,Malcolm el de en medio,2,,24,30801,32140,,,Comedia,,1080p,Español,false,9:17:59,1339,15548,catalogo_files/i_563_AN8C.webp,https://ok.ru/video/14139928873710,https://ok.ru/videoembed/14139928873710
1818,14139928873710,episode,Episodio 25,Malcolm el de en medio - Temporada 2 [1080p] [Español],malcolm-el-de-en-medio,Malcolm el de en medio,2,,25,32140,,,,Comedia,,1080p,Español,false,9:17:59,1339,15548,catalogo_files/i_563_AN8C.webp,https://ok.ru/video/14139928873710,https://ok.ru/videoembed/14139928873710
1819,14122743827182,movie,Tinker Bell: Hadas al rescate,Tinker Bell: Hadas al rescate (2010) [4K] [Español],,,,,,,,2010,,Animación,Infantil,4K,Español,false,1:13:18,4398,5386,catalogo_files/i_123_AN8C.webp,https://ok.ru/video/14122743827182,https://ok.ru/videoembed/14122743827182
1820,14124208425710,movie,Rebelión en la granja,Rebelión en la granja (1999) [1080p] [Español],,,,,,,,1999,,Animación,Drama,1080p,Español,false,1:27:41,5261,2170,catalogo_files/i_683_AN8C.webp,https://ok.ru/video/14124208425710,https://ok.ru/videoembed/14124208425710
1821,14108791147246,movie,Pet Shop of Horrors,Pet Shop of Horrors (2000) [1080p] [Sub Español],,,,,,,,2000,,Anime,Terror,1080p,Español,true,1:28:08,5288,1812,catalogo_files/i_092_AN8C.webp,https://ok.ru/video/14108791147246,https://ok.ru/videoembed/14108791147246
1822,14105500453614,movie,Peter Pan 2: en Regreso al país de Nunca Jamás,Peter Pan 2: en Regreso al país de Nunca Jamás (2002) [4K] [Español],,,,,,,,2002,,Animación,Aventura,4K,Español,false,1:09:11,4151,2526,catalogo_files/i_833_AN8C.webp,https://ok.ru/video/14105500453614,https://ok.ru/videoembed/14105500453614
1823,14103356902126,movie,Tinker Bell y el Tesoro Perdido,Tinker Bell y el Tesoro Perdido (2009) [4K] [Español],,,,,,,,2009,,Animación,Infantil,4K,Español,false,1:16:49,4609,3185,catalogo_files/i_217_AN8C.webp,https://ok.ru/video/14103356902126,https://ok.ru/videoembed/14103356902126
1824,14099147262702,movie,Tinker Bell,Tinker Bell (2008) [4K] [Español],,,,,,,,2008,,Animación,Infantil,4K,Español,false,1:14:52,4492,3423,catalogo_files/i_211_AN8C.webp,https://ok.ru/video/14099147262702,https://ok.ru/videoembed/14099147262702
1825,14099150801646,movie,El Zorro y el Sabueso,El Zorro y el Sabueso (1981) [4K] [Español],,,,,,,,1981,,Animación,Infantil,4K,Español,false,1:22:54,4974,2066,catalogo_files/i_849_AN8C.webp,https://ok.ru/video/14099150801646,https://ok.ru/videoembed/14099150801646
1826,14087343114990,movie,Las aventuras de Tintín,Las aventuras de Tintín (2011) [4K] [Español],,,,,,,,2011,,Animación,Aventura,4K,Español,false,1:46:51,6411,5811,catalogo_files/i_785_AN8C.webp,https://ok.ru/video/14087343114990,https://ok.ru/videoembed/14087343114990
1827,14087348685550,movie,Jim y el durazno gigante,Jim y el durazno gigante (1996) [4K] [Español],,,,,,,,1996,,Animación,Aventura,4K,Español,false,1:19:25,4765,4364,catalogo_files/i_647_AN8C.webp,https://ok.ru/video/14087348685550,https://ok.ru/videoembed/14087348685550
1828,14070562818798,movie,El Club de Los Villanos,El Club de Los Villanos (2002) [4K] [Español],,,,,,,,2002,,Animación,Infantil,4K,Español,false,1:08:03,4083,3857,catalogo_files/i_737_AN8C.webp,https://ok.ru/video/14070562818798,https://ok.ru/videoembed/14070562818798
1829,14068325878510,movie,La Navidad Mágica de Mickey,La Navidad Mágica de Mickey (2001) [4K] [Español],,,,,,,,2001,,Animación,Infantil,4K,Español,false,1:01:22,3682,2144,catalogo_files/i_062_AN8C.webp,https://ok.ru/video/14068325878510,https://ok.ru/videoembed/14068325878510
1830,14059041000174,episode,Episodio 1,Malcolm el de en medio - Temporada 1 [1080p] [Español],malcolm-el-de-en-medio,Malcolm el de en medio,1,,1,0,1355,,,Comedia,,1080p,Español,false,6:01:13,1355,20139,catalogo_files/i_018_AN8C.webp,https://ok.ru/video/14059041000174,https://ok.ru/videoembed/14059041000174
1831,14059041000174,episode,Episodio 2,Malcolm el de en medio - Temporada 1 [1080p] [Español],malcolm-el-de-en-medio,Malcolm el de en medio,1,,2,1355,2709,,,Comedia,,1080p,Español,false,6:01:13,1354,20139,catalogo_files/i_018_AN8C.webp,https://ok.ru/video/14059041000174,https://ok.ru/videoembed/14059041000174
1832,14059041000174,episode,Episodio 3,Malcolm el de en medio - Temporada 1 [1080p] [Español],malcolm-el-de-en-medio,Malcolm el de en medio,1,,3,2709,4064,,,Comedia,,1080p,Español,false,6:01:13,1355,20139,catalogo_files/i_018_AN8C.webp,https://ok.ru/video/14059041000174,https://ok.ru/videoembed/14059041000174
1833,14059041000174,episode,Episodio 4,Malcolm el de en medio - Temporada 1 [1080p] [Español],malcolm-el-de-en-medio,Malcolm el de en medio,1,,4,4064,5418,,,Comedia,,1080p,Español,false,6:01:13,1354,20139,catalogo_files/i_018_AN8C.webp,https://ok.ru/video/14059041000174,https://ok.ru/videoembed/14059041000174
1834,14059041000174,episode,Episodio 5,Malcolm el de en medio - Temporada 1 [1080p] [Español],malcolm-el-de-en-medio,Malcolm el de en medio,1,,5,5418,6773,,,Comedia,,1080p,Español,false,6:01:13,1355,20139,catalogo_files/i_018_AN8C.webp,https://ok.ru/video/14059041000174,https://ok.ru/videoembed/14059041000174
1835,14059041000174,episode,Episodio 6,Malcolm el de en medio - Temporada 1 [1080p] [Español],malcolm-el-de-en-medio,Malcolm el de en medio,1,,6,6773,8127,,,Comedia,,1080p,Español,false,6:01:13,1354,20139,catalogo_files/i_018_AN8C.webp,https://ok.ru/video/14059041000174,https://ok.ru/videoembed/14059041000174
1836,14059041000174,episode,Episodio 7,Malcolm el de en medio - Temporada 1 [1080p] [Español],malcolm-el-de-en-medio,Malcolm el de en medio,1,,7,8127,9482,,,Comedia,,1080p,Español,false,6:01:13,1355,20139,catalogo_files/i_018_AN8C.webp,https://ok.ru/video/14059041000174,https://ok.ru/videoembed/14059041000174
1837,14059041000174,episode,Episodio 8,Malcolm el de en medio - Temporada 1 [1080p] [Español],malcolm-el-de-en-medio,Malcolm el de en medio,1,,8,9482,10836,,,Comedia,,1080p,Español,false,6:01:13,1354,20139,catalogo_files/i_018_AN8C.webp,https://ok.ru/video/14059041000174,https://ok.ru/videoembed/14059041000174
1838,14059041000174,episode,Episodio 9,Malcolm el de en medio - Temporada 1 [1080p] [Español],malcolm-el-de-en-medio,Malcolm el de en medio,1,,9,10836,12191,,,Comedia,,1080p,Español,false,6:01:13,1355,20139,catalogo_files/i_018_AN8C.webp,https://ok.ru/video/14059041000174,https://ok.ru/videoembed/14059041000174
1839,14059041000174,episode,Episodio 10,Malcolm el de en medio - Temporada 1 [1080p] [Español],malcolm-el-de-en-medio,Malcolm el de en medio,1,,10,12191,13546,,,Comedia,,1080p,Español,false,6:01:13,1355,20139,catalogo_files/i_018_AN8C.webp,https://ok.ru/video/14059041000174,https://ok.ru/videoembed/14059041000174
1840,14059041000174,episode,Episodio 11,Malcolm el de en medio - Temporada 1 [1080p] [Español],malcolm-el-de-en-medio,Malcolm el de en medio,1,,11,13546,14900,,,Comedia,,1080p,Español,false,6:01:13,1354,20139,catalogo_files/i_018_AN8C.webp,https://ok.ru/video/14059041000174,https://ok.ru/videoembed/14059041000174
1841,14059041000174,episode,Episodio 12,Malcolm el de en medio - Temporada 1 [1080p] [Español],malcolm-el-de-en-medio,Malcolm el de en medio,1,,12,14900,16255,,,Comedia,,1080p,Español,false,6:01:13,1355,20139,catalogo_files/i_018_AN8C.webp,https://ok.ru/video/14059041000174,https://ok.ru/videoembed/14059041000174
1842,14059041000174,episode,Episodio 13,Malcolm el de en medio - Temporada 1 [1080p] [Español],malcolm-el-de-en-medio,Malcolm el de en medio,1,,13,16255,17609,,,Comedia,,1080p,Español,false,6:01:13,1354,20139,catalogo_files/i_018_AN8C.webp,https://ok.ru/video/14059041000174,https://ok.ru/videoembed/14059041000174
1843,14059041000174,episode,Episodio 14,Malcolm el de en medio - Temporada 1 [1080p] [Español],malcolm-el-de-en-medio,Malcolm el de en medio,1,,14,17609,18964,,,Comedia,,1080p,Español,false,6:01:13,1355,20139,catalogo_files/i_018_AN8C.webp,https://ok.ru/video/14059041000174,https://ok.ru/videoembed/14059041000174
1844,14059041000174,episode,Episodio 15,Malcolm el de en medio - Temporada 1 [1080p] [Español],malcolm-el-de-en-medio,Malcolm el de en medio,1,,15,18964,20318,,,Comedia,,1080p,Español,false,6:01:13,1354,20139,catalogo_files/i_018_AN8C.webp,https://ok.ru/video/14059041000174,https://ok.ru/videoembed/14059041000174
1845,14059041000174,episode,Episodio 16,Malcolm el de en medio - Temporada 1 [1080p] [Español],malcolm-el-de-en-medio,Malcolm el de en medio,1,,16,20318,,,,Comedia,,1080p,Español,false,6:01:13,1355,20139,catalogo_files/i_018_AN8C.webp,https://ok.ru/video/14059041000174,https://ok.ru/videoembed/14059041000174
1846,14057793784558,episode,Episodio 1,Smallville - Temporada 1 [DC] [1080p] [Español],smallville,Smallville,1,,1,0,2630,,DC,Superhéroes,Acción,1080p,Español,false,15:20:26,2630,10423,catalogo_files/i_732_AN8C.webp,https://ok.ru/video/14057793784558,https://ok.ru/videoembed/14057793784558
1847,14057793784558,episode,Episodio 2,Smallville - Temporada 1 [DC] [1080p] [Español],smallville,Smallville,1,,2,2630,5260,,DC,Superhéroes,Acción,1080p,Español,false,15:20:26,2630,10423,catalogo_files/i_732_AN8C.webp,https://ok.ru/video/14057793784558,https://ok.ru/videoembed/14057793784558
1848,14057793784558,episode,Episodio 3,Smallville - Temporada 1 [DC] [1080p] [Español],smallville,Smallville,1,,3,5260,7889,,DC,Superhéroes,Acción,1080p,Español,false,15:20:26,2629,10423,catalogo_files/i_732_AN8C.webp,https://ok.ru/video/14057793784558,https://ok.ru/videoembed/14057793784558
1849,14057793784558,episode,Episodio 4,Smallville - Temporada 1 [DC] [1080p] [Español],smallville,Smallville,1,,4,7889,10519,,DC,Superhéroes,Acción,1080p,Español,false,15:20:26,2630,10423,catalogo_files/i_732_AN8C.webp,https://ok.ru/video/14057793784558,https://ok.ru/videoembed/14057793784558
1850,14057793784558,episode,Episodio 5,Smallville - Temporada 1 [DC] [1080p] [Español],smallville,Smallville,1,,5,10519,13149,,DC,Superhéroes,Acción,1080p,Español,false,15:20:26,2630,10423,catalogo_files/i_732_AN8C.webp,https://ok.ru/video/14057793784558,https://ok.ru/videoembed/14057793784558
1851,14057793784558,episode,Episodio 6,Smallville - Temporada 1 [DC] [1080p] [Español],smallville,Smallville,1,,6,13149,15779,,DC,Superhéroes,Acción,1080p,Español,false,15:20:26,2630,10423,catalogo_files/i_732_AN8C.webp,https://ok.ru/video/14057793784558,https://ok.ru/videoembed/14057793784558
1852,14057793784558,episode,Episodio 7,Smallville - Temporada 1 [DC] [1080p] [Español],smallville,Smallville,1,,7,15779,18409,,DC,Superhéroes,Acción,1080p,Español,false,15:20:26,2630,10423,catalogo_files/i_732_AN8C.webp,https://ok.ru/video/14057793784558,https://ok.ru/videoembed/14057793784558
1853,14057793784558,episode,Episodio 8,Smallville - Temporada 1 [DC] [1080p] [Español],smallville,Smallville,1,,8,18409,21038,,DC,Superhéroes,Acción,1080p,Español,false,15:20:26,2629,10423,catalogo_files/i_732_AN8C.webp,https://ok.ru/video/14057793784558,https://ok.ru/videoembed/14057793784558
1854,14057793784558,episode,Episodio 9,Smallville - Temporada 1 [DC] [1080p] [Español],smallville,Smallville,1,,9,21038,23668,,DC,Superhéroes,Acción,1080p,Español,false,15:20:26,2630,10423,catalogo_files/i_732_AN8C.webp,https://ok.ru/video/14057793784558,https://ok.ru/videoembed/14057793784558
1855,14057793784558,episode,Episodio 10,Smallville - Temporada 1 [DC] [1080p] [Español],smallville,Smallville,1,,10,23668,26298,,DC,Superhéroes,Acción,1080p,Español,false,15:20:26,2630,10423,catalogo_files/i_732_AN8C.webp,https://ok.ru/video/14057793784558,https://ok.ru/videoembed/14057793784558
1856,14057793784558,episode,Episodio 11,Smallville - Temporada 1 [DC] [1080p] [Español],smallville,Smallville,1,,11,26298,28928,,DC,Superhéroes,Acción,1080p,Español,false,15:20:26,2630,10423,catalogo_files/i_732_AN8C.webp,https://ok.ru/video/14057793784558,https://ok.ru/videoembed/14057793784558
1857,14057793784558,episode,Episodio 12,Smallville - Temporada 1 [DC] [1080p] [Español],smallville,Smallville,1,,12,28928,31558,,DC,Superhéroes,Acción,1080p,Español,false,15:20:26,2630,10423,catalogo_files/i_732_AN8C.webp,https://ok.ru/video/14057793784558,https://ok.ru/videoembed/14057793784558
1858,14057793784558,episode,Episodio 13,Smallville - Temporada 1 [DC] [1080p] [Español],smallville,Smallville,1,,13,31558,34188,,DC,Superhéroes,Acción,1080p,Español,false,15:20:26,2630,10423,catalogo_files/i_732_AN8C.webp,https://ok.ru/video/14057793784558,https://ok.ru/videoembed/14057793784558
1859,14057793784558,episode,Episodio 14,Smallville - Temporada 1 [DC] [1080p] [Español],smallville,Smallville,1,,14,34188,36817,,DC,Superhéroes,Acción,1080p,Español,false,15:20:26,2629,10423,catalogo_files/i_732_AN8C.webp,https://ok.ru/video/14057793784558,https://ok.ru/videoembed/14057793784558
1860,14057793784558,episode,Episodio 15,Smallville - Temporada 1 [DC] [1080p] [Español],smallville,Smallville,1,,15,36817,39447,,DC,Superhéroes,Acción,1080p,Español,false,15:20:26,2630,10423,catalogo_files/i_732_AN8C.webp,https://ok.ru/video/14057793784558,https://ok.ru/videoembed/14057793784558
1861,14057793784558,episode,Episodio 16,Smallville - Temporada 1 [DC] [1080p] [Español],smallville,Smallville,1,,16,39447,42077,,DC,Superhéroes,Acción,1080p,Español,false,15:20:26,2630,10423,catalogo_files/i_732_AN8C.webp,https://ok.ru/video/14057793784558,https://ok.ru/videoembed/14057793784558
1862,14057793784558,episode,Episodio 17,Smallville - Temporada 1 [DC] [1080p] [Español],smallville,Smallville,1,,17,42077,44707,,DC,Superhéroes,Acción,1080p,Español,false,15:20:26,2630,10423,catalogo_files/i_732_AN8C.webp,https://ok.ru/video/14057793784558,https://ok.ru/videoembed/14057793784558
1863,14057793784558,episode,Episodio 18,Smallville - Temporada 1 [DC] [1080p] [Español],smallville,Smallville,1,,18,44707,47337,,DC,Superhéroes,Acción,1080p,Español,false,15:20:26,2630,10423,catalogo_files/i_732_AN8C.webp,https://ok.ru/video/14057793784558,https://ok.ru/videoembed/14057793784558
1864,14057793784558,episode,Episodio 19,Smallville - Temporada 1 [DC] [1080p] [Español],smallville,Smallville,1,,19,47337,49966,,DC,Superhéroes,Acción,1080p,Español,false,15:20:26,2629,10423,catalogo_files/i_732_AN8C.webp,https://ok.ru/video/14057793784558,https://ok.ru/videoembed/14057793784558
1865,14057793784558,episode,Episodio 20,Smallville - Temporada 1 [DC] [1080p] [Español],smallville,Smallville,1,,20,49966,52596,,DC,Superhéroes,Acción,1080p,Español,false,15:20:26,2630,10423,catalogo_files/i_732_AN8C.webp,https://ok.ru/video/14057793784558,https://ok.ru/videoembed/14057793784558
1866,14057793784558,episode,Episodio 21,Smallville - Temporada 1 [DC] [1080p] [Español],smallville,Smallville,1,,21,52596,,,DC,Superhéroes,Acción,1080p,Español,false,15:20:26,2630,10423,catalogo_files/i_732_AN8C.webp,https://ok.ru/video/14057793784558,https://ok.ru/videoembed/14057793784558
1867,14050724416238,movie,El patito feo,El patito feo (1997) [4K] [Español],,,,,,,,1997,,Animación,Infantil,4K,Español,false,1:24:28,5068,1551,catalogo_files/i_443_AN8C.webp,https://ok.ru/video/14050724416238,https://ok.ru/videoembed/14050724416238
1868,14044119894766,movie,Fantasia,Fantasia (1940) [4K] [Español],,,,,,,,1940,,Animación,Clásicos,4K,Español,false,2:04:27,7467,2641,catalogo_files/i_452_AN8C.webp,https://ok.ru/video/14044119894766,https://ok.ru/videoembed/14044119894766
1869,14042121374446,movie,Van Helsing: Misión en Londres,Van Helsing: Misión en Londres (2004) [1080p] [Español],,,,,,,,2004,,Animación,Acción,1080p,Español,false,31:48,1908,3015,catalogo_files/i_113_AN8C.webp,https://ok.ru/video/14042121374446,https://ok.ru/videoembed/14042121374446
1870,14029381831406,movie,Death Note,Death Note (2006) [1080p] [Español],,,,,,,,2006,,Anime,Drama,1080p,Español,false,12:22:18,44538,4617,catalogo_files/i_507_AN8C.webp,https://ok.ru/video/14029381831406,https://ok.ru/videoembed/14029381831406
1871,14021643406062,movie,Fantasia 2000,Fantasia 2000 (1999) [4K] [Español],,,,,,,,1999,,Animación,Infantil,4K,Español,false,1:14:32,4472,2320,catalogo_files/i_685_AN8C.webp,https://ok.ru/video/14021643406062,https://ok.ru/videoembed/14021643406062
1872,14015139416814,movie,Los Años Luz Gandahar,Los Años Luz Gandahar (1987) [4K] [Sub Español],,,,,,,,1987,,Animación,Ciencia Ficción,4K,Español,true,1:23:19,4999,1851,catalogo_files/i_415_AN8C.webp,https://ok.ru/video/14015139416814,https://ok.ru/videoembed/14015139416814
1873,14015356013294,movie,Arco,Arco [4K] [Español],,,,,,,,,,Animación,Ciencia Ficción,4K,Español,false,1:28:54,5334,1983,catalogo_files/i_891_AN8C.webp,https://ok.ru/video/14015356013294,https://ok.ru/videoembed/14015356013294
1874,14014346234606,movie,4mélie y los secretos de la lluvia,4mélie y los secretos de la lluvia (2025) [1080p] [Español],,,,,,,,2025,,Animación,Aventura,1080p,Español,false,1:18:24,4704,1669,catalogo_files/i_470_AN8C.webp,https://ok.ru/video/14014346234606,https://ok.ru/videoembed/14014346234606
1875,13991002114798,movie,Intercambiados,Intercambiados (2026) [4K] [Español],,,,,,,,2026,,Comedia,,4K,Español,false,1:41:45,6105,3729,catalogo_files/i_506_AN8C.webp,https://ok.ru/video/13991002114798,https://ok.ru/videoembed/13991002114798
1876,14000021506798,episode,Episodio 1,Temporada 1: Sentenced to Be a Hero [4K] [Sub Español],sentenced-to-be-a-hero,Sentenced to Be a Hero,1,,1,0,1671,,,Anime,Fantasía,4K,Español,true,5:34:16,1671,1423,catalogo_files/i_619_AN8C.webp,https://ok.ru/video/14000021506798,https://ok.ru/videoembed/14000021506798
1877,14000021506798,episode,Episodio 2,Temporada 1: Sentenced to Be a Hero [4K] [Sub Español],sentenced-to-be-a-hero,Sentenced to Be a Hero,1,,2,1671,3343,,,Anime,Fantasía,4K,Español,true,5:34:16,1672,1423,catalogo_files/i_619_AN8C.webp,https://ok.ru/video/14000021506798,https://ok.ru/videoembed/14000021506798
1878,14000021506798,episode,Episodio 3,Temporada 1: Sentenced to Be a Hero [4K] [Sub Español],sentenced-to-be-a-hero,Sentenced to Be a Hero,1,,3,3343,5014,,,Anime,Fantasía,4K,Español,true,5:34:16,1671,1423,catalogo_files/i_619_AN8C.webp,https://ok.ru/video/14000021506798,https://ok.ru/videoembed/14000021506798
1879,14000021506798,episode,Episodio 4,Temporada 1: Sentenced to Be a Hero [4K] [Sub Español],sentenced-to-be-a-hero,Sentenced to Be a Hero,1,,4,5014,6685,,,Anime,Fantasía,4K,Español,true,5:34:16,1671,1423,catalogo_files/i_619_AN8C.webp,https://ok.ru/video/14000021506798,https://ok.ru/videoembed/14000021506798
1880,14000021506798,episode,Episodio 5,Temporada 1: Sentenced to Be a Hero [4K] [Sub Español],sentenced-to-be-a-hero,Sentenced to Be a Hero,1,,5,6685,8357,,,Anime,Fantasía,4K,Español,true,5:34:16,1672,1423,catalogo_files/i_619_AN8C.webp,https://ok.ru/video/14000021506798,https://ok.ru/videoembed/14000021506798
1881,14000021506798,episode,Episodio 6,Temporada 1: Sentenced to Be a Hero [4K] [Sub Español],sentenced-to-be-a-hero,Sentenced to Be a Hero,1,,6,8357,10028,,,Anime,Fantasía,4K,Español,true,5:34:16,1671,1423,catalogo_files/i_619_AN8C.webp,https://ok.ru/video/14000021506798,https://ok.ru/videoembed/14000021506798
1882,14000021506798,episode,Episodio 7,Temporada 1: Sentenced to Be a Hero [4K] [Sub Español],sentenced-to-be-a-hero,Sentenced to Be a Hero,1,,7,10028,11699,,,Anime,Fantasía,4K,Español,true,5:34:16,1671,1423,catalogo_files/i_619_AN8C.webp,https://ok.ru/video/14000021506798,https://ok.ru/videoembed/14000021506798
1883,14000021506798,episode,Episodio 8,Temporada 1: Sentenced to Be a Hero [4K] [Sub Español],sentenced-to-be-a-hero,Sentenced to Be a Hero,1,,8,11699,13371,,,Anime,Fantasía,4K,Español,true,5:34:16,1672,1423,catalogo_files/i_619_AN8C.webp,https://ok.ru/video/14000021506798,https://ok.ru/videoembed/14000021506798
1884,14000021506798,episode,Episodio 9,Temporada 1: Sentenced to Be a Hero [4K] [Sub Español],sentenced-to-be-a-hero,Sentenced to Be a Hero,1,,9,13371,15042,,,Anime,Fantasía,4K,Español,true,5:34:16,1671,1423,catalogo_files/i_619_AN8C.webp,https://ok.ru/video/14000021506798,https://ok.ru/videoembed/14000021506798
1885,14000021506798,episode,Episodio 10,Temporada 1: Sentenced to Be a Hero [4K] [Sub Español],sentenced-to-be-a-hero,Sentenced to Be a Hero,1,,10,15042,16713,,,Anime,Fantasía,4K,Español,true,5:34:16,1671,1423,catalogo_files/i_619_AN8C.webp,https://ok.ru/video/14000021506798,https://ok.ru/videoembed/14000021506798
1886,14000021506798,episode,Episodio 11,Temporada 1: Sentenced to Be a Hero [4K] [Sub Español],sentenced-to-be-a-hero,Sentenced to Be a Hero,1,,11,16713,18385,,,Anime,Fantasía,4K,Español,true,5:34:16,1672,1423,catalogo_files/i_619_AN8C.webp,https://ok.ru/video/14000021506798,https://ok.ru/videoembed/14000021506798
1887,14000021506798,episode,Episodio 12,Temporada 1: Sentenced to Be a Hero [4K] [Sub Español],sentenced-to-be-a-hero,Sentenced to Be a Hero,1,,12,18385,,,,Anime,Fantasía,4K,Español,true,5:34:16,1671,1423,catalogo_files/i_619_AN8C.webp,https://ok.ru/video/14000021506798,https://ok.ru/videoembed/14000021506798
1888,13982985816814,movie,La cabra que cambió el juego: goat,La cabra que cambió el juego: goat (2026) [4K] [Español],,,,,,,,2026,,Documental,,4K,Español,false,1:40:16,6016,10718,catalogo_files/i_099_AN8C.webp,https://ok.ru/video/13982985816814,https://ok.ru/videoembed/13982985816814
1889,13956437183214,movie,A.X.L.,A.X.L. (2018) [4K] [Español],,,,,,,,2018,,Ciencia Ficción,,4K,Español,false,1:38:36,5916,1706,catalogo_files/i_852_AN8C.webp,https://ok.ru/video/13956437183214,https://ok.ru/videoembed/13956437183214
1890,13959667649262,movie,El libro de la vida,El libro de la vida (2014) [4K] [Español],,,,,,,,2014,,Animación,Fantasía,4K,Español,false,1:35:25,5725,2674,catalogo_files/i_319_AN8C.webp,https://ok.ru/video/13959667649262,https://ok.ru/videoembed/13959667649262
1891,13955902212846,movie,Érase una Vez un Bosque,Érase una Vez un Bosque (1993) [1080p] [Español],,,,,,,,1993,,Animación,Infantil,1080p,Español,false,1:10:43,4243,1906,catalogo_files/i_404_AN8C.webp,https://ok.ru/video/13955902212846,https://ok.ru/videoembed/13955902212846
1892,13957610539758,movie,The Maxx,The Maxx (1995) [1080p] [Español],,,,,,,,1995,,Animación,Fantasía,1080p,Español,false,2:33:30,9210,2419,catalogo_files/i_577_AN8C.webp,https://ok.ru/video/13957610539758,https://ok.ru/videoembed/13957610539758
1893,13954937326318,movie,CJ7: Juguete del Espacio,CJ7: Juguete del Espacio (2008) [1080p] [Español],,,,,,,,2008,,Ciencia Ficción,Infantil,1080p,Español,false,1:28:20,5300,2905,catalogo_files/i_886_AN8C.webp,https://ok.ru/video/13954937326318,https://ok.ru/videoembed/13954937326318
1894,13953827801838,movie,Marquis,Marquis (1989) [1080p] [Español],,,,,,,,1989,,Animación,Drama,1080p,Español,false,1:23:22,5002,1891,catalogo_files/i_676_AN8C.webp,https://ok.ru/video/13953827801838,https://ok.ru/videoembed/13953827801838
1895,13954254179054,movie,L.O.R.D.: Legend of Ravaging Dynasties,L.O.R.D.: Legend of Ravaging Dynasties (2016) [1080p] [Español],,,,,,,,2016,,Animación,Fantasía,1080p,Español,false,1:57:33,7053,2128,catalogo_files/i_508_AN8C.webp,https://ok.ru/video/13954254179054,https://ok.ru/videoembed/13954254179054
1896,13857205062382,movie,La máscara,La máscara (1994) [4K] [Español],,,,,,,,1994,,Comedia,Fantasía,4K,Español,false,1:41:14,6074,10431,catalogo_files/i_840_AN8C.webp,https://ok.ru/video/13857205062382,https://ok.ru/videoembed/13857205062382
1897,13819192806126,movie,Bartok el Magnífico,Bartok el Magnífico (1999) [1080p] [Español],,,,,,,,1999,,Animación,Aventura,1080p,Español,false,1:08:08,4088,1814,catalogo_files/i_611_AN8C.webp,https://ok.ru/video/13819192806126,https://ok.ru/videoembed/13819192806126
1898,13820586298094,movie,Anastasia,Anastasia (1997) [4K] [Español],,,,,,,,1997,,Animación,Aventura,4K,Español,false,1:34:06,5646,4449,catalogo_files/i_513_AN8C.webp,https://ok.ru/video/13820586298094,https://ok.ru/videoembed/13820586298094
1899,13806304037614,movie,El Gigante de Hierro,El Gigante de Hierro (1999) [4K] [Español],,,,,,,,1999,,Animación,Ciencia Ficción,4K,Español,false,1:29:58,5398,4906,catalogo_files/i_739_AN8C.webp,https://ok.ru/video/13806304037614,https://ok.ru/videoembed/13806304037614
1900,13806212811502,movie,DEFORM,DEFORM (2020) [1080p] [Sub Español],,,,,,,,2020,,Animación,Terror,1080p,Español,true,1:08:17,4097,2173,catalogo_files/i_710_AN8C.webp,https://ok.ru/video/13806212811502,https://ok.ru/videoembed/13806212811502
1901,13803450272494,movie,Deformed Gecko,Deformed Gecko (2017) [1080p] [Sub Español],,,,,,,,2017,,Animación,Terror,1080p,Español,true,20:37,1237,1920,catalogo_files/i_055_AN8C.webp,https://ok.ru/video/13803450272494,https://ok.ru/videoembed/13803450272494
1902,13800784595694,movie,Las mil y una noches,Las mil y una noches (1974) [1080p] [Sub Español],,,,,,,,1974,,Fantasía,Aventura,1080p,Español,true,1:32:06,5526,1822,catalogo_files/i_281_AN8C.webp,https://ok.ru/video/13800784595694,https://ok.ru/videoembed/13800784595694
1903,13782552939246,movie,Hells,Hells (2008) [1080p] [Sub Español],,,,,,,,2008,,Anime,Terror,1080p,Español,true,1:57:51,7071,1836,catalogo_files/i_740_AN8C.webp,https://ok.ru/video/13782552939246,https://ok.ru/videoembed/13782552939246
1904,13793933921006,movie,El diario de Ana Frank,El diario de Ana Frank (1995) [1080p] [Sub Español],,,,,,,,1995,,Drama,,1080p,Español,true,1:42:08,6128,1666,catalogo_files/i_883_AN8C.webp,https://ok.ru/video/13793933921006,https://ok.ru/videoembed/13793933921006
1905,13675715103470,episode,Episodio 1,Temporada 1: Baki Hanma [4K] [Español],baki-hanma,Baki Hanma,1,,1,0,1473,,,Anime,Acción,4K,Español,false,4:54:34,1473,4039,catalogo_files/i_527_AN8C.webp,https://ok.ru/video/13675715103470,https://ok.ru/videoembed/13675715103470
1906,13675715103470,episode,Episodio 2,Temporada 1: Baki Hanma [4K] [Español],baki-hanma,Baki Hanma,1,,2,1473,2946,,,Anime,Acción,4K,Español,false,4:54:34,1473,4039,catalogo_files/i_527_AN8C.webp,https://ok.ru/video/13675715103470,https://ok.ru/videoembed/13675715103470
1907,13675715103470,episode,Episodio 3,Temporada 1: Baki Hanma [4K] [Español],baki-hanma,Baki Hanma,1,,3,2946,4418,,,Anime,Acción,4K,Español,false,4:54:34,1472,4039,catalogo_files/i_527_AN8C.webp,https://ok.ru/video/13675715103470,https://ok.ru/videoembed/13675715103470
1908,13675715103470,episode,Episodio 4,Temporada 1: Baki Hanma [4K] [Español],baki-hanma,Baki Hanma,1,,4,4418,5891,,,Anime,Acción,4K,Español,false,4:54:34,1473,4039,catalogo_files/i_527_AN8C.webp,https://ok.ru/video/13675715103470,https://ok.ru/videoembed/13675715103470
1909,13675715103470,episode,Episodio 5,Temporada 1: Baki Hanma [4K] [Español],baki-hanma,Baki Hanma,1,,5,5891,7364,,,Anime,Acción,4K,Español,false,4:54:34,1473,4039,catalogo_files/i_527_AN8C.webp,https://ok.ru/video/13675715103470,https://ok.ru/videoembed/13675715103470
1910,13675715103470,episode,Episodio 6,Temporada 1: Baki Hanma [4K] [Español],baki-hanma,Baki Hanma,1,,6,7364,8837,,,Anime,Acción,4K,Español,false,4:54:34,1473,4039,catalogo_files/i_527_AN8C.webp,https://ok.ru/video/13675715103470,https://ok.ru/videoembed/13675715103470
1911,13675715103470,episode,Episodio 7,Temporada 1: Baki Hanma [4K] [Español],baki-hanma,Baki Hanma,1,,7,8837,10310,,,Anime,Acción,4K,Español,false,4:54:34,1473,4039,catalogo_files/i_527_AN8C.webp,https://ok.ru/video/13675715103470,https://ok.ru/videoembed/13675715103470
1912,13675715103470,episode,Episodio 8,Temporada 1: Baki Hanma [4K] [Español],baki-hanma,Baki Hanma,1,,8,10310,11783,,,Anime,Acción,4K,Español,false,4:54:34,1473,4039,catalogo_files/i_527_AN8C.webp,https://ok.ru/video/13675715103470,https://ok.ru/videoembed/13675715103470
1913,13675715103470,episode,Episodio 9,Temporada 1: Baki Hanma [4K] [Español],baki-hanma,Baki Hanma,1,,9,11783,13256,,,Anime,Acción,4K,Español,false,4:54:34,1473,4039,catalogo_files/i_527_AN8C.webp,https://ok.ru/video/13675715103470,https://ok.ru/videoembed/13675715103470
1914,13675715103470,episode,Episodio 10,Temporada 1: Baki Hanma [4K] [Español],baki-hanma,Baki Hanma,1,,10,13256,14728,,,Anime,Acción,4K,Español,false,4:54:34,1472,4039,catalogo_files/i_527_AN8C.webp,https://ok.ru/video/13675715103470,https://ok.ru/videoembed/13675715103470
1915,13675715103470,episode,Episodio 11,Temporada 1: Baki Hanma [4K] [Español],baki-hanma,Baki Hanma,1,,11,14728,16201,,,Anime,Acción,4K,Español,false,4:54:34,1473,4039,catalogo_files/i_527_AN8C.webp,https://ok.ru/video/13675715103470,https://ok.ru/videoembed/13675715103470
1916,13675715103470,episode,Episodio 12,Temporada 1: Baki Hanma [4K] [Español],baki-hanma,Baki Hanma,1,,12,16201,,,,Anime,Acción,4K,Español,false,4:54:34,1473,4039,catalogo_files/i_527_AN8C.webp,https://ok.ru/video/13675715103470,https://ok.ru/videoembed/13675715103470
1917,13658892995310,episode,Episodio 1,Temporada 1: Kevin [Español],kevin,Kevin,1,,1,0,1488,,,Drama,,,Español,false,3:18:24,1488,1902,catalogo_files/i_844_AN8C.webp,https://ok.ru/video/13658892995310,https://ok.ru/videoembed/13658892995310
1918,13658892995310,episode,Episodio 2,Temporada 1: Kevin [Español],kevin,Kevin,1,,2,1488,2976,,,Drama,,,Español,false,3:18:24,1488,1902,catalogo_files/i_844_AN8C.webp,https://ok.ru/video/13658892995310,https://ok.ru/videoembed/13658892995310
1919,13658892995310,episode,Episodio 3,Temporada 1: Kevin [Español],kevin,Kevin,1,,3,2976,4464,,,Drama,,,Español,false,3:18:24,1488,1902,catalogo_files/i_844_AN8C.webp,https://ok.ru/video/13658892995310,https://ok.ru/videoembed/13658892995310
1920,13658892995310,episode,Episodio 4,Temporada 1: Kevin [Español],kevin,Kevin,1,,4,4464,5952,,,Drama,,,Español,false,3:18:24,1488,1902,catalogo_files/i_844_AN8C.webp,https://ok.ru/video/13658892995310,https://ok.ru/videoembed/13658892995310
1921,13658892995310,episode,Episodio 5,Temporada 1: Kevin [Español],kevin,Kevin,1,,5,5952,7440,,,Drama,,,Español,false,3:18:24,1488,1902,catalogo_files/i_844_AN8C.webp,https://ok.ru/video/13658892995310,https://ok.ru/videoembed/13658892995310
1922,13658892995310,episode,Episodio 6,Temporada 1: Kevin [Español],kevin,Kevin,1,,6,7440,8928,,,Drama,,,Español,false,3:18:24,1488,1902,catalogo_files/i_844_AN8C.webp,https://ok.ru/video/13658892995310,https://ok.ru/videoembed/13658892995310
1923,13658892995310,episode,Episodio 7,Temporada 1: Kevin [Español],kevin,Kevin,1,,7,8928,10416,,,Drama,,,Español,false,3:18:24,1488,1902,catalogo_files/i_844_AN8C.webp,https://ok.ru/video/13658892995310,https://ok.ru/videoembed/13658892995310
1924,13658892995310,episode,Episodio 8,Temporada 1: Kevin [Español],kevin,Kevin,1,,8,10416,,,,Drama,,,Español,false,3:18:24,1488,1902,catalogo_files/i_844_AN8C.webp,https://ok.ru/video/13658892995310,https://ok.ru/videoembed/13658892995310
1925,13591769975534,movie,Japón se hunde,Japón se hunde (2020) [1080p] [Español],,,,,,,,2020,,Anime,Ciencia Ficción,1080p,Español,false,4:22:37,15757,2294,catalogo_files/i_620_AN8C.webp,https://ok.ru/video/13591769975534,https://ok.ru/videoembed/13591769975534
1926,13510044814062,movie,Dragon Age Dawn of the Seeker,Dragon Age Dawn of the Seeker (2012) [1080p] [Sub Español],,,,,,,,2012,,Anime,Fantasía,1080p,Español,true,1:29:10,5350,1585,catalogo_files/i_081_AN8C.webp,https://ok.ru/video/13510044814062,https://ok.ru/videoembed/13510044814062
1927,13512274479854,movie,Sidra de pera y cigarrillos,Sidra de pera y cigarrillos (2016) [1080p] [Sub Español],,,,,,,,2016,,Animación,Drama,1080p,Español,true,34:53,2093,1528,catalogo_files/i_860_AN8C.webp,https://ok.ru/video/13512274479854,https://ok.ru/videoembed/13512274479854
1928,13512955005678,movie,Tower,Tower (2016) [1080p] [Sub Español],,,,,,,,2016,,Documental,Animación,1080p,Español,true,1:22:06,4926,1607,catalogo_files/i_385_AN8C.webp,https://ok.ru/video/13512955005678,https://ok.ru/videoembed/13512955005678
1929,13318451038958,movie,Alita: Ángel de Combate,Alita: Ángel de Combate (2019) [4K] [Español],,,,,,,,2019,,Ciencia Ficción,Acción,4K,Español,false,2:01:57,7317,3592,catalogo_files/i_434_AN8C.webp,https://ok.ru/video/13318451038958,https://ok.ru/videoembed/13318451038958
1930,13315306162926,episode,Episodio 1,Temporada 1: One Piece [Español],one-piece,One Piece,1,,1,0,1434,,,Anime,Aventura,,Español,false,7:34:01,1434,3631,catalogo_files/i_038_AN8C.webp,https://ok.ru/video/13315306162926,https://ok.ru/videoembed/13315306162926
1931,13315306162926,episode,Episodio 2,Temporada 1: One Piece [Español],one-piece,One Piece,1,,2,1434,2867,,,Anime,Aventura,,Español,false,7:34:01,1433,3631,catalogo_files/i_038_AN8C.webp,https://ok.ru/video/13315306162926,https://ok.ru/videoembed/13315306162926
1932,13315306162926,episode,Episodio 3,Temporada 1: One Piece [Español],one-piece,One Piece,1,,3,2867,4301,,,Anime,Aventura,,Español,false,7:34:01,1434,3631,catalogo_files/i_038_AN8C.webp,https://ok.ru/video/13315306162926,https://ok.ru/videoembed/13315306162926
1933,13315306162926,episode,Episodio 4,Temporada 1: One Piece [Español],one-piece,One Piece,1,,4,4301,5735,,,Anime,Aventura,,Español,false,7:34:01,1434,3631,catalogo_files/i_038_AN8C.webp,https://ok.ru/video/13315306162926,https://ok.ru/videoembed/13315306162926
1934,13315306162926,episode,Episodio 5,Temporada 1: One Piece [Español],one-piece,One Piece,1,,5,5735,7169,,,Anime,Aventura,,Español,false,7:34:01,1434,3631,catalogo_files/i_038_AN8C.webp,https://ok.ru/video/13315306162926,https://ok.ru/videoembed/13315306162926
1935,13315306162926,episode,Episodio 6,Temporada 1: One Piece [Español],one-piece,One Piece,1,,6,7169,8602,,,Anime,Aventura,,Español,false,7:34:01,1433,3631,catalogo_files/i_038_AN8C.webp,https://ok.ru/video/13315306162926,https://ok.ru/videoembed/13315306162926
1936,13315306162926,episode,Episodio 7,Temporada 1: One Piece [Español],one-piece,One Piece,1,,7,8602,10036,,,Anime,Aventura,,Español,false,7:34:01,1434,3631,catalogo_files/i_038_AN8C.webp,https://ok.ru/video/13315306162926,https://ok.ru/videoembed/13315306162926
1937,13315306162926,episode,Episodio 8,Temporada 1: One Piece [Español],one-piece,One Piece,1,,8,10036,11470,,,Anime,Aventura,,Español,false,7:34:01,1434,3631,catalogo_files/i_038_AN8C.webp,https://ok.ru/video/13315306162926,https://ok.ru/videoembed/13315306162926
1938,13315306162926,episode,Episodio 9,Temporada 1: One Piece [Español],one-piece,One Piece,1,,9,11470,12904,,,Anime,Aventura,,Español,false,7:34:01,1434,3631,catalogo_files/i_038_AN8C.webp,https://ok.ru/video/13315306162926,https://ok.ru/videoembed/13315306162926
1939,13315306162926,episode,Episodio 10,Temporada 1: One Piece [Español],one-piece,One Piece,1,,10,12904,14337,,,Anime,Aventura,,Español,false,7:34:01,1433,3631,catalogo_files/i_038_AN8C.webp,https://ok.ru/video/13315306162926,https://ok.ru/videoembed/13315306162926
1940,13315306162926,episode,Episodio 11,Temporada 1: One Piece [Español],one-piece,One Piece,1,,11,14337,15771,,,Anime,Aventura,,Español,false,7:34:01,1434,3631,catalogo_files/i_038_AN8C.webp,https://ok.ru/video/13315306162926,https://ok.ru/videoembed/13315306162926
1941,13315306162926,episode,Episodio 12,Temporada 1: One Piece [Español],one-piece,One Piece,1,,12,15771,17205,,,Anime,Aventura,,Español,false,7:34:01,1434,3631,catalogo_files/i_038_AN8C.webp,https://ok.ru/video/13315306162926,https://ok.ru/videoembed/13315306162926
1942,13315306162926,episode,Episodio 13,Temporada 1: One Piece [Español],one-piece,One Piece,1,,13,17205,18639,,,Anime,Aventura,,Español,false,7:34:01,1434,3631,catalogo_files/i_038_AN8C.webp,https://ok.ru/video/13315306162926,https://ok.ru/videoembed/13315306162926
1943,13315306162926,episode,Episodio 14,Temporada 1: One Piece [Español],one-piece,One Piece,1,,14,18639,20072,,,Anime,Aventura,,Español,false,7:34:01,1433,3631,catalogo_files/i_038_AN8C.webp,https://ok.ru/video/13315306162926,https://ok.ru/videoembed/13315306162926
1944,13315306162926,episode,Episodio 15,Temporada 1: One Piece [Español],one-piece,One Piece,1,,15,20072,21506,,,Anime,Aventura,,Español,false,7:34:01,1434,3631,catalogo_files/i_038_AN8C.webp,https://ok.ru/video/13315306162926,https://ok.ru/videoembed/13315306162926
1945,13315306162926,episode,Episodio 16,Temporada 1: One Piece [Español],one-piece,One Piece,1,,16,21506,22940,,,Anime,Aventura,,Español,false,7:34:01,1434,3631,catalogo_files/i_038_AN8C.webp,https://ok.ru/video/13315306162926,https://ok.ru/videoembed/13315306162926
1946,13315306162926,episode,Episodio 17,Temporada 1: One Piece [Español],one-piece,One Piece,1,,17,22940,24374,,,Anime,Aventura,,Español,false,7:34:01,1434,3631,catalogo_files/i_038_AN8C.webp,https://ok.ru/video/13315306162926,https://ok.ru/videoembed/13315306162926
1947,13315306162926,episode,Episodio 18,Temporada 1: One Piece [Español],one-piece,One Piece,1,,18,24374,25807,,,Anime,Aventura,,Español,false,7:34:01,1433,3631,catalogo_files/i_038_AN8C.webp,https://ok.ru/video/13315306162926,https://ok.ru/videoembed/13315306162926
1948,13315306162926,episode,Episodio 19,Temporada 1: One Piece [Español],one-piece,One Piece,1,,19,25807,,,,Anime,Aventura,,Español,false,7:34:01,1434,3631,catalogo_files/i_038_AN8C.webp,https://ok.ru/video/13315306162926,https://ok.ru/videoembed/13315306162926
1949,13281766673134,movie,Gutboy: A Badtime Story,Gutboy: A Badtime Story (2017) [1080p] [Sub Español],,,,,,,,2017,,Animación,Terror,1080p,Español,true,1:12:23,4343,1865,catalogo_files/i_130_AN8C.webp,https://ok.ru/video/13281766673134,https://ok.ru/videoembed/13281766673134
1950,13279171775214,movie,Black is Beltza,Black is Beltza (2018) [1080p] [Sub Español],,,,,,,,2018,,Animación,Drama,1080p,Español,true,1:27:03,5223,1403,catalogo_files/i_861_AN8C.webp,https://ok.ru/video/13279171775214,https://ok.ru/videoembed/13279171775214
1951,13279485496046,episode,Episodio 1,Temporada 1: Trese [Español],trese,Trese,1,,1,0,1752,,,Animación,Terror,,Español,false,2:55:14,1752,1528,catalogo_files/i_332_AN8C.webp,https://ok.ru/video/13279485496046,https://ok.ru/videoembed/13279485496046
1952,13279485496046,episode,Episodio 2,Temporada 1: Trese [Español],trese,Trese,1,,2,1752,3505,,,Animación,Terror,,Español,false,2:55:14,1753,1528,catalogo_files/i_332_AN8C.webp,https://ok.ru/video/13279485496046,https://ok.ru/videoembed/13279485496046
1953,13279485496046,episode,Episodio 3,Temporada 1: Trese [Español],trese,Trese,1,,3,3505,5257,,,Animación,Terror,,Español,false,2:55:14,1752,1528,catalogo_files/i_332_AN8C.webp,https://ok.ru/video/13279485496046,https://ok.ru/videoembed/13279485496046
1954,13279485496046,episode,Episodio 4,Temporada 1: Trese [Español],trese,Trese,1,,4,5257,7009,,,Animación,Terror,,Español,false,2:55:14,1752,1528,catalogo_files/i_332_AN8C.webp,https://ok.ru/video/13279485496046,https://ok.ru/videoembed/13279485496046
1955,13279485496046,episode,Episodio 5,Temporada 1: Trese [Español],trese,Trese,1,,5,7009,8762,,,Animación,Terror,,Español,false,2:55:14,1753,1528,catalogo_files/i_332_AN8C.webp,https://ok.ru/video/13279485496046,https://ok.ru/videoembed/13279485496046
1956,13279485496046,episode,Episodio 6,Temporada 1: Trese [Español],trese,Trese,1,,6,8762,,,,Animación,Terror,,Español,false,2:55:14,1752,1528,catalogo_files/i_332_AN8C.webp,https://ok.ru/video/13279485496046,https://ok.ru/videoembed/13279485496046
1957,13274843187950,movie,El flautista de Hamelín,El flautista de Hamelín (1986) [1080p] [Mudo],,,,,,,,1986,,Animación,Infantil,1080p,Mudo,false,55:22,3322,1848,catalogo_files/i_736_AN8C.webp,https://ok.ru/video/13274843187950,https://ok.ru/videoembed/13274843187950
1958,13275446840046,movie,El club de los descartados,El club de los descartados (1989) [1080p] [Mudo],,,,,,,,1989,,Comedia,,1080p,Mudo,false,24:42,1482,1853,catalogo_files/i_546_AN8C.webp,https://ok.ru/video/13275446840046,https://ok.ru/videoembed/13275446840046
1959,13161702361838,movie,Ichi the Killer,Ichi the Killer (2001) [4K] [Español],,,,,,,,2001,,Acción,Terror,4K,Español,false,2:09:26,7766,3506,catalogo_files/i_417_AN8C.webp,https://ok.ru/video/13161702361838,https://ok.ru/videoembed/13161702361838
1960,13137487989486,movie,Pequeños invasores,Pequeños invasores (2009) [1080p] [Español],,,,,,,,2009,,Animación,Infantil,1080p,Español,false,1:25:48,5148,2924,catalogo_files/i_111_AN8C.webp,https://ok.ru/video/13137487989486,https://ok.ru/videoembed/13137487989486
1961,13136331279086,movie,ichi the Killer: Episode 0,ichi the Killer: Episode 0 (2002) [1080p] [Sub Español],,,,,,,,2002,,Acción,Terror,1080p,Español,true,45:37,2737,1658,catalogo_files/i_718_AN8C.webp,https://ok.ru/video/13136331279086,https://ok.ru/videoembed/13136331279086
1962,13110432893678,movie,Memories,Memories (1995) [4K] [Español],,,,,,,,1995,,Anime,Ciencia Ficción,4K,Español,false,1:53:40,6820,6193,catalogo_files/i_830_AN8C.webp,https://ok.ru/video/13110432893678,https://ok.ru/videoembed/13110432893678
1963,13046291696366,movie,La Familia del Futuro,La Familia del Futuro (2007) [4K] [Español],,,,,,,,2007,,Animación,Infantil,4K,Español,false,1:34:46,5686,12614,catalogo_files/i_584_AN8C.webp,https://ok.ru/video/13046291696366,https://ok.ru/videoembed/13046291696366
1964,13013331610350,movie,A Scanner Darkly,A Scanner Darkly (2006) [4K] [Español],,,,,,,,2006,,Ciencia Ficción,Animación,4K,Español,false,1:40:25,6025,2124,catalogo_files/i_760_AN8C.webp,https://ok.ru/video/13013331610350,https://ok.ru/videoembed/13013331610350
1965,13014579284718,episode,Episodio 1,Temporada 2: One Piece [Español],one-piece,One Piece,2,,1,0,1458,,,Anime,Aventura,,Español,false,8:05:58,1458,3993,catalogo_files/i_133_AN8C.webp,https://ok.ru/video/13014579284718,https://ok.ru/videoembed/13014579284718
1966,13014579284718,episode,Episodio 2,Temporada 2: One Piece [Español],one-piece,One Piece,2,,2,1458,2916,,,Anime,Aventura,,Español,false,8:05:58,1458,3993,catalogo_files/i_133_AN8C.webp,https://ok.ru/video/13014579284718,https://ok.ru/videoembed/13014579284718
1967,13014579284718,episode,Episodio 3,Temporada 2: One Piece [Español],one-piece,One Piece,2,,3,2916,4374,,,Anime,Aventura,,Español,false,8:05:58,1458,3993,catalogo_files/i_133_AN8C.webp,https://ok.ru/video/13014579284718,https://ok.ru/videoembed/13014579284718
1968,13014579284718,episode,Episodio 4,Temporada 2: One Piece [Español],one-piece,One Piece,2,,4,4374,5832,,,Anime,Aventura,,Español,false,8:05:58,1458,3993,catalogo_files/i_133_AN8C.webp,https://ok.ru/video/13014579284718,https://ok.ru/videoembed/13014579284718
1969,13014579284718,episode,Episodio 5,Temporada 2: One Piece [Español],one-piece,One Piece,2,,5,5832,7290,,,Anime,Aventura,,Español,false,8:05:58,1458,3993,catalogo_files/i_133_AN8C.webp,https://ok.ru/video/13014579284718,https://ok.ru/videoembed/13014579284718
1970,13014579284718,episode,Episodio 6,Temporada 2: One Piece [Español],one-piece,One Piece,2,,6,7290,8747,,,Anime,Aventura,,Español,false,8:05:58,1457,3993,catalogo_files/i_133_AN8C.webp,https://ok.ru/video/13014579284718,https://ok.ru/videoembed/13014579284718
1971,13014579284718,episode,Episodio 7,Temporada 2: One Piece [Español],one-piece,One Piece,2,,7,8747,10205,,,Anime,Aventura,,Español,false,8:05:58,1458,3993,catalogo_files/i_133_AN8C.webp,https://ok.ru/video/13014579284718,https://ok.ru/videoembed/13014579284718
1972,13014579284718,episode,Episodio 8,Temporada 2: One Piece [Español],one-piece,One Piece,2,,8,10205,11663,,,Anime,Aventura,,Español,false,8:05:58,1458,3993,catalogo_files/i_133_AN8C.webp,https://ok.ru/video/13014579284718,https://ok.ru/videoembed/13014579284718
1973,13014579284718,episode,Episodio 9,Temporada 2: One Piece [Español],one-piece,One Piece,2,,9,11663,13121,,,Anime,Aventura,,Español,false,8:05:58,1458,3993,catalogo_files/i_133_AN8C.webp,https://ok.ru/video/13014579284718,https://ok.ru/videoembed/13014579284718
1974,13014579284718,episode,Episodio 10,Temporada 2: One Piece [Español],one-piece,One Piece,2,,10,13121,14579,,,Anime,Aventura,,Español,false,8:05:58,1458,3993,catalogo_files/i_133_AN8C.webp,https://ok.ru/video/13014579284718,https://ok.ru/videoembed/13014579284718
1975,13014579284718,episode,Episodio 11,Temporada 2: One Piece [Español],one-piece,One Piece,2,,11,14579,16037,,,Anime,Aventura,,Español,false,8:05:58,1458,3993,catalogo_files/i_133_AN8C.webp,https://ok.ru/video/13014579284718,https://ok.ru/videoembed/13014579284718
1976,13014579284718,episode,Episodio 12,Temporada 2: One Piece [Español],one-piece,One Piece,2,,12,16037,17495,,,Anime,Aventura,,Español,false,8:05:58,1458,3993,catalogo_files/i_133_AN8C.webp,https://ok.ru/video/13014579284718,https://ok.ru/videoembed/13014579284718
1977,13014579284718,episode,Episodio 13,Temporada 2: One Piece [Español],one-piece,One Piece,2,,13,17495,18953,,,Anime,Aventura,,Español,false,8:05:58,1458,3993,catalogo_files/i_133_AN8C.webp,https://ok.ru/video/13014579284718,https://ok.ru/videoembed/13014579284718
1978,13014579284718,episode,Episodio 14,Temporada 2: One Piece [Español],one-piece,One Piece,2,,14,18953,20411,,,Anime,Aventura,,Español,false,8:05:58,1458,3993,catalogo_files/i_133_AN8C.webp,https://ok.ru/video/13014579284718,https://ok.ru/videoembed/13014579284718
1979,13014579284718,episode,Episodio 15,Temporada 2: One Piece [Español],one-piece,One Piece,2,,15,20411,21868,,,Anime,Aventura,,Español,false,8:05:58,1457,3993,catalogo_files/i_133_AN8C.webp,https://ok.ru/video/13014579284718,https://ok.ru/videoembed/13014579284718
1980,13014579284718,episode,Episodio 16,Temporada 2: One Piece [Español],one-piece,One Piece,2,,16,21868,23326,,,Anime,Aventura,,Español,false,8:05:58,1458,3993,catalogo_files/i_133_AN8C.webp,https://ok.ru/video/13014579284718,https://ok.ru/videoembed/13014579284718
1981,13014579284718,episode,Episodio 17,Temporada 2: One Piece [Español],one-piece,One Piece,2,,17,23326,24784,,,Anime,Aventura,,Español,false,8:05:58,1458,3993,catalogo_files/i_133_AN8C.webp,https://ok.ru/video/13014579284718,https://ok.ru/videoembed/13014579284718
1982,13014579284718,episode,Episodio 18,Temporada 2: One Piece [Español],one-piece,One Piece,2,,18,24784,26242,,,Anime,Aventura,,Español,false,8:05:58,1458,3993,catalogo_files/i_133_AN8C.webp,https://ok.ru/video/13014579284718,https://ok.ru/videoembed/13014579284718
1983,13014579284718,episode,Episodio 19,Temporada 2: One Piece [Español],one-piece,One Piece,2,,19,26242,27700,,,Anime,Aventura,,Español,false,8:05:58,1458,3993,catalogo_files/i_133_AN8C.webp,https://ok.ru/video/13014579284718,https://ok.ru/videoembed/13014579284718
1984,13014579284718,episode,Episodio 20,Temporada 2: One Piece [Español],one-piece,One Piece,2,,20,27700,,,,Anime,Aventura,,Español,false,8:05:58,1458,3993,catalogo_files/i_133_AN8C.webp,https://ok.ru/video/13014579284718,https://ok.ru/videoembed/13014579284718
1985,13014305802990,movie,Los Dinosaurios,Los Dinosaurios (2026) [1080p] [Español],,,,,,,,2026,,Comedia,Infantil,1080p,Español,false,3:06:02,11162,3329,catalogo_files/i_074_AN8C.webp,https://ok.ru/video/13014305802990,https://ok.ru/videoembed/13014305802990
1986,13012943112942,movie,Pale Cocoon,Pale Cocoon (2005) [1080p] [Sub Español],,,,,,,,2005,,Anime,Ciencia Ficción,1080p,Español,true,22:54,1374,1548,catalogo_files/i_310_AN8C.webp,https://ok.ru/video/13012943112942,https://ok.ru/videoembed/13012943112942
1987,13011703892718,movie,Daishizen no Majuu Bagi,Daishizen no Majuu Bagi (1984) [1080p] [Sub Español],,,,,,,,1984,,Anime,Aventura,1080p,Español,true,1:24:48,5088,1548,catalogo_files/i_575_AN8C.webp,https://ok.ru/video/13011703892718,https://ok.ru/videoembed/13011703892718
1988,12999395183342,movie,Dragon Pink,Dragon Pink (1994) [1080p] [Sub Español],,,,,,,,1994,,Anime,Fantasía,1080p,Español,true,1:16:12,4572,2210,catalogo_files/i_884_AN8C.webp,https://ok.ru/video/12999395183342,https://ok.ru/videoembed/12999395183342
1989,12947198642926,movie,Riding Bean,Riding Bean (1989) [1080p] [Sub Español],,,,,,,,1989,,Anime,Acción,1080p,Español,true,45:23,2723,1921,catalogo_files/i_871_AN8C.webp,https://ok.ru/video/12947198642926,https://ok.ru/videoembed/12947198642926
1990,12730659834606,movie,Chicken Little,Chicken Little (2005) [4K] [Español],,,,,,,,2005,,Animación,Infantil,4K,Español,false,1:20:54,4854,9221,catalogo_files/i_640_AN8C.webp,https://ok.ru/video/12730659834606,https://ok.ru/videoembed/12730659834606
1991,12712779582190,movie,El Primer Escuadrón,El Primer Escuadrón (2009) [1080p] [Español],,,,,,,,2009,,Anime,Fantasía,1080p,Español,false,1:00:28,3628,1820,catalogo_files/i_279_AN8C.webp,https://ok.ru/video/12712779582190,https://ok.ru/videoembed/12712779582190
1992,12599252421358,movie,El Verano de Coo,El Verano de Coo (2007) [1080p] [Español],,,,,,,,2007,,Anime,Aventura,1080p,Español,false,2:18:20,8300,3312,catalogo_files/i_815_AN8C.webp,https://ok.ru/video/12599252421358,https://ok.ru/videoembed/12599252421358
1993,12576836946670,movie,Cutie Honey: Live Action,Cutie Honey: Live Action (2004) [1080p] [Sub Español],,,,,,,,2004,,Acción,Comedia,1080p,Español,true,1:33:06,5586,2210,catalogo_files/i_589_AN8C.webp,https://ok.ru/video/12576836946670,https://ok.ru/videoembed/12576836946670
1994,12587094837998,movie,El Fantástico Sr. Zorro,El Fantástico Sr. Zorro (2009) [4K] [Español],,,,,,,,2009,,Animación,Aventura,4K,Español,false,1:26:57,5217,15275,catalogo_files/i_078_AN8C.webp,https://ok.ru/video/12587094837998,https://ok.ru/videoembed/12587094837998
1995,12522105932526,movie,El planeta del tesoro,El planeta del tesoro (2002) [4K] [Español],,,,,,,,2002,,Animación,Aventura,4K,Español,false,1:35:24,5724,12809,catalogo_files/i_396_AN8C.webp,https://ok.ru/video/12522105932526,https://ok.ru/videoembed/12522105932526
1996,12398087965422,movie,La bella durmiente,La bella durmiente (1959) [4K] [Español],,,,,,,,1959,,Clásicos,Animación,4K,Español,false,1:11:57,4317,5177,catalogo_files/i_042_AN8C.webp,https://ok.ru/video/12398087965422,https://ok.ru/videoembed/12398087965422
1997,12423579241198,movie,Zombie Ship,Zombie Ship (2025) [4K] [Sub Español],,,,,,,,2025,,Terror,,4K,Español,true,08:03,483,1325,catalogo_files/i_451_AN8C.webp,https://ok.ru/video/12423579241198,https://ok.ru/videoembed/12423579241198
1998,12423485131502,movie,Pastacolypse,Pastacolypse (2023) [1080p] [Sub Español],,,,,,,,2023,,Comedia,Terror,1080p,Español,true,1:10:33,4233,1685,catalogo_files/i_347_AN8C.webp,https://ok.ru/video/12423485131502,https://ok.ru/videoembed/12423485131502
1999,12403799034606,movie,Las Guerreras K-Pop,Las Guerreras K-Pop (2025) [4K] [Español],,,,,,,,2025,,Animación,Acción,4K,Español,false,1:39:37,5977,4123,catalogo_files/i_586_AN8C.webp,https://ok.ru/video/12403799034606,https://ok.ru/videoembed/12403799034606
2000,12382361422574,movie,Peter Pan,Peter Pan (1953) [4K] [Español],,,,,,,,1953,,Clásicos,Animación,4K,Español,false,1:16:46,4606,4450,catalogo_files/i_359_AN8C.webp,https://ok.ru/video/12382361422574,https://ok.ru/videoembed/12382361422574
2001,12377445370606,movie,Las Crónicas de Narnia,Las Crónicas de Narnia (2005) [4K] [Español],,,,,,,,2005,,Fantasía,Aventura,4K,Español,false,2:22:59,8579,3097,catalogo_files/i_453_AN8C.webp,https://ok.ru/video/12377445370606,https://ok.ru/videoembed/12377445370606
2002,12358581816046,movie,Justy: Policía del cosmos,Justy: Policía del cosmos (1985) [4K] [Español],,,,,,,,1985,,Anime,Ciencia Ficción,4K,Español,false,44:23,2663,2376,catalogo_files/i_135_AN8C.webp,https://ok.ru/video/12358581816046,https://ok.ru/videoembed/12358581816046
2003,12358090033902,movie,Sin: The Movie,Sin: The Movie (2000) [1080p] [Español],,,,,,,,2000,,Anime,Acción,1080p,Español,false,57:13,3433,2294,catalogo_files/i_373_AN8C.webp,https://ok.ru/video/12358090033902,https://ok.ru/videoembed/12358090033902
2004,12335627373294,movie,DIABOLI,DIABOLI (2025) [4K] [Sub Español],,,,,,,,2025,,Terror,,4K,Español,true,07:37,457,2059,catalogo_files/i_268_AN8C.webp,https://ok.ru/video/12335627373294,https://ok.ru/videoembed/12335627373294
2005,12332152654574,movie,Contaminemos,Contaminemos (2009) [1080p] [Sub Español],,,,,,,,2009,,Documental,,1080p,Español,true,06:28,388,1156,catalogo_files/i_553_AN8C.webp,https://ok.ru/video/12332152654574,https://ok.ru/videoembed/12332152654574
2006,12329217690350,movie,Isla de Perros,Isla de Perros (2018) [4K] [Español],,,,,,,,2018,,Animación,Aventura,4K,Español,false,1:41:07,6067,3418,catalogo_files/i_235_AN8C.webp,https://ok.ru/video/12329217690350,https://ok.ru/videoembed/12329217690350
2007,12306496752366,episode,Episodio 1,Samurái de ojos azules - Temporada 1 (2023) [1080p] [Español],samurai-de-ojos-azules,Samurái de ojos azules,1,,1,0,2861,2023,,Animación,Acción,1080p,Español,false,6:21:25,2861,1726,catalogo_files/i_299_AN8C.webp,https://ok.ru/video/12306496752366,https://ok.ru/videoembed/12306496752366
2008,12306496752366,episode,Episodio 2,Samurái de ojos azules - Temporada 1 (2023) [1080p] [Español],samurai-de-ojos-azules,Samurái de ojos azules,1,,2,2861,5721,2023,,Animación,Acción,1080p,Español,false,6:21:25,2860,1726,catalogo_files/i_299_AN8C.webp,https://ok.ru/video/12306496752366,https://ok.ru/videoembed/12306496752366
2009,12306496752366,episode,Episodio 3,Samurái de ojos azules - Temporada 1 (2023) [1080p] [Español],samurai-de-ojos-azules,Samurái de ojos azules,1,,3,5721,8582,2023,,Animación,Acción,1080p,Español,false,6:21:25,2861,1726,catalogo_files/i_299_AN8C.webp,https://ok.ru/video/12306496752366,https://ok.ru/videoembed/12306496752366
2010,12306496752366,episode,Episodio 4,Samurái de ojos azules - Temporada 1 (2023) [1080p] [Español],samurai-de-ojos-azules,Samurái de ojos azules,1,,4,8582,11442,2023,,Animación,Acción,1080p,Español,false,6:21:25,2860,1726,catalogo_files/i_299_AN8C.webp,https://ok.ru/video/12306496752366,https://ok.ru/videoembed/12306496752366
2011,12306496752366,episode,Episodio 5,Samurái de ojos azules - Temporada 1 (2023) [1080p] [Español],samurai-de-ojos-azules,Samurái de ojos azules,1,,5,11442,14303,2023,,Animación,Acción,1080p,Español,false,6:21:25,2861,1726,catalogo_files/i_299_AN8C.webp,https://ok.ru/video/12306496752366,https://ok.ru/videoembed/12306496752366
2012,12306496752366,episode,Episodio 6,Samurái de ojos azules - Temporada 1 (2023) [1080p] [Español],samurai-de-ojos-azules,Samurái de ojos azules,1,,6,14303,17164,2023,,Animación,Acción,1080p,Español,false,6:21:25,2861,1726,catalogo_files/i_299_AN8C.webp,https://ok.ru/video/12306496752366,https://ok.ru/videoembed/12306496752366
2013,12306496752366,episode,Episodio 7,Samurái de ojos azules - Temporada 1 (2023) [1080p] [Español],samurai-de-ojos-azules,Samurái de ojos azules,1,,7,17164,20024,2023,,Animación,Acción,1080p,Español,false,6:21:25,2860,1726,catalogo_files/i_299_AN8C.webp,https://ok.ru/video/12306496752366,https://ok.ru/videoembed/12306496752366
2014,12306496752366,episode,Episodio 8,Samurái de ojos azules - Temporada 1 (2023) [1080p] [Español],samurai-de-ojos-azules,Samurái de ojos azules,1,,8,20024,,2023,,Animación,Acción,1080p,Español,false,6:21:25,2861,1726,catalogo_files/i_299_AN8C.webp,https://ok.ru/video/12306496752366,https://ok.ru/videoembed/12306496752366
2015,12303461518062,episode,Episodio 1,Temporada 1: La Ley de las Vegas [Español],la-ley-de-las-vegas,La Ley de las Vegas,1,,1,0,1599,,,Acción,,,Español,false,4:26:34,1599,1463,catalogo_files/i_827_AN8C.webp,https://ok.ru/video/12303461518062,https://ok.ru/videoembed/12303461518062
2016,12303461518062,episode,Episodio 2,Temporada 1: La Ley de las Vegas [Español],la-ley-de-las-vegas,La Ley de las Vegas,1,,2,1599,3199,,,Acción,,,Español,false,4:26:34,1600,1463,catalogo_files/i_827_AN8C.webp,https://ok.ru/video/12303461518062,https://ok.ru/videoembed/12303461518062
2017,12303461518062,episode,Episodio 3,Temporada 1: La Ley de las Vegas [Español],la-ley-de-las-vegas,La Ley de las Vegas,1,,3,3199,4798,,,Acción,,,Español,false,4:26:34,1599,1463,catalogo_files/i_827_AN8C.webp,https://ok.ru/video/12303461518062,https://ok.ru/videoembed/12303461518062
2018,12303461518062,episode,Episodio 4,Temporada 1: La Ley de las Vegas [Español],la-ley-de-las-vegas,La Ley de las Vegas,1,,4,4798,6398,,,Acción,,,Español,false,4:26:34,1600,1463,catalogo_files/i_827_AN8C.webp,https://ok.ru/video/12303461518062,https://ok.ru/videoembed/12303461518062
2019,12303461518062,episode,Episodio 5,Temporada 1: La Ley de las Vegas [Español],la-ley-de-las-vegas,La Ley de las Vegas,1,,5,6398,7997,,,Acción,,,Español,false,4:26:34,1599,1463,catalogo_files/i_827_AN8C.webp,https://ok.ru/video/12303461518062,https://ok.ru/videoembed/12303461518062
2020,12303461518062,episode,Episodio 6,Temporada 1: La Ley de las Vegas [Español],la-ley-de-las-vegas,La Ley de las Vegas,1,,6,7997,9596,,,Acción,,,Español,false,4:26:34,1599,1463,catalogo_files/i_827_AN8C.webp,https://ok.ru/video/12303461518062,https://ok.ru/videoembed/12303461518062
2021,12303461518062,episode,Episodio 7,Temporada 1: La Ley de las Vegas [Español],la-ley-de-las-vegas,La Ley de las Vegas,1,,7,9596,11196,,,Acción,,,Español,false,4:26:34,1600,1463,catalogo_files/i_827_AN8C.webp,https://ok.ru/video/12303461518062,https://ok.ru/videoembed/12303461518062
2022,12303461518062,episode,Episodio 8,Temporada 1: La Ley de las Vegas [Español],la-ley-de-las-vegas,La Ley de las Vegas,1,,8,11196,12795,,,Acción,,,Español,false,4:26:34,1599,1463,catalogo_files/i_827_AN8C.webp,https://ok.ru/video/12303461518062,https://ok.ru/videoembed/12303461518062
2023,12303461518062,episode,Episodio 9,Temporada 1: La Ley de las Vegas [Español],la-ley-de-las-vegas,La Ley de las Vegas,1,,9,12795,14395,,,Acción,,,Español,false,4:26:34,1600,1463,catalogo_files/i_827_AN8C.webp,https://ok.ru/video/12303461518062,https://ok.ru/videoembed/12303461518062
2024,12303461518062,episode,Episodio 10,Temporada 1: La Ley de las Vegas [Español],la-ley-de-las-vegas,La Ley de las Vegas,1,,10,14395,,,,Acción,,,Español,false,4:26:34,1599,1463,catalogo_files/i_827_AN8C.webp,https://ok.ru/video/12303461518062,https://ok.ru/videoembed/12303461518062
2025,12302574684910,movie,Capitán Harlock: Arcadia de mi juventud,Capitán Harlock: Arcadia de mi juventud (1982) [1080p] [Español],,,,,,,,1982,,Anime,Ciencia Ficción,1080p,Español,false,2:10:00,7800,1805,catalogo_files/i_326_AN8C.webp,https://ok.ru/video/12302574684910,https://ok.ru/videoembed/12302574684910
2026,12287719246574,movie,El huevo del ángel,El huevo del ángel (1985) [4K] [Sub Español],,,,,,,,1985,,Anime,Drama,4K,Español,true,1:11:24,4284,3198,catalogo_files/i_015_AN8C.webp,https://ok.ru/video/12287719246574,https://ok.ru/videoembed/12287719246574
2027,12287807064814,movie,Firebreather,Firebreather (2010) [1080p] [Español],,,,,,,,2010,,Animación,Superhéroes,1080p,Español,false,1:09:07,4147,1736,catalogo_files/i_100_AN8C.webp,https://ok.ru/video/12287807064814,https://ok.ru/videoembed/12287807064814
2028,12279372516078,movie,Space Firebird 2772,Space Firebird 2772 (1980) [1080p] [Español],,,,,,,,1980,,Anime,Ciencia Ficción,1080p,Español,false,2:00:59,7259,1625,catalogo_files/i_154_AN8C.webp,https://ok.ru/video/12279372516078,https://ok.ru/videoembed/12279372516078
2029,12266690841326,movie,La Leyenda de Frankenstein,La Leyenda de Frankenstein (1981) [1080p] [Español],,,,,,,,1981,,Terror,,1080p,Español,false,1:29:20,5360,4538,catalogo_files/i_905_AN8C.webp,https://ok.ru/video/12266690841326,https://ok.ru/videoembed/12266690841326
2030,12189533145838,movie,Thunderboys: Criatura del Espacio,Thunderboys: Criatura del Espacio (1986) [1080p] [Español],,,,,,,,1986,,Animación,Ciencia Ficción,1080p,Español,false,43:43,2623,1611,catalogo_files/i_600_AN8C.webp,https://ok.ru/video/12189533145838,https://ok.ru/videoembed/12189533145838
2031,12187817282286,movie,Starchaser: La leyenda de Orin,Starchaser: La leyenda de Orin (1985) [1080p] [Español],,,,,,,,1985,,Animación,Ciencia Ficción,1080p,Español,false,1:39:55,5995,2191,catalogo_files/i_892_AN8C.webp,https://ok.ru/video/12187817282286,https://ok.ru/videoembed/12187817282286
2032,12177174104814,movie,La Cenicienta,La Cenicienta (1950) [4K] [Español],,,,,,,,1950,,Clásicos,Infantil,4K,Español,false,1:14:30,4470,8475,catalogo_files/i_717_AN8C.webp,https://ok.ru/video/12177174104814,https://ok.ru/videoembed/12177174104814
2033,12165548608238,movie,Jin-Roh: The Wolf Brigade,Jin-Roh: The Wolf Brigade (1999) [4K] [Español],,,,,,,,1999,,Anime,Drama,4K,Español,false,1:42:12,6132,3344,catalogo_files/i_524_AN8C.webp,https://ok.ru/video/12165548608238,https://ok.ru/videoembed/12165548608238
2034,12162205682414,movie,The Prodigies,The Prodigies (2011) [1080p] [Sub Español],,,,,,,,2011,,Animación,Ciencia Ficción,1080p,Español,true,1:35:12,5712,1355,catalogo_files/i_744_AN8C.webp,https://ok.ru/video/12162205682414,https://ok.ru/videoembed/12162205682414
2035,12163305900782,movie,Cinderella the Cat,Cinderella the Cat (2017) [1080p] [Sub Español],,,,,,,,2017,,Animación,Fantasía,1080p,Español,true,1:26:55,5215,1340,catalogo_files/i_171_AN8C.webp,https://ok.ru/video/12163305900782,https://ok.ru/videoembed/12163305900782
2036,12141299436270,movie,El imperio de cadáveres,El imperio de cadáveres (2015) [1080p] [Sub Español],,,,,,,,2015,,Anime,Ciencia Ficción,1080p,Español,true,2:00:07,7207,1601,catalogo_files/i_192_AN8C.webp,https://ok.ru/video/12141299436270,https://ok.ru/videoembed/12141299436270
2037,12137774779118,movie,Antz hormiguitaz,Antz hormiguitaz (1998) [1080p] [Español],,,,,,,,1998,,Animación,Infantil,1080p,Español,false,1:23:22,5002,2314,catalogo_files/i_668_AN8C.webp,https://ok.ru/video/12137774779118,https://ok.ru/videoembed/12137774779118
2038,12129903643374,movie,Spriggan,Spriggan (1998) [1080p] [Español],,,,,,,,1998,,Anime,Acción,1080p,Español,false,1:30:31,5431,1763,catalogo_files/i_694_AN8C.webp,https://ok.ru/video/12129903643374,https://ok.ru/videoembed/12129903643374
2039,12136087816942,movie,Vampire Wars,Vampire Wars (1990) [1080p] [Sub Español],,,,,,,,1990,,Anime,Terror,1080p,Español,true,52:34,3154,2014,catalogo_files/i_410_AN8C.webp,https://ok.ru/video/12136087816942,https://ok.ru/videoembed/12136087816942
2040,12071593904878,movie,Titan A.E.,Titan A.E. (2000) [4K] [Español],,,,,,,,2000,,Animación,Ciencia Ficción,4K,Español,false,1:34:58,5698,1741,catalogo_files/i_033_AN8C.webp,https://ok.ru/video/12071593904878,https://ok.ru/videoembed/12071593904878
2041,12070959123182,movie,Le Big Bang,Le Big Bang (1987) [1080p] [Español],,,,,,,,1987,,Comedia,,1080p,Español,false,1:13:06,4386,2386,catalogo_files/i_748_AN8C.webp,https://ok.ru/video/12070959123182,https://ok.ru/videoembed/12070959123182
2042,12051974392558,movie,Goldblood,Goldblood (2026) [1080p] [Español],,,,,,,,2026,,Animación,Acción,1080p,Español,false,11:06,666,1571,catalogo_files/i_300_AN8C.webp,https://ok.ru/video/12051974392558,https://ok.ru/videoembed/12051974392558
2043,12044710578926,movie,Súper Escuela de Héroes,Súper Escuela de Héroes (2005) [4K] [Español],,,,,,,,2005,,Anime,Superhéroes,4K,Español,false,1:35:32,5732,3751,catalogo_files/i_903_AN8C.webp,https://ok.ru/video/12044710578926,https://ok.ru/videoembed/12044710578926
2044,12023850535662,movie,El Gran Avatar Narsimha,El Gran Avatar Narsimha (2025) [1080p] [Sub Español],,,,,,,,2025,,Animación,Fantasía,1080p,Español,true,2:11:19,7879,1379,catalogo_files/i_675_AN8C.webp,https://ok.ru/video/12023850535662,https://ok.ru/videoembed/12023850535662
2045,12025690983150,movie,Blood El Último Vampiro,Blood El Último Vampiro (2000) [4K] [Español],,,,,,,,2000,,Anime,Terror,4K,Español,false,48:16,2896,3022,catalogo_files/i_165_AN8C.webp,https://ok.ru/video/12025690983150,https://ok.ru/videoembed/12025690983150
2046,12005368072942,movie,Nimona,Nimona (2023) [4K] [Español],,,,,,,,2023,,Animación,Fantasía,4K,Español,false,1:42:45,6165,1716,catalogo_files/i_882_AN8C.webp,https://ok.ru/video/12005368072942,https://ok.ru/videoembed/12005368072942
2047,11981825706734,movie,Rock & Rule,Rock & Rule (1983) [1080p] [Español],,,,,,,,1983,,Animación,Fantasía,1080p,Español,false,1:17:25,4645,2374,catalogo_files/i_898_AN8C.webp,https://ok.ru/video/11981825706734,https://ok.ru/videoembed/11981825706734
2048,11967318395630,movie,Monkeybone,Monkeybone (2001) [1080p] [Español],,,,,,,,2001,,Comedia,Fantasía,1080p,Español,false,1:32:43,5563,2203,catalogo_files/i_854_AN8C.webp,https://ok.ru/video/11967318395630,https://ok.ru/videoembed/11967318395630
2049,11915005135598,movie,Robots,Robots (2005) [1080p] [Español],,,,,,,,2005,,Animación,Infantil,1080p,Español,false,1:29:47,5387,2562,catalogo_files/i_141_AN8C.webp,https://ok.ru/video/11915005135598,https://ok.ru/videoembed/11915005135598
2050,11975934937838,movie,Nueve,Nueve (2009) [4K] [Español],,,,,,,,2009,,Animación,Ciencia Ficción,4K,Español,false,1:19:24,4764,2786,catalogo_files/i_632_AN8C.webp,https://ok.ru/video/11975934937838,https://ok.ru/videoembed/11975934937838
2051,10073744411374,movie,Los Tipos Malos 2,Los Tipos Malos 2 (2025) [4K] [Español],,,,,,,,2025,,Animación,Infantil,4K,Español,false,1:43:45,6225,1602,catalogo_files/i_481_AN8C.webp,https://ok.ru/video/10073744411374,https://ok.ru/videoembed/10073744411374
2052,11916578196206,movie,Sr. Link,Sr. Link (2019) [4K] [Español],,,,,,,,2019,,Animación,Aventura,4K,Español,false,1:34:25,5665,1664,catalogo_files/i_622_AN8C.webp,https://ok.ru/video/11916578196206,https://ok.ru/videoembed/11916578196206
2053,11905450511086,movie,Robin Hood,Robin Hood (1973) [4K] [Español],,,,,,,,1973,,Animación,Infantil,4K,Español,false,1:23:02,4982,4008,catalogo_files/i_823_AN8C.webp,https://ok.ru/video/11905450511086,https://ok.ru/videoembed/11905450511086
2054,11891651119854,movie,Zathura,Zathura (2005) [4K] [Español],,,,,,,,2005,,Aventura,Ciencia Ficción,4K,Español,false,1:41:20,6080,3197,catalogo_files/i_313_AN8C.webp,https://ok.ru/video/11891651119854,https://ok.ru/videoembed/11891651119854
2055,11874782218990,movie,Quién engañó a Roger Rabbit?,Quién engañó a Roger Rabbit? (1988) [4K] [Español],,,,,,,,1988,,Comedia,Animación,4K,Español,false,1:43:47,6227,6523,catalogo_files/i_094_AN8C.webp,https://ok.ru/video/11874782218990,https://ok.ru/videoembed/11874782218990
2056,11846990367470,movie,Goofy: La Película,Goofy: La Película (1995) [4K] [Español],,,,,,,,1995,,Animación,Infantil,4K,Español,false,1:17:44,4664,4380,catalogo_files/i_650_AN8C.webp,https://ok.ru/video/11846990367470,https://ok.ru/videoembed/11846990367470
2057,11843491269358,movie,Los Gatos no Bailan,Los Gatos no Bailan (1997) [4K] [Español],,,,,,,,1997,,Animación,Infantil,4K,Español,false,1:15:10,4510,1855,catalogo_files/i_776_AN8C.webp,https://ok.ru/video/11843491269358,https://ok.ru/videoembed/11843491269358
2058,11735928343278,movie,Suerte,Suerte (2022) [4K] [Español],,,,,,,,2022,,Animación,Infantil,4K,Español,false,1:45:24,6324,2108,catalogo_files/i_828_AN8C.webp,https://ok.ru/video/11735928343278,https://ok.ru/videoembed/11735928343278
2059,11727805156078,movie,La Tostadora Valiente,La Tostadora Valiente (1987) [4K] [Sub Español],,,,,,,,1987,,Animación,Infantil,4K,Español,true,1:31:31,5491,1346,catalogo_files/i_395_AN8C.webp,https://ok.ru/video/11727805156078,https://ok.ru/videoembed/11727805156078
2060,11709127920366,movie,Eneida,Eneida (1991) [4K] [Sub Español],,,,,,,,1991,,Animación,Comedia,4K,Español,true,1:08:35,4115,1420,catalogo_files/i_817_AN8C.webp,https://ok.ru/video/11709127920366,https://ok.ru/videoembed/11709127920366
2061,11047256001262,movie,La Reina de Las Nieves,La Reina de Las Nieves (1995) [4K] [Español],,,,,,,,1995,,Animación,Fantasía,4K,Español,false,1:18:49,4729,1259,catalogo_files/i_097_AN8C.webp,https://ok.ru/video/11047256001262,https://ok.ru/videoembed/11047256001262
2062,11690214951662,movie,Nerdland,Nerdland (2016) [1080p] [Sub Español],,,,,,,,2016,,Animación,Comedia,1080p,Español,true,1:22:56,4976,1324,catalogo_files/i_188_AN8C.webp,https://ok.ru/video/11690214951662,https://ok.ru/videoembed/11690214951662
2063,11689718581998,movie,Godkiller,Godkiller (2010) [1080p] [Sub Español],,,,,,,,2010,,Animación,Ciencia Ficción,1080p,Español,true,1:12:41,4361,1470,catalogo_files/i_787_AN8C.webp,https://ok.ru/video/11689718581998,https://ok.ru/videoembed/11689718581998
2064,11672364583662,movie,El Cristal Encantado,El Cristal Encantado (1982) [4K] [Español],,,,,,,,1982,,Fantasía,Aventura,4K,Español,false,1:33:07,5587,3496,catalogo_files/i_213_AN8C.webp,https://ok.ru/video/11672364583662,https://ok.ru/videoembed/11672364583662
2065,11673166613230,movie,Betty Boop: Snow White,Betty Boop: Snow White (1933) [4K] [Sub Español],,,,,,,,1933,,Clásicos,Animación,4K,Español,true,07:07,427,1249,catalogo_files/i_746_AN8C.webp,https://ok.ru/video/11673166613230,https://ok.ru/videoembed/11673166613230
2066,11666682415854,movie,Órgano Genocida,Órgano Genocida (2017) [1080p] [Español],,,,,,,,2017,,Anime,Ciencia Ficción,1080p,Español,false,1:54:33,6873,1666,catalogo_files/i_157_AN8C.webp,https://ok.ru/video/11666682415854,https://ok.ru/videoembed/11666682415854
2067,11615869209326,episode,Episodio 1,Temporada 1: Devil May Cry [4K] [Sub Español],devil-may-cry,Devil May Cry,1,,1,0,2208,,,Animación,Acción,4K,Español,true,4:54:24,2208,1957,catalogo_files/i_233_AN8C.webp,https://ok.ru/video/11615869209326,https://ok.ru/videoembed/11615869209326
2068,11615869209326,episode,Episodio 2,Temporada 1: Devil May Cry [4K] [Sub Español],devil-may-cry,Devil May Cry,1,,2,2208,4416,,,Animación,Acción,4K,Español,true,4:54:24,2208,1957,catalogo_files/i_233_AN8C.webp,https://ok.ru/video/11615869209326,https://ok.ru/videoembed/11615869209326
2069,11615869209326,episode,Episodio 3,Temporada 1: Devil May Cry [4K] [Sub Español],devil-may-cry,Devil May Cry,1,,3,4416,6624,,,Animación,Acción,4K,Español,true,4:54:24,2208,1957,catalogo_files/i_233_AN8C.webp,https://ok.ru/video/11615869209326,https://ok.ru/videoembed/11615869209326
2070,11615869209326,episode,Episodio 4,Temporada 1: Devil May Cry [4K] [Sub Español],devil-may-cry,Devil May Cry,1,,4,6624,8832,,,Animación,Acción,4K,Español,true,4:54:24,2208,1957,catalogo_files/i_233_AN8C.webp,https://ok.ru/video/11615869209326,https://ok.ru/videoembed/11615869209326
2071,11615869209326,episode,Episodio 5,Temporada 1: Devil May Cry [4K] [Sub Español],devil-may-cry,Devil May Cry,1,,5,8832,11040,,,Animación,Acción,4K,Español,true,4:54:24,2208,1957,catalogo_files/i_233_AN8C.webp,https://ok.ru/video/11615869209326,https://ok.ru/videoembed/11615869209326
2072,11615869209326,episode,Episodio 6,Temporada 1: Devil May Cry [4K] [Sub Español],devil-may-cry,Devil May Cry,1,,6,11040,13248,,,Animación,Acción,4K,Español,true,4:54:24,2208,1957,catalogo_files/i_233_AN8C.webp,https://ok.ru/video/11615869209326,https://ok.ru/videoembed/11615869209326
2073,11615869209326,episode,Episodio 7,Temporada 1: Devil May Cry [4K] [Sub Español],devil-may-cry,Devil May Cry,1,,7,13248,15456,,,Animación,Acción,4K,Español,true,4:54:24,2208,1957,catalogo_files/i_233_AN8C.webp,https://ok.ru/video/11615869209326,https://ok.ru/videoembed/11615869209326
2074,11615869209326,episode,Episodio 8,Temporada 1: Devil May Cry [4K] [Sub Español],devil-may-cry,Devil May Cry,1,,8,15456,,,,Animación,Acción,4K,Español,true,4:54:24,2208,1957,catalogo_files/i_233_AN8C.webp,https://ok.ru/video/11615869209326,https://ok.ru/videoembed/11615869209326
2075,11611549993710,movie,Pinocho,Pinocho (1940) [4K] [Español],,,,,,,,1940,,Clásicos,Infantil,4K,Español,false,1:27:35,5255,4984,catalogo_files/i_421_AN8C.webp,https://ok.ru/video/11611549993710,https://ok.ru/videoembed/11611549993710
2076,11609487379182,movie,Canción del Sur,Canción del Sur (1946) [4K] [Sub Español],,,,,,,,1946,,Clásicos,Animación,4K,Español,true,1:33:50,5630,1211,catalogo_files/i_839_AN8C.webp,https://ok.ru/video/11609487379182,https://ok.ru/videoembed/11609487379182
2077,11594815572718,movie,The Five Star Stories,The Five Star Stories (1989) [1080p] [Sub Español],,,,,,,,1989,,Anime,Ciencia Ficción,1080p,Español,true,1:05:55,3955,1357,catalogo_files/i_028_AN8C.webp,https://ok.ru/video/11594815572718,https://ok.ru/videoembed/11594815572718
2078,11594376481518,movie,Iké Boys,Iké Boys (2021) [1080p] [Sub Español],,,,,,,,2021,,Superhéroes,Comedia,1080p,Español,true,1:28:10,5290,1292,catalogo_files/i_648_AN8C.webp,https://ok.ru/video/11594376481518,https://ok.ru/videoembed/11594376481518
2079,11594083142382,movie,El profeta,El profeta (2014) [1080p] [Español],,,,,,,,2014,,Animación,Drama,1080p,Español,false,1:25:18,5118,1547,catalogo_files/i_429_AN8C.webp,https://ok.ru/video/11594083142382,https://ok.ru/videoembed/11594083142382
2080,11573217200878,movie,Bio Hunter,Bio Hunter (1995) [4K] [Sub Español],,,,,,,,1995,,Anime,Terror,4K,Español,true,58:13,3493,1899,catalogo_files/i_084_AN8C.webp,https://ok.ru/video/11573217200878,https://ok.ru/videoembed/11573217200878
2081,11496736033518,episode,Episodio 1,Temporada 1: TRON: La Resistencia [Español],tron-la-resistencia,TRON: La Resistencia,1,,1,0,1353,,,Animación,Ciencia Ficción,,Español,false,7:08:23,1353,1639,catalogo_files/i_672_AN8C.webp,https://ok.ru/video/11496736033518,https://ok.ru/videoembed/11496736033518
2082,11496736033518,episode,Episodio 2,Temporada 1: TRON: La Resistencia [Español],tron-la-resistencia,TRON: La Resistencia,1,,2,1353,2706,,,Animación,Ciencia Ficción,,Español,false,7:08:23,1353,1639,catalogo_files/i_672_AN8C.webp,https://ok.ru/video/11496736033518,https://ok.ru/videoembed/11496736033518
2083,11496736033518,episode,Episodio 3,Temporada 1: TRON: La Resistencia [Español],tron-la-resistencia,TRON: La Resistencia,1,,3,2706,4058,,,Animación,Ciencia Ficción,,Español,false,7:08:23,1352,1639,catalogo_files/i_672_AN8C.webp,https://ok.ru/video/11496736033518,https://ok.ru/videoembed/11496736033518
2084,11496736033518,episode,Episodio 4,Temporada 1: TRON: La Resistencia [Español],tron-la-resistencia,TRON: La Resistencia,1,,4,4058,5411,,,Animación,Ciencia Ficción,,Español,false,7:08:23,1353,1639,catalogo_files/i_672_AN8C.webp,https://ok.ru/video/11496736033518,https://ok.ru/videoembed/11496736033518
2085,11496736033518,episode,Episodio 5,Temporada 1: TRON: La Resistencia [Español],tron-la-resistencia,TRON: La Resistencia,1,,5,5411,6764,,,Animación,Ciencia Ficción,,Español,false,7:08:23,1353,1639,catalogo_files/i_672_AN8C.webp,https://ok.ru/video/11496736033518,https://ok.ru/videoembed/11496736033518
2086,11496736033518,episode,Episodio 6,Temporada 1: TRON: La Resistencia [Español],tron-la-resistencia,TRON: La Resistencia,1,,6,6764,8117,,,Animación,Ciencia Ficción,,Español,false,7:08:23,1353,1639,catalogo_files/i_672_AN8C.webp,https://ok.ru/video/11496736033518,https://ok.ru/videoembed/11496736033518
2087,11496736033518,episode,Episodio 7,Temporada 1: TRON: La Resistencia [Español],tron-la-resistencia,TRON: La Resistencia,1,,7,8117,9470,,,Animación,Ciencia Ficción,,Español,false,7:08:23,1353,1639,catalogo_files/i_672_AN8C.webp,https://ok.ru/video/11496736033518,https://ok.ru/videoembed/11496736033518
2088,11496736033518,episode,Episodio 8,Temporada 1: TRON: La Resistencia [Español],tron-la-resistencia,TRON: La Resistencia,1,,8,9470,10822,,,Animación,Ciencia Ficción,,Español,false,7:08:23,1352,1639,catalogo_files/i_672_AN8C.webp,https://ok.ru/video/11496736033518,https://ok.ru/videoembed/11496736033518
2089,11496736033518,episode,Episodio 9,Temporada 1: TRON: La Resistencia [Español],tron-la-resistencia,TRON: La Resistencia,1,,9,10822,12175,,,Animación,Ciencia Ficción,,Español,false,7:08:23,1353,1639,catalogo_files/i_672_AN8C.webp,https://ok.ru/video/11496736033518,https://ok.ru/videoembed/11496736033518
2090,11496736033518,episode,Episodio 10,Temporada 1: TRON: La Resistencia [Español],tron-la-resistencia,TRON: La Resistencia,1,,10,12175,13528,,,Animación,Ciencia Ficción,,Español,false,7:08:23,1353,1639,catalogo_files/i_672_AN8C.webp,https://ok.ru/video/11496736033518,https://ok.ru/videoembed/11496736033518
2091,11496736033518,episode,Episodio 11,Temporada 1: TRON: La Resistencia [Español],tron-la-resistencia,TRON: La Resistencia,1,,11,13528,14881,,,Animación,Ciencia Ficción,,Español,false,7:08:23,1353,1639,catalogo_files/i_672_AN8C.webp,https://ok.ru/video/11496736033518,https://ok.ru/videoembed/11496736033518
2092,11496736033518,episode,Episodio 12,Temporada 1: TRON: La Resistencia [Español],tron-la-resistencia,TRON: La Resistencia,1,,12,14881,16233,,,Animación,Ciencia Ficción,,Español,false,7:08:23,1352,1639,catalogo_files/i_672_AN8C.webp,https://ok.ru/video/11496736033518,https://ok.ru/videoembed/11496736033518
2093,11496736033518,episode,Episodio 13,Temporada 1: TRON: La Resistencia [Español],tron-la-resistencia,TRON: La Resistencia,1,,13,16233,17586,,,Animación,Ciencia Ficción,,Español,false,7:08:23,1353,1639,catalogo_files/i_672_AN8C.webp,https://ok.ru/video/11496736033518,https://ok.ru/videoembed/11496736033518
2094,11496736033518,episode,Episodio 14,Temporada 1: TRON: La Resistencia [Español],tron-la-resistencia,TRON: La Resistencia,1,,14,17586,18939,,,Animación,Ciencia Ficción,,Español,false,7:08:23,1353,1639,catalogo_files/i_672_AN8C.webp,https://ok.ru/video/11496736033518,https://ok.ru/videoembed/11496736033518
2095,11496736033518,episode,Episodio 15,Temporada 1: TRON: La Resistencia [Español],tron-la-resistencia,TRON: La Resistencia,1,,15,18939,20292,,,Animación,Ciencia Ficción,,Español,false,7:08:23,1353,1639,catalogo_files/i_672_AN8C.webp,https://ok.ru/video/11496736033518,https://ok.ru/videoembed/11496736033518
2096,11496736033518,episode,Episodio 16,Temporada 1: TRON: La Resistencia [Español],tron-la-resistencia,TRON: La Resistencia,1,,16,20292,21645,,,Animación,Ciencia Ficción,,Español,false,7:08:23,1353,1639,catalogo_files/i_672_AN8C.webp,https://ok.ru/video/11496736033518,https://ok.ru/videoembed/11496736033518
2097,11496736033518,episode,Episodio 17,Temporada 1: TRON: La Resistencia [Español],tron-la-resistencia,TRON: La Resistencia,1,,17,21645,22997,,,Animación,Ciencia Ficción,,Español,false,7:08:23,1352,1639,catalogo_files/i_672_AN8C.webp,https://ok.ru/video/11496736033518,https://ok.ru/videoembed/11496736033518
2098,11496736033518,episode,Episodio 18,Temporada 1: TRON: La Resistencia [Español],tron-la-resistencia,TRON: La Resistencia,1,,18,22997,24350,,,Animación,Ciencia Ficción,,Español,false,7:08:23,1353,1639,catalogo_files/i_672_AN8C.webp,https://ok.ru/video/11496736033518,https://ok.ru/videoembed/11496736033518
2099,11496736033518,episode,Episodio 19,Temporada 1: TRON: La Resistencia [Español],tron-la-resistencia,TRON: La Resistencia,1,,19,24350,,,,Animación,Ciencia Ficción,,Español,false,7:08:23,1353,1639,catalogo_files/i_672_AN8C.webp,https://ok.ru/video/11496736033518,https://ok.ru/videoembed/11496736033518
2100,11494536710894,movie,Planeta 51,Planeta 51 (2009) [4K] [Español],,,,,,,,2009,,Animación,Ciencia Ficción,4K,Español,false,1:30:54,5454,1613,catalogo_files/i_208_AN8C.webp,https://ok.ru/video/11494536710894,https://ok.ru/videoembed/11494536710894
2101,11480293509870,movie,Goku Midnight Eye I & II,Goku Midnight Eye I & II (1989) [4K] [Sub Español],,,,,,,,1989,,Anime,Acción,4K,Español,true,1:42:47,6167,1863,catalogo_files/i_726_AN8C.webp,https://ok.ru/video/11480293509870,https://ok.ru/videoembed/11480293509870
2102,11492929243886,movie,Wonderful Days,Wonderful Days (2003) [1080p] [Sub Español],,,,,,,,2003,,Animación,Ciencia Ficción,1080p,Español,true,1:35:05,5705,1668,catalogo_files/i_706_AN8C.webp,https://ok.ru/video/11492929243886,https://ok.ru/videoembed/11492929243886
2103,11478939798254,movie,Blancanieves y los siete enanos,Blancanieves y los siete enanos (1937) [4K] [Español],,,,,,,,1937,,Clásicos,Infantil,4K,Español,false,1:23:00,4980,2612,catalogo_files/i_342_AN8C.webp,https://ok.ru/video/11478939798254,https://ok.ru/videoembed/11478939798254
2104,11461384735470,movie,El caracol con zapatos,El caracol con zapatos (2021) [Español],,,,,,,,2021,,Animación,Infantil,,Español,false,1:30:11,5411,1566,catalogo_files/i_788_AN8C.webp,https://ok.ru/video/11461384735470,https://ok.ru/videoembed/11461384735470
2105,11458423491310,movie,Afro Samurai,Afro Samurai (2007) [4K] [Sub Español],,,,,,,,2007,,Anime,Acción,4K,Español,true,2:11:22,7882,2304,catalogo_files/i_544_AN8C.webp,https://ok.ru/video/11458423491310,https://ok.ru/videoembed/11458423491310
2106,11459373042414,movie,Gigantes de Acero,Gigantes de Acero (2011) [4K] [Español],,,,,,,,2011,,Acción,Ciencia Ficción,4K,Español,false,2:06:57,7617,2700,catalogo_files/i_756_AN8C.webp,https://ok.ru/video/11459373042414,https://ok.ru/videoembed/11459373042414
2107,11460483156718,movie,Dante's Inferno: La Película,Dante's Inferno: La Película (2010) [1080p] [Español],,,,,,,,2010,,Animación,Fantasía,1080p,Español,false,1:24:31,5071,1582,catalogo_files/i_735_AN8C.webp,https://ok.ru/video/11460483156718,https://ok.ru/videoembed/11460483156718
2108,11454321986286,episode,Episodio 1,Temporada 2: Mobile Suit Gundam: Iron-Blooded Orphans [Sub Español],mobile-suit-gundam-iron-blooded-orphans,Mobile Suit Gundam: Iron-Blooded Orphans,2,,1,0,1469,,,Anime,Ciencia Ficción,,Español,true,10:12:07,1469,1528,catalogo_files/i_825_AN8C.webp,https://ok.ru/video/11454321986286,https://ok.ru/videoembed/11454321986286
2109,11454321986286,episode,Episodio 2,Temporada 2: Mobile Suit Gundam: Iron-Blooded Orphans [Sub Español],mobile-suit-gundam-iron-blooded-orphans,Mobile Suit Gundam: Iron-Blooded Orphans,2,,2,1469,2938,,,Anime,Ciencia Ficción,,Español,true,10:12:07,1469,1528,catalogo_files/i_825_AN8C.webp,https://ok.ru/video/11454321986286,https://ok.ru/videoembed/11454321986286
2110,11454321986286,episode,Episodio 3,Temporada 2: Mobile Suit Gundam: Iron-Blooded Orphans [Sub Español],mobile-suit-gundam-iron-blooded-orphans,Mobile Suit Gundam: Iron-Blooded Orphans,2,,3,2938,4407,,,Anime,Ciencia Ficción,,Español,true,10:12:07,1469,1528,catalogo_files/i_825_AN8C.webp,https://ok.ru/video/11454321986286,https://ok.ru/videoembed/11454321986286
2111,11454321986286,episode,Episodio 4,Temporada 2: Mobile Suit Gundam: Iron-Blooded Orphans [Sub Español],mobile-suit-gundam-iron-blooded-orphans,Mobile Suit Gundam: Iron-Blooded Orphans,2,,4,4407,5876,,,Anime,Ciencia Ficción,,Español,true,10:12:07,1469,1528,catalogo_files/i_825_AN8C.webp,https://ok.ru/video/11454321986286,https://ok.ru/videoembed/11454321986286
2112,11454321986286,episode,Episodio 5,Temporada 2: Mobile Suit Gundam: Iron-Blooded Orphans [Sub Español],mobile-suit-gundam-iron-blooded-orphans,Mobile Suit Gundam: Iron-Blooded Orphans,2,,5,5876,7345,,,Anime,Ciencia Ficción,,Español,true,10:12:07,1469,1528,catalogo_files/i_825_AN8C.webp,https://ok.ru/video/11454321986286,https://ok.ru/videoembed/11454321986286
2113,11454321986286,episode,Episodio 6,Temporada 2: Mobile Suit Gundam: Iron-Blooded Orphans [Sub Español],mobile-suit-gundam-iron-blooded-orphans,Mobile Suit Gundam: Iron-Blooded Orphans,2,,6,7345,8814,,,Anime,Ciencia Ficción,,Español,true,10:12:07,1469,1528,catalogo_files/i_825_AN8C.webp,https://ok.ru/video/11454321986286,https://ok.ru/videoembed/11454321986286
2114,11454321986286,episode,Episodio 7,Temporada 2: Mobile Suit Gundam: Iron-Blooded Orphans [Sub Español],mobile-suit-gundam-iron-blooded-orphans,Mobile Suit Gundam: Iron-Blooded Orphans,2,,7,8814,10284,,,Anime,Ciencia Ficción,,Español,true,10:12:07,1470,1528,catalogo_files/i_825_AN8C.webp,https://ok.ru/video/11454321986286,https://ok.ru/videoembed/11454321986286
2115,11454321986286,episode,Episodio 8,Temporada 2: Mobile Suit Gundam: Iron-Blooded Orphans [Sub Español],mobile-suit-gundam-iron-blooded-orphans,Mobile Suit Gundam: Iron-Blooded Orphans,2,,8,10284,11753,,,Anime,Ciencia Ficción,,Español,true,10:12:07,1469,1528,catalogo_files/i_825_AN8C.webp,https://ok.ru/video/11454321986286,https://ok.ru/videoembed/11454321986286
2116,11454321986286,episode,Episodio 9,Temporada 2: Mobile Suit Gundam: Iron-Blooded Orphans [Sub Español],mobile-suit-gundam-iron-blooded-orphans,Mobile Suit Gundam: Iron-Blooded Orphans,2,,9,11753,13222,,,Anime,Ciencia Ficción,,Español,true,10:12:07,1469,1528,catalogo_files/i_825_AN8C.webp,https://ok.ru/video/11454321986286,https://ok.ru/videoembed/11454321986286
2117,11454321986286,episode,Episodio 10,Temporada 2: Mobile Suit Gundam: Iron-Blooded Orphans [Sub Español],mobile-suit-gundam-iron-blooded-orphans,Mobile Suit Gundam: Iron-Blooded Orphans,2,,10,13222,14691,,,Anime,Ciencia Ficción,,Español,true,10:12:07,1469,1528,catalogo_files/i_825_AN8C.webp,https://ok.ru/video/11454321986286,https://ok.ru/videoembed/11454321986286
2118,11454321986286,episode,Episodio 11,Temporada 2: Mobile Suit Gundam: Iron-Blooded Orphans [Sub Español],mobile-suit-gundam-iron-blooded-orphans,Mobile Suit Gundam: Iron-Blooded Orphans,2,,11,14691,16160,,,Anime,Ciencia Ficción,,Español,true,10:12:07,1469,1528,catalogo_files/i_825_AN8C.webp,https://ok.ru/video/11454321986286,https://ok.ru/videoembed/11454321986286
2119,11454321986286,episode,Episodio 12,Temporada 2: Mobile Suit Gundam: Iron-Blooded Orphans [Sub Español],mobile-suit-gundam-iron-blooded-orphans,Mobile Suit Gundam: Iron-Blooded Orphans,2,,12,16160,17629,,,Anime,Ciencia Ficción,,Español,true,10:12:07,1469,1528,catalogo_files/i_825_AN8C.webp,https://ok.ru/video/11454321986286,https://ok.ru/videoembed/11454321986286
2120,11454321986286,episode,Episodio 13,Temporada 2: Mobile Suit Gundam: Iron-Blooded Orphans [Sub Español],mobile-suit-gundam-iron-blooded-orphans,Mobile Suit Gundam: Iron-Blooded Orphans,2,,13,17629,19098,,,Anime,Ciencia Ficción,,Español,true,10:12:07,1469,1528,catalogo_files/i_825_AN8C.webp,https://ok.ru/video/11454321986286,https://ok.ru/videoembed/11454321986286
2121,11454321986286,episode,Episodio 14,Temporada 2: Mobile Suit Gundam: Iron-Blooded Orphans [Sub Español],mobile-suit-gundam-iron-blooded-orphans,Mobile Suit Gundam: Iron-Blooded Orphans,2,,14,19098,20567,,,Anime,Ciencia Ficción,,Español,true,10:12:07,1469,1528,catalogo_files/i_825_AN8C.webp,https://ok.ru/video/11454321986286,https://ok.ru/videoembed/11454321986286
2122,11454321986286,episode,Episodio 15,Temporada 2: Mobile Suit Gundam: Iron-Blooded Orphans [Sub Español],mobile-suit-gundam-iron-blooded-orphans,Mobile Suit Gundam: Iron-Blooded Orphans,2,,15,20567,22036,,,Anime,Ciencia Ficción,,Español,true,10:12:07,1469,1528,catalogo_files/i_825_AN8C.webp,https://ok.ru/video/11454321986286,https://ok.ru/videoembed/11454321986286
2123,11454321986286,episode,Episodio 16,Temporada 2: Mobile Suit Gundam: Iron-Blooded Orphans [Sub Español],mobile-suit-gundam-iron-blooded-orphans,Mobile Suit Gundam: Iron-Blooded Orphans,2,,16,22036,23505,,,Anime,Ciencia Ficción,,Español,true,10:12:07,1469,1528,catalogo_files/i_825_AN8C.webp,https://ok.ru/video/11454321986286,https://ok.ru/videoembed/11454321986286
2124,11454321986286,episode,Episodio 17,Temporada 2: Mobile Suit Gundam: Iron-Blooded Orphans [Sub Español],mobile-suit-gundam-iron-blooded-orphans,Mobile Suit Gundam: Iron-Blooded Orphans,2,,17,23505,24974,,,Anime,Ciencia Ficción,,Español,true,10:12:07,1469,1528,catalogo_files/i_825_AN8C.webp,https://ok.ru/video/11454321986286,https://ok.ru/videoembed/11454321986286
2125,11454321986286,episode,Episodio 18,Temporada 2: Mobile Suit Gundam: Iron-Blooded Orphans [Sub Español],mobile-suit-gundam-iron-blooded-orphans,Mobile Suit Gundam: Iron-Blooded Orphans,2,,18,24974,26443,,,Anime,Ciencia Ficción,,Español,true,10:12:07,1469,1528,catalogo_files/i_825_AN8C.webp,https://ok.ru/video/11454321986286,https://ok.ru/videoembed/11454321986286
2126,11454321986286,episode,Episodio 19,Temporada 2: Mobile Suit Gundam: Iron-Blooded Orphans [Sub Español],mobile-suit-gundam-iron-blooded-orphans,Mobile Suit Gundam: Iron-Blooded Orphans,2,,19,26443,27913,,,Anime,Ciencia Ficción,,Español,true,10:12:07,1470,1528,catalogo_files/i_825_AN8C.webp,https://ok.ru/video/11454321986286,https://ok.ru/videoembed/11454321986286
2127,11454321986286,episode,Episodio 20,Temporada 2: Mobile Suit Gundam: Iron-Blooded Orphans [Sub Español],mobile-suit-gundam-iron-blooded-orphans,Mobile Suit Gundam: Iron-Blooded Orphans,2,,20,27913,29382,,,Anime,Ciencia Ficción,,Español,true,10:12:07,1469,1528,catalogo_files/i_825_AN8C.webp,https://ok.ru/video/11454321986286,https://ok.ru/videoembed/11454321986286
2128,11454321986286,episode,Episodio 21,Temporada 2: Mobile Suit Gundam: Iron-Blooded Orphans [Sub Español],mobile-suit-gundam-iron-blooded-orphans,Mobile Suit Gundam: Iron-Blooded Orphans,2,,21,29382,30851,,,Anime,Ciencia Ficción,,Español,true,10:12:07,1469,1528,catalogo_files/i_825_AN8C.webp,https://ok.ru/video/11454321986286,https://ok.ru/videoembed/11454321986286
2129,11454321986286,episode,Episodio 22,Temporada 2: Mobile Suit Gundam: Iron-Blooded Orphans [Sub Español],mobile-suit-gundam-iron-blooded-orphans,Mobile Suit Gundam: Iron-Blooded Orphans,2,,22,30851,32320,,,Anime,Ciencia Ficción,,Español,true,10:12:07,1469,1528,catalogo_files/i_825_AN8C.webp,https://ok.ru/video/11454321986286,https://ok.ru/videoembed/11454321986286
2130,11454321986286,episode,Episodio 23,Temporada 2: Mobile Suit Gundam: Iron-Blooded Orphans [Sub Español],mobile-suit-gundam-iron-blooded-orphans,Mobile Suit Gundam: Iron-Blooded Orphans,2,,23,32320,33789,,,Anime,Ciencia Ficción,,Español,true,10:12:07,1469,1528,catalogo_files/i_825_AN8C.webp,https://ok.ru/video/11454321986286,https://ok.ru/videoembed/11454321986286
2131,11454321986286,episode,Episodio 24,Temporada 2: Mobile Suit Gundam: Iron-Blooded Orphans [Sub Español],mobile-suit-gundam-iron-blooded-orphans,Mobile Suit Gundam: Iron-Blooded Orphans,2,,24,33789,35258,,,Anime,Ciencia Ficción,,Español,true,10:12:07,1469,1528,catalogo_files/i_825_AN8C.webp,https://ok.ru/video/11454321986286,https://ok.ru/videoembed/11454321986286
2132,11454321986286,episode,Episodio 25,Temporada 2: Mobile Suit Gundam: Iron-Blooded Orphans [Sub Español],mobile-suit-gundam-iron-blooded-orphans,Mobile Suit Gundam: Iron-Blooded Orphans,2,,25,35258,,,,Anime,Ciencia Ficción,,Español,true,10:12:07,1469,1528,catalogo_files/i_825_AN8C.webp,https://ok.ru/video/11454321986286,https://ok.ru/videoembed/11454321986286
2133,11457101957870,episode,Episodio 1,Temporada 1: Mobile Suit Gundam: Iron-Blooded Orphans [Sub Español],mobile-suit-gundam-iron-blooded-orphans,Mobile Suit Gundam: Iron-Blooded Orphans,1,,1,0,1468,,,Anime,Ciencia Ficción,,Español,true,10:11:39,1468,1526,catalogo_files/i_358_AN8C.webp,https://ok.ru/video/11457101957870,https://ok.ru/videoembed/11457101957870
2134,11457101957870,episode,Episodio 2,Temporada 1: Mobile Suit Gundam: Iron-Blooded Orphans [Sub Español],mobile-suit-gundam-iron-blooded-orphans,Mobile Suit Gundam: Iron-Blooded Orphans,1,,2,1468,2936,,,Anime,Ciencia Ficción,,Español,true,10:11:39,1468,1526,catalogo_files/i_358_AN8C.webp,https://ok.ru/video/11457101957870,https://ok.ru/videoembed/11457101957870
2135,11457101957870,episode,Episodio 3,Temporada 1: Mobile Suit Gundam: Iron-Blooded Orphans [Sub Español],mobile-suit-gundam-iron-blooded-orphans,Mobile Suit Gundam: Iron-Blooded Orphans,1,,3,2936,4404,,,Anime,Ciencia Ficción,,Español,true,10:11:39,1468,1526,catalogo_files/i_358_AN8C.webp,https://ok.ru/video/11457101957870,https://ok.ru/videoembed/11457101957870
2136,11457101957870,episode,Episodio 4,Temporada 1: Mobile Suit Gundam: Iron-Blooded Orphans [Sub Español],mobile-suit-gundam-iron-blooded-orphans,Mobile Suit Gundam: Iron-Blooded Orphans,1,,4,4404,5872,,,Anime,Ciencia Ficción,,Español,true,10:11:39,1468,1526,catalogo_files/i_358_AN8C.webp,https://ok.ru/video/11457101957870,https://ok.ru/videoembed/11457101957870
2137,11457101957870,episode,Episodio 5,Temporada 1: Mobile Suit Gundam: Iron-Blooded Orphans [Sub Español],mobile-suit-gundam-iron-blooded-orphans,Mobile Suit Gundam: Iron-Blooded Orphans,1,,5,5872,7340,,,Anime,Ciencia Ficción,,Español,true,10:11:39,1468,1526,catalogo_files/i_358_AN8C.webp,https://ok.ru/video/11457101957870,https://ok.ru/videoembed/11457101957870
2138,11457101957870,episode,Episodio 6,Temporada 1: Mobile Suit Gundam: Iron-Blooded Orphans [Sub Español],mobile-suit-gundam-iron-blooded-orphans,Mobile Suit Gundam: Iron-Blooded Orphans,1,,6,7340,8808,,,Anime,Ciencia Ficción,,Español,true,10:11:39,1468,1526,catalogo_files/i_358_AN8C.webp,https://ok.ru/video/11457101957870,https://ok.ru/videoembed/11457101957870
2139,11457101957870,episode,Episodio 7,Temporada 1: Mobile Suit Gundam: Iron-Blooded Orphans [Sub Español],mobile-suit-gundam-iron-blooded-orphans,Mobile Suit Gundam: Iron-Blooded Orphans,1,,7,8808,10276,,,Anime,Ciencia Ficción,,Español,true,10:11:39,1468,1526,catalogo_files/i_358_AN8C.webp,https://ok.ru/video/11457101957870,https://ok.ru/videoembed/11457101957870
2140,11457101957870,episode,Episodio 8,Temporada 1: Mobile Suit Gundam: Iron-Blooded Orphans [Sub Español],mobile-suit-gundam-iron-blooded-orphans,Mobile Suit Gundam: Iron-Blooded Orphans,1,,8,10276,11744,,,Anime,Ciencia Ficción,,Español,true,10:11:39,1468,1526,catalogo_files/i_358_AN8C.webp,https://ok.ru/video/11457101957870,https://ok.ru/videoembed/11457101957870
2141,11457101957870,episode,Episodio 9,Temporada 1: Mobile Suit Gundam: Iron-Blooded Orphans [Sub Español],mobile-suit-gundam-iron-blooded-orphans,Mobile Suit Gundam: Iron-Blooded Orphans,1,,9,11744,13212,,,Anime,Ciencia Ficción,,Español,true,10:11:39,1468,1526,catalogo_files/i_358_AN8C.webp,https://ok.ru/video/11457101957870,https://ok.ru/videoembed/11457101957870
2142,11457101957870,episode,Episodio 10,Temporada 1: Mobile Suit Gundam: Iron-Blooded Orphans [Sub Español],mobile-suit-gundam-iron-blooded-orphans,Mobile Suit Gundam: Iron-Blooded Orphans,1,,10,13212,14680,,,Anime,Ciencia Ficción,,Español,true,10:11:39,1468,1526,catalogo_files/i_358_AN8C.webp,https://ok.ru/video/11457101957870,https://ok.ru/videoembed/11457101957870
2143,11457101957870,episode,Episodio 11,Temporada 1: Mobile Suit Gundam: Iron-Blooded Orphans [Sub Español],mobile-suit-gundam-iron-blooded-orphans,Mobile Suit Gundam: Iron-Blooded Orphans,1,,11,14680,16148,,,Anime,Ciencia Ficción,,Español,true,10:11:39,1468,1526,catalogo_files/i_358_AN8C.webp,https://ok.ru/video/11457101957870,https://ok.ru/videoembed/11457101957870
2144,11457101957870,episode,Episodio 12,Temporada 1: Mobile Suit Gundam: Iron-Blooded Orphans [Sub Español],mobile-suit-gundam-iron-blooded-orphans,Mobile Suit Gundam: Iron-Blooded Orphans,1,,12,16148,17616,,,Anime,Ciencia Ficción,,Español,true,10:11:39,1468,1526,catalogo_files/i_358_AN8C.webp,https://ok.ru/video/11457101957870,https://ok.ru/videoembed/11457101957870
2145,11457101957870,episode,Episodio 13,Temporada 1: Mobile Suit Gundam: Iron-Blooded Orphans [Sub Español],mobile-suit-gundam-iron-blooded-orphans,Mobile Suit Gundam: Iron-Blooded Orphans,1,,13,17616,19083,,,Anime,Ciencia Ficción,,Español,true,10:11:39,1467,1526,catalogo_files/i_358_AN8C.webp,https://ok.ru/video/11457101957870,https://ok.ru/videoembed/11457101957870
2146,11457101957870,episode,Episodio 14,Temporada 1: Mobile Suit Gundam: Iron-Blooded Orphans [Sub Español],mobile-suit-gundam-iron-blooded-orphans,Mobile Suit Gundam: Iron-Blooded Orphans,1,,14,19083,20551,,,Anime,Ciencia Ficción,,Español,true,10:11:39,1468,1526,catalogo_files/i_358_AN8C.webp,https://ok.ru/video/11457101957870,https://ok.ru/videoembed/11457101957870
2147,11457101957870,episode,Episodio 15,Temporada 1: Mobile Suit Gundam: Iron-Blooded Orphans [Sub Español],mobile-suit-gundam-iron-blooded-orphans,Mobile Suit Gundam: Iron-Blooded Orphans,1,,15,20551,22019,,,Anime,Ciencia Ficción,,Español,true,10:11:39,1468,1526,catalogo_files/i_358_AN8C.webp,https://ok.ru/video/11457101957870,https://ok.ru/videoembed/11457101957870
2148,11457101957870,episode,Episodio 16,Temporada 1: Mobile Suit Gundam: Iron-Blooded Orphans [Sub Español],mobile-suit-gundam-iron-blooded-orphans,Mobile Suit Gundam: Iron-Blooded Orphans,1,,16,22019,23487,,,Anime,Ciencia Ficción,,Español,true,10:11:39,1468,1526,catalogo_files/i_358_AN8C.webp,https://ok.ru/video/11457101957870,https://ok.ru/videoembed/11457101957870
2149,11457101957870,episode,Episodio 17,Temporada 1: Mobile Suit Gundam: Iron-Blooded Orphans [Sub Español],mobile-suit-gundam-iron-blooded-orphans,Mobile Suit Gundam: Iron-Blooded Orphans,1,,17,23487,24955,,,Anime,Ciencia Ficción,,Español,true,10:11:39,1468,1526,catalogo_files/i_358_AN8C.webp,https://ok.ru/video/11457101957870,https://ok.ru/videoembed/11457101957870
2150,11457101957870,episode,Episodio 18,Temporada 1: Mobile Suit Gundam: Iron-Blooded Orphans [Sub Español],mobile-suit-gundam-iron-blooded-orphans,Mobile Suit Gundam: Iron-Blooded Orphans,1,,18,24955,26423,,,Anime,Ciencia Ficción,,Español,true,10:11:39,1468,1526,catalogo_files/i_358_AN8C.webp,https://ok.ru/video/11457101957870,https://ok.ru/videoembed/11457101957870
2151,11457101957870,episode,Episodio 19,Temporada 1: Mobile Suit Gundam: Iron-Blooded Orphans [Sub Español],mobile-suit-gundam-iron-blooded-orphans,Mobile Suit Gundam: Iron-Blooded Orphans,1,,19,26423,27891,,,Anime,Ciencia Ficción,,Español,true,10:11:39,1468,1526,catalogo_files/i_358_AN8C.webp,https://ok.ru/video/11457101957870,https://ok.ru/videoembed/11457101957870
2152,11457101957870,episode,Episodio 20,Temporada 1: Mobile Suit Gundam: Iron-Blooded Orphans [Sub Español],mobile-suit-gundam-iron-blooded-orphans,Mobile Suit Gundam: Iron-Blooded Orphans,1,,20,27891,29359,,,Anime,Ciencia Ficción,,Español,true,10:11:39,1468,1526,catalogo_files/i_358_AN8C.webp,https://ok.ru/video/11457101957870,https://ok.ru/videoembed/11457101957870
2153,11457101957870,episode,Episodio 21,Temporada 1: Mobile Suit Gundam: Iron-Blooded Orphans [Sub Español],mobile-suit-gundam-iron-blooded-orphans,Mobile Suit Gundam: Iron-Blooded Orphans,1,,21,29359,30827,,,Anime,Ciencia Ficción,,Español,true,10:11:39,1468,1526,catalogo_files/i_358_AN8C.webp,https://ok.ru/video/11457101957870,https://ok.ru/videoembed/11457101957870
2154,11457101957870,episode,Episodio 22,Temporada 1: Mobile Suit Gundam: Iron-Blooded Orphans [Sub Español],mobile-suit-gundam-iron-blooded-orphans,Mobile Suit Gundam: Iron-Blooded Orphans,1,,22,30827,32295,,,Anime,Ciencia Ficción,,Español,true,10:11:39,1468,1526,catalogo_files/i_358_AN8C.webp,https://ok.ru/video/11457101957870,https://ok.ru/videoembed/11457101957870
2155,11457101957870,episode,Episodio 23,Temporada 1: Mobile Suit Gundam: Iron-Blooded Orphans [Sub Español],mobile-suit-gundam-iron-blooded-orphans,Mobile Suit Gundam: Iron-Blooded Orphans,1,,23,32295,33763,,,Anime,Ciencia Ficción,,Español,true,10:11:39,1468,1526,catalogo_files/i_358_AN8C.webp,https://ok.ru/video/11457101957870,https://ok.ru/videoembed/11457101957870
2156,11457101957870,episode,Episodio 24,Temporada 1: Mobile Suit Gundam: Iron-Blooded Orphans [Sub Español],mobile-suit-gundam-iron-blooded-orphans,Mobile Suit Gundam: Iron-Blooded Orphans,1,,24,33763,35231,,,Anime,Ciencia Ficción,,Español,true,10:11:39,1468,1526,catalogo_files/i_358_AN8C.webp,https://ok.ru/video/11457101957870,https://ok.ru/videoembed/11457101957870
2157,11457101957870,episode,Episodio 25,Temporada 1: Mobile Suit Gundam: Iron-Blooded Orphans [Sub Español],mobile-suit-gundam-iron-blooded-orphans,Mobile Suit Gundam: Iron-Blooded Orphans,1,,25,35231,,,,Anime,Ciencia Ficción,,Español,true,10:11:39,1468,1526,catalogo_files/i_358_AN8C.webp,https://ok.ru/video/11457101957870,https://ok.ru/videoembed/11457101957870
2158,11440739715822,movie,Dinosaurio,Dinosaurio (2000) [4K] [Español],,,,,,,,2000,,Animación,Aventura,4K,Español,false,1:18:39,4719,3261,catalogo_files/i_193_AN8C.webp,https://ok.ru/video/11440739715822,https://ok.ru/videoembed/11440739715822
2159,11439374338798,movie,Panji Tengkorak,Panji Tengkorak (2025) [1080p] [Sub Español],,,,,,,,2025,,Animación,Aventura,1080p,Español,true,1:34:02,5642,1639,catalogo_files/i_036_AN8C.webp,https://ok.ru/video/11439374338798,https://ok.ru/videoembed/11439374338798
2160,11436518017774,movie,Inmortal,Inmortal (2004) [1080p] [Sub Español],,,,,,,,2004,,Fantasía,Acción,1080p,Español,true,1:43:08,6188,1863,catalogo_files/i_086_AN8C.webp,https://ok.ru/video/11436518017774,https://ok.ru/videoembed/11436518017774
2161,11435622992622,movie,Ai City,Ai City (1986) [1080p] [Sub Español],,,,,,,,1986,,Anime,Ciencia Ficción,1080p,Español,true,1:26:17,5177,1585,catalogo_files/i_109_AN8C.webp,https://ok.ru/video/11435622992622,https://ok.ru/videoembed/11435622992622
2162,11424333957870,movie,Mazinger Z Infinity,Mazinger Z Infinity (2017) [1080p] [Español],,,,,,,,2017,,Anime,Acción,1080p,Español,false,1:34:58,5698,1500,catalogo_files/i_080_AN8C.webp,https://ok.ru/video/11424333957870,https://ok.ru/videoembed/11424333957870
2163,11433638759150,movie,Evil Toons,Evil Toons (1992) [1080p] [Español],,,,,,,,1992,,Terror,Comedia,1080p,Español,false,1:22:44,4964,1649,catalogo_files/i_287_AN8C.webp,https://ok.ru/video/11433638759150,https://ok.ru/videoembed/11433638759150
2164,11423781030638,movie,AD Police Files,AD Police Files (1990) [1080p] [Español],,,,,,,,1990,,Anime,Ciencia Ficción,1080p,Español,false,1:21:20,4880,2289,catalogo_files/i_495_AN8C.webp,https://ok.ru/video/11423781030638,https://ok.ru/videoembed/11423781030638
2165,11421957950190,movie,Mardock Scramble: The Second Combustion,Mardock Scramble: The Second Combustion (2011) [1080p] [Sub Español],,,,,,,,2011,,Anime,Ciencia Ficción,1080p,Español,true,1:04:10,3850,1215,catalogo_files/i_234_AN8C.webp,https://ok.ru/video/11421957950190,https://ok.ru/videoembed/11421957950190
2166,11421132196590,movie,Mardock Scramble: The First Compression,Mardock Scramble: The First Compression (2010) [1080p] [Sub Español],,,,,,,,2010,,Anime,Ciencia Ficción,1080p,Español,true,1:09:08,4148,1225,catalogo_files/i_230_AN8C.webp,https://ok.ru/video/11421132196590,https://ok.ru/videoembed/11421132196590
2167,11418546342638,movie,Joy Street,Joy Street (1995) [1080p] [Sub Español],,,,,,,,1995,,Anime,Drama,1080p,Español,true,23:47,1427,1651,catalogo_files/i_392_AN8C.webp,https://ok.ru/video/11418546342638,https://ok.ru/videoembed/11418546342638
2168,11414496742126,movie,Cat City,Cat City (1986) [1080p] [Sub Español],,,,,,,,1986,,Animación,Comedia,1080p,Español,true,1:37:18,5838,1911,catalogo_files/i_413_AN8C.webp,https://ok.ru/video/11414496742126,https://ok.ru/videoembed/11414496742126
2169,11380344097518,movie,Las Crónicas de Narnia,Las Crónicas de Narnia (1979) [1080p] [Español],,,,,,,,1979,,Fantasía,Aventura,1080p,Español,false,1:34:55,5695,1558,catalogo_files/i_900_AN8C.webp,https://ok.ru/video/11380344097518,https://ok.ru/videoembed/11380344097518
2170,11348385794798,episode,Episodio 1,Temporada 2: Las Guerreras Mágicas [Español],las-guerreras-magicas,Las Guerreras Mágicas,2,,1,0,1240,,,Anime,Fantasía,,Español,false,9:59:20,1240,1533,catalogo_files/i_654_AN8C.webp,https://ok.ru/video/11348385794798,https://ok.ru/videoembed/11348385794798
2171,11348385794798,episode,Episodio 2,Temporada 2: Las Guerreras Mágicas [Español],las-guerreras-magicas,Las Guerreras Mágicas,2,,2,1240,2480,,,Anime,Fantasía,,Español,false,9:59:20,1240,1533,catalogo_files/i_654_AN8C.webp,https://ok.ru/video/11348385794798,https://ok.ru/videoembed/11348385794798
2172,11348385794798,episode,Episodio 3,Temporada 2: Las Guerreras Mágicas [Español],las-guerreras-magicas,Las Guerreras Mágicas,2,,3,2480,3720,,,Anime,Fantasía,,Español,false,9:59:20,1240,1533,catalogo_files/i_654_AN8C.webp,https://ok.ru/video/11348385794798,https://ok.ru/videoembed/11348385794798
2173,11348385794798,episode,Episodio 4,Temporada 2: Las Guerreras Mágicas [Español],las-guerreras-magicas,Las Guerreras Mágicas,2,,4,3720,4960,,,Anime,Fantasía,,Español,false,9:59:20,1240,1533,catalogo_files/i_654_AN8C.webp,https://ok.ru/video/11348385794798,https://ok.ru/videoembed/11348385794798
2174,11348385794798,episode,Episodio 5,Temporada 2: Las Guerreras Mágicas [Español],las-guerreras-magicas,Las Guerreras Mágicas,2,,5,4960,6200,,,Anime,Fantasía,,Español,false,9:59:20,1240,1533,catalogo_files/i_654_AN8C.webp,https://ok.ru/video/11348385794798,https://ok.ru/videoembed/11348385794798
2175,11348385794798,episode,Episodio 6,Temporada 2: Las Guerreras Mágicas [Español],las-guerreras-magicas,Las Guerreras Mágicas,2,,6,6200,7440,,,Anime,Fantasía,,Español,false,9:59:20,1240,1533,catalogo_files/i_654_AN8C.webp,https://ok.ru/video/11348385794798,https://ok.ru/videoembed/11348385794798
2176,11348385794798,episode,Episodio 7,Temporada 2: Las Guerreras Mágicas [Español],las-guerreras-magicas,Las Guerreras Mágicas,2,,7,7440,8680,,,Anime,Fantasía,,Español,false,9:59:20,1240,1533,catalogo_files/i_654_AN8C.webp,https://ok.ru/video/11348385794798,https://ok.ru/videoembed/11348385794798
2177,11348385794798,episode,Episodio 8,Temporada 2: Las Guerreras Mágicas [Español],las-guerreras-magicas,Las Guerreras Mágicas,2,,8,8680,9920,,,Anime,Fantasía,,Español,false,9:59:20,1240,1533,catalogo_files/i_654_AN8C.webp,https://ok.ru/video/11348385794798,https://ok.ru/videoembed/11348385794798
2178,11348385794798,episode,Episodio 9,Temporada 2: Las Guerreras Mágicas [Español],las-guerreras-magicas,Las Guerreras Mágicas,2,,9,9920,11160,,,Anime,Fantasía,,Español,false,9:59:20,1240,1533,catalogo_files/i_654_AN8C.webp,https://ok.ru/video/11348385794798,https://ok.ru/videoembed/11348385794798
2179,11348385794798,episode,Episodio 10,Temporada 2: Las Guerreras Mágicas [Español],las-guerreras-magicas,Las Guerreras Mágicas,2,,10,11160,12400,,,Anime,Fantasía,,Español,false,9:59:20,1240,1533,catalogo_files/i_654_AN8C.webp,https://ok.ru/video/11348385794798,https://ok.ru/videoembed/11348385794798
2180,11348385794798,episode,Episodio 11,Temporada 2: Las Guerreras Mágicas [Español],las-guerreras-magicas,Las Guerreras Mágicas,2,,11,12400,13640,,,Anime,Fantasía,,Español,false,9:59:20,1240,1533,catalogo_files/i_654_AN8C.webp,https://ok.ru/video/11348385794798,https://ok.ru/videoembed/11348385794798
2181,11348385794798,episode,Episodio 12,Temporada 2: Las Guerreras Mágicas [Español],las-guerreras-magicas,Las Guerreras Mágicas,2,,12,13640,14880,,,Anime,Fantasía,,Español,false,9:59:20,1240,1533,catalogo_files/i_654_AN8C.webp,https://ok.ru/video/11348385794798,https://ok.ru/videoembed/11348385794798
2182,11348385794798,episode,Episodio 13,Temporada 2: Las Guerreras Mágicas [Español],las-guerreras-magicas,Las Guerreras Mágicas,2,,13,14880,16120,,,Anime,Fantasía,,Español,false,9:59:20,1240,1533,catalogo_files/i_654_AN8C.webp,https://ok.ru/video/11348385794798,https://ok.ru/videoembed/11348385794798
2183,11348385794798,episode,Episodio 14,Temporada 2: Las Guerreras Mágicas [Español],las-guerreras-magicas,Las Guerreras Mágicas,2,,14,16120,17360,,,Anime,Fantasía,,Español,false,9:59:20,1240,1533,catalogo_files/i_654_AN8C.webp,https://ok.ru/video/11348385794798,https://ok.ru/videoembed/11348385794798
2184,11348385794798,episode,Episodio 15,Temporada 2: Las Guerreras Mágicas [Español],las-guerreras-magicas,Las Guerreras Mágicas,2,,15,17360,18600,,,Anime,Fantasía,,Español,false,9:59:20,1240,1533,catalogo_files/i_654_AN8C.webp,https://ok.ru/video/11348385794798,https://ok.ru/videoembed/11348385794798
2185,11348385794798,episode,Episodio 16,Temporada 2: Las Guerreras Mágicas [Español],las-guerreras-magicas,Las Guerreras Mágicas,2,,16,18600,19840,,,Anime,Fantasía,,Español,false,9:59:20,1240,1533,catalogo_files/i_654_AN8C.webp,https://ok.ru/video/11348385794798,https://ok.ru/videoembed/11348385794798
2186,11348385794798,episode,Episodio 17,Temporada 2: Las Guerreras Mágicas [Español],las-guerreras-magicas,Las Guerreras Mágicas,2,,17,19840,21080,,,Anime,Fantasía,,Español,false,9:59:20,1240,1533,catalogo_files/i_654_AN8C.webp,https://ok.ru/video/11348385794798,https://ok.ru/videoembed/11348385794798
2187,11348385794798,episode,Episodio 18,Temporada 2: Las Guerreras Mágicas [Español],las-guerreras-magicas,Las Guerreras Mágicas,2,,18,21080,22320,,,Anime,Fantasía,,Español,false,9:59:20,1240,1533,catalogo_files/i_654_AN8C.webp,https://ok.ru/video/11348385794798,https://ok.ru/videoembed/11348385794798
2188,11348385794798,episode,Episodio 19,Temporada 2: Las Guerreras Mágicas [Español],las-guerreras-magicas,Las Guerreras Mágicas,2,,19,22320,23560,,,Anime,Fantasía,,Español,false,9:59:20,1240,1533,catalogo_files/i_654_AN8C.webp,https://ok.ru/video/11348385794798,https://ok.ru/videoembed/11348385794798
2189,11348385794798,episode,Episodio 20,Temporada 2: Las Guerreras Mágicas [Español],las-guerreras-magicas,Las Guerreras Mágicas,2,,20,23560,24800,,,Anime,Fantasía,,Español,false,9:59:20,1240,1533,catalogo_files/i_654_AN8C.webp,https://ok.ru/video/11348385794798,https://ok.ru/videoembed/11348385794798
2190,11348385794798,episode,Episodio 21,Temporada 2: Las Guerreras Mágicas [Español],las-guerreras-magicas,Las Guerreras Mágicas,2,,21,24800,26040,,,Anime,Fantasía,,Español,false,9:59:20,1240,1533,catalogo_files/i_654_AN8C.webp,https://ok.ru/video/11348385794798,https://ok.ru/videoembed/11348385794798
2191,11348385794798,episode,Episodio 22,Temporada 2: Las Guerreras Mágicas [Español],las-guerreras-magicas,Las Guerreras Mágicas,2,,22,26040,27280,,,Anime,Fantasía,,Español,false,9:59:20,1240,1533,catalogo_files/i_654_AN8C.webp,https://ok.ru/video/11348385794798,https://ok.ru/videoembed/11348385794798
2192,11348385794798,episode,Episodio 23,Temporada 2: Las Guerreras Mágicas [Español],las-guerreras-magicas,Las Guerreras Mágicas,2,,23,27280,28520,,,Anime,Fantasía,,Español,false,9:59:20,1240,1533,catalogo_files/i_654_AN8C.webp,https://ok.ru/video/11348385794798,https://ok.ru/videoembed/11348385794798
2193,11348385794798,episode,Episodio 24,Temporada 2: Las Guerreras Mágicas [Español],las-guerreras-magicas,Las Guerreras Mágicas,2,,24,28520,29760,,,Anime,Fantasía,,Español,false,9:59:20,1240,1533,catalogo_files/i_654_AN8C.webp,https://ok.ru/video/11348385794798,https://ok.ru/videoembed/11348385794798
2194,11348385794798,episode,Episodio 25,Temporada 2: Las Guerreras Mágicas [Español],las-guerreras-magicas,Las Guerreras Mágicas,2,,25,29760,31000,,,Anime,Fantasía,,Español,false,9:59:20,1240,1533,catalogo_files/i_654_AN8C.webp,https://ok.ru/video/11348385794798,https://ok.ru/videoembed/11348385794798
2195,11348385794798,episode,Episodio 26,Temporada 2: Las Guerreras Mágicas [Español],las-guerreras-magicas,Las Guerreras Mágicas,2,,26,31000,32240,,,Anime,Fantasía,,Español,false,9:59:20,1240,1533,catalogo_files/i_654_AN8C.webp,https://ok.ru/video/11348385794798,https://ok.ru/videoembed/11348385794798
2196,11348385794798,episode,Episodio 27,Temporada 2: Las Guerreras Mágicas [Español],las-guerreras-magicas,Las Guerreras Mágicas,2,,27,32240,33480,,,Anime,Fantasía,,Español,false,9:59:20,1240,1533,catalogo_files/i_654_AN8C.webp,https://ok.ru/video/11348385794798,https://ok.ru/videoembed/11348385794798
2197,11348385794798,episode,Episodio 28,Temporada 2: Las Guerreras Mágicas [Español],las-guerreras-magicas,Las Guerreras Mágicas,2,,28,33480,34720,,,Anime,Fantasía,,Español,false,9:59:20,1240,1533,catalogo_files/i_654_AN8C.webp,https://ok.ru/video/11348385794798,https://ok.ru/videoembed/11348385794798
2198,11348385794798,episode,Episodio 29,Temporada 2: Las Guerreras Mágicas [Español],las-guerreras-magicas,Las Guerreras Mágicas,2,,29,34720,,,,Anime,Fantasía,,Español,false,9:59:20,1240,1533,catalogo_files/i_654_AN8C.webp,https://ok.ru/video/11348385794798,https://ok.ru/videoembed/11348385794798
2199,11337793407726,episode,Episodio 1,Temporada 1: Las Guerreras Mágicas [Español],las-guerreras-magicas,Las Guerreras Mágicas,1,,1,0,1256,,,Anime,Fantasía,,Español,false,6:58:30,1256,1525,catalogo_files/i_381_AN8C.webp,https://ok.ru/video/11337793407726,https://ok.ru/videoembed/11337793407726
2200,11337793407726,episode,Episodio 2,Temporada 1: Las Guerreras Mágicas [Español],las-guerreras-magicas,Las Guerreras Mágicas,1,,2,1256,2511,,,Anime,Fantasía,,Español,false,6:58:30,1255,1525,catalogo_files/i_381_AN8C.webp,https://ok.ru/video/11337793407726,https://ok.ru/videoembed/11337793407726
2201,11337793407726,episode,Episodio 3,Temporada 1: Las Guerreras Mágicas [Español],las-guerreras-magicas,Las Guerreras Mágicas,1,,3,2511,3766,,,Anime,Fantasía,,Español,false,6:58:30,1255,1525,catalogo_files/i_381_AN8C.webp,https://ok.ru/video/11337793407726,https://ok.ru/videoembed/11337793407726
2202,11337793407726,episode,Episodio 4,Temporada 1: Las Guerreras Mágicas [Español],las-guerreras-magicas,Las Guerreras Mágicas,1,,4,3766,5022,,,Anime,Fantasía,,Español,false,6:58:30,1256,1525,catalogo_files/i_381_AN8C.webp,https://ok.ru/video/11337793407726,https://ok.ru/videoembed/11337793407726
2203,11337793407726,episode,Episodio 5,Temporada 1: Las Guerreras Mágicas [Español],las-guerreras-magicas,Las Guerreras Mágicas,1,,5,5022,6278,,,Anime,Fantasía,,Español,false,6:58:30,1256,1525,catalogo_files/i_381_AN8C.webp,https://ok.ru/video/11337793407726,https://ok.ru/videoembed/11337793407726
2204,11337793407726,episode,Episodio 6,Temporada 1: Las Guerreras Mágicas [Español],las-guerreras-magicas,Las Guerreras Mágicas,1,,6,6278,7533,,,Anime,Fantasía,,Español,false,6:58:30,1255,1525,catalogo_files/i_381_AN8C.webp,https://ok.ru/video/11337793407726,https://ok.ru/videoembed/11337793407726
2205,11337793407726,episode,Episodio 7,Temporada 1: Las Guerreras Mágicas [Español],las-guerreras-magicas,Las Guerreras Mágicas,1,,7,7533,8788,,,Anime,Fantasía,,Español,false,6:58:30,1255,1525,catalogo_files/i_381_AN8C.webp,https://ok.ru/video/11337793407726,https://ok.ru/videoembed/11337793407726
2206,11337793407726,episode,Episodio 8,Temporada 1: Las Guerreras Mágicas [Español],las-guerreras-magicas,Las Guerreras Mágicas,1,,8,8788,10044,,,Anime,Fantasía,,Español,false,6:58:30,1256,1525,catalogo_files/i_381_AN8C.webp,https://ok.ru/video/11337793407726,https://ok.ru/videoembed/11337793407726
2207,11337793407726,episode,Episodio 9,Temporada 1: Las Guerreras Mágicas [Español],las-guerreras-magicas,Las Guerreras Mágicas,1,,9,10044,11300,,,Anime,Fantasía,,Español,false,6:58:30,1256,1525,catalogo_files/i_381_AN8C.webp,https://ok.ru/video/11337793407726,https://ok.ru/videoembed/11337793407726
2208,11337793407726,episode,Episodio 10,Temporada 1: Las Guerreras Mágicas [Español],las-guerreras-magicas,Las Guerreras Mágicas,1,,10,11300,12555,,,Anime,Fantasía,,Español,false,6:58:30,1255,1525,catalogo_files/i_381_AN8C.webp,https://ok.ru/video/11337793407726,https://ok.ru/videoembed/11337793407726
2209,11337793407726,episode,Episodio 11,Temporada 1: Las Guerreras Mágicas [Español],las-guerreras-magicas,Las Guerreras Mágicas,1,,11,12555,13810,,,Anime,Fantasía,,Español,false,6:58:30,1255,1525,catalogo_files/i_381_AN8C.webp,https://ok.ru/video/11337793407726,https://ok.ru/videoembed/11337793407726
2210,11337793407726,episode,Episodio 12,Temporada 1: Las Guerreras Mágicas [Español],las-guerreras-magicas,Las Guerreras Mágicas,1,,12,13810,15066,,,Anime,Fantasía,,Español,false,6:58:30,1256,1525,catalogo_files/i_381_AN8C.webp,https://ok.ru/video/11337793407726,https://ok.ru/videoembed/11337793407726
2211,11337793407726,episode,Episodio 13,Temporada 1: Las Guerreras Mágicas [Español],las-guerreras-magicas,Las Guerreras Mágicas,1,,13,15066,16322,,,Anime,Fantasía,,Español,false,6:58:30,1256,1525,catalogo_files/i_381_AN8C.webp,https://ok.ru/video/11337793407726,https://ok.ru/videoembed/11337793407726
2212,11337793407726,episode,Episodio 14,Temporada 1: Las Guerreras Mágicas [Español],las-guerreras-magicas,Las Guerreras Mágicas,1,,14,16322,17577,,,Anime,Fantasía,,Español,false,6:58:30,1255,1525,catalogo_files/i_381_AN8C.webp,https://ok.ru/video/11337793407726,https://ok.ru/videoembed/11337793407726
2213,11337793407726,episode,Episodio 15,Temporada 1: Las Guerreras Mágicas [Español],las-guerreras-magicas,Las Guerreras Mágicas,1,,15,17577,18832,,,Anime,Fantasía,,Español,false,6:58:30,1255,1525,catalogo_files/i_381_AN8C.webp,https://ok.ru/video/11337793407726,https://ok.ru/videoembed/11337793407726
2214,11337793407726,episode,Episodio 16,Temporada 1: Las Guerreras Mágicas [Español],las-guerreras-magicas,Las Guerreras Mágicas,1,,16,18832,20088,,,Anime,Fantasía,,Español,false,6:58:30,1256,1525,catalogo_files/i_381_AN8C.webp,https://ok.ru/video/11337793407726,https://ok.ru/videoembed/11337793407726
2215,11337793407726,episode,Episodio 17,Temporada 1: Las Guerreras Mágicas [Español],las-guerreras-magicas,Las Guerreras Mágicas,1,,17,20088,21344,,,Anime,Fantasía,,Español,false,6:58:30,1256,1525,catalogo_files/i_381_AN8C.webp,https://ok.ru/video/11337793407726,https://ok.ru/videoembed/11337793407726
2216,11337793407726,episode,Episodio 18,Temporada 1: Las Guerreras Mágicas [Español],las-guerreras-magicas,Las Guerreras Mágicas,1,,18,21344,22599,,,Anime,Fantasía,,Español,false,6:58:30,1255,1525,catalogo_files/i_381_AN8C.webp,https://ok.ru/video/11337793407726,https://ok.ru/videoembed/11337793407726
2217,11337793407726,episode,Episodio 19,Temporada 1: Las Guerreras Mágicas [Español],las-guerreras-magicas,Las Guerreras Mágicas,1,,19,22599,23854,,,Anime,Fantasía,,Español,false,6:58:30,1255,1525,catalogo_files/i_381_AN8C.webp,https://ok.ru/video/11337793407726,https://ok.ru/videoembed/11337793407726
2218,11337793407726,episode,Episodio 20,Temporada 1: Las Guerreras Mágicas [Español],las-guerreras-magicas,Las Guerreras Mágicas,1,,20,23854,,,,Anime,Fantasía,,Español,false,6:58:30,1256,1525,catalogo_files/i_381_AN8C.webp,https://ok.ru/video/11337793407726,https://ok.ru/videoembed/11337793407726
2219,11337068579566,movie,La carga más preciada,La carga más preciada (2024) [1080p] [Español],,,,,,,,2024,,Animación,Drama,1080p,Español,false,1:20:52,4852,1609,catalogo_files/i_401_AN8C.webp,https://ok.ru/video/11337068579566,https://ok.ru/videoembed/11337068579566
2220,11330227145454,movie,Spicy City,Spicy City (1997) [1080p] [Español],,,,,,,,1997,,Animación,Ciencia Ficción,1080p,Español,false,2:24:58,8698,2712,catalogo_files/i_629_AN8C.webp,https://ok.ru/video/11330227145454,https://ok.ru/videoembed/11330227145454
2221,11335054920430,movie,Mobile Suit Gundam III,Mobile Suit Gundam III (1982) [4K] [Sub Español],,,,,,,,1982,,Anime,Ciencia Ficción,4K,Español,true,2:20:50,8450,1259,catalogo_files/i_596_AN8C.webp,https://ok.ru/video/11335054920430,https://ok.ru/videoembed/11335054920430
2222,11324869315310,movie,Mobile Suit Gundam II,Mobile Suit Gundam II (1981) [4K] [Sub Español],,,,,,,,1981,,Anime,Ciencia Ficción,4K,Español,true,2:14:14,8054,1100,catalogo_files/i_131_AN8C.webp,https://ok.ru/video/11324869315310,https://ok.ru/videoembed/11324869315310
2223,11317792869102,movie,Mobile Suit Gundam I,Mobile Suit Gundam I (1981) [4K] [Sub Español],,,,,,,,1981,,Anime,Ciencia Ficción,4K,Español,true,2:19:52,8392,1206,catalogo_files/i_820_AN8C.webp,https://ok.ru/video/11317792869102,https://ok.ru/videoembed/11317792869102
2224,11210444311278,movie,Las Crónicas de Riddick: Dark Fury,Las Crónicas de Riddick: Dark Fury (2004) [1080p] [Español],,,,,,,,2004,,Animación,Ciencia Ficción,1080p,Español,false,34:48,2088,3029,catalogo_files/i_803_AN8C.webp,https://ok.ru/video/11210444311278,https://ok.ru/videoembed/11210444311278
2225,11296695454446,movie,Adieu Galaxy Express 999,Adieu Galaxy Express 999 (1981) [1080p] [Sub Español],,,,,,,,1981,,Anime,Ciencia Ficción,1080p,Español,true,2:10:01,7801,1718,catalogo_files/i_465_AN8C.webp,https://ok.ru/video/11296695454446,https://ok.ru/videoembed/11296695454446
2226,11294894852846,movie,Galaxy Express 999,Galaxy Express 999 (1979) [1080p] [Sub Español],,,,,,,,1979,,Anime,Ciencia Ficción,1080p,Español,true,2:08:07,7687,1690,catalogo_files/i_618_AN8C.webp,https://ok.ru/video/11294894852846,https://ok.ru/videoembed/11294894852846
2227,11280802188014,movie,Cyber City Oedo 808,Cyber City Oedo 808 (1990) [4K] [Sub Español],,,,,,,,1990,,Anime,Acción,4K,Español,true,2:08:01,7681,1354,catalogo_files/i_634_AN8C.webp,https://ok.ru/video/11280802188014,https://ok.ru/videoembed/11280802188014
2228,11220684835566,movie,Bubblegum Crisis Tokyo 2040,Bubblegum Crisis Tokyo 2040 (1998) [1080p] [Español],,,,,,,,1998,,Anime,Ciencia Ficción,1080p,Español,false,9:09:59,32999,3166,catalogo_files/i_590_AN8C.webp,https://ok.ru/video/11220684835566,https://ok.ru/videoembed/11220684835566
2229,11207359007470,movie,Pequeños Guerreros,Pequeños Guerreros (1998) [4K] [Español],,,,,,,,1998,,Acción,Ciencia Ficción,4K,Español,false,1:49:47,6587,3248,catalogo_files/i_449_AN8C.webp,https://ok.ru/video/11207359007470,https://ok.ru/videoembed/11207359007470
2230,11177566800622,movie,Estados Unidos: La Película,Estados Unidos: La Película (2021) [1080p] [Español],,,,,,,,2021,,Animación,Comedia,1080p,Español,false,1:38:06,5886,1578,catalogo_files/i_730_AN8C.webp,https://ok.ru/video/11177566800622,https://ok.ru/videoembed/11177566800622
2231,11194651577070,episode,Episodio 1,Splinter Cell: Deathwatch - Temporada 1 (2025) [1080p] [Español],splinter-cell-deathwatch,Splinter Cell: Deathwatch,1,,1,0,1456,2025,,Animación,Acción,1080p,Español,false,3:14:11,1456,1522,catalogo_files/i_340_AN8C.webp,https://ok.ru/video/11194651577070,https://ok.ru/videoembed/11194651577070
2232,11194651577070,episode,Episodio 2,Splinter Cell: Deathwatch - Temporada 1 (2025) [1080p] [Español],splinter-cell-deathwatch,Splinter Cell: Deathwatch,1,,2,1456,2913,2025,,Animación,Acción,1080p,Español,false,3:14:11,1457,1522,catalogo_files/i_340_AN8C.webp,https://ok.ru/video/11194651577070,https://ok.ru/videoembed/11194651577070
2233,11194651577070,episode,Episodio 3,Splinter Cell: Deathwatch - Temporada 1 (2025) [1080p] [Español],splinter-cell-deathwatch,Splinter Cell: Deathwatch,1,,3,2913,4369,2025,,Animación,Acción,1080p,Español,false,3:14:11,1456,1522,catalogo_files/i_340_AN8C.webp,https://ok.ru/video/11194651577070,https://ok.ru/videoembed/11194651577070
2234,11194651577070,episode,Episodio 4,Splinter Cell: Deathwatch - Temporada 1 (2025) [1080p] [Español],splinter-cell-deathwatch,Splinter Cell: Deathwatch,1,,4,4369,5826,2025,,Animación,Acción,1080p,Español,false,3:14:11,1457,1522,catalogo_files/i_340_AN8C.webp,https://ok.ru/video/11194651577070,https://ok.ru/videoembed/11194651577070
2235,11194651577070,episode,Episodio 5,Splinter Cell: Deathwatch - Temporada 1 (2025) [1080p] [Español],splinter-cell-deathwatch,Splinter Cell: Deathwatch,1,,5,5826,7282,2025,,Animación,Acción,1080p,Español,false,3:14:11,1456,1522,catalogo_files/i_340_AN8C.webp,https://ok.ru/video/11194651577070,https://ok.ru/videoembed/11194651577070
2236,11194651577070,episode,Episodio 6,Splinter Cell: Deathwatch - Temporada 1 (2025) [1080p] [Español],splinter-cell-deathwatch,Splinter Cell: Deathwatch,1,,6,7282,8738,2025,,Animación,Acción,1080p,Español,false,3:14:11,1456,1522,catalogo_files/i_340_AN8C.webp,https://ok.ru/video/11194651577070,https://ok.ru/videoembed/11194651577070
2237,11194651577070,episode,Episodio 7,Splinter Cell: Deathwatch - Temporada 1 (2025) [1080p] [Español],splinter-cell-deathwatch,Splinter Cell: Deathwatch,1,,7,8738,10195,2025,,Animación,Acción,1080p,Español,false,3:14:11,1457,1522,catalogo_files/i_340_AN8C.webp,https://ok.ru/video/11194651577070,https://ok.ru/videoembed/11194651577070
2238,11194651577070,episode,Episodio 8,Splinter Cell: Deathwatch - Temporada 1 (2025) [1080p] [Español],splinter-cell-deathwatch,Splinter Cell: Deathwatch,1,,8,10195,,2025,,Animación,Acción,1080p,Español,false,3:14:11,1456,1522,catalogo_files/i_340_AN8C.webp,https://ok.ru/video/11194651577070,https://ok.ru/videoembed/11194651577070
2239,11193178327790,episode,Episodio 1,Temporada 2: Hazbin Hotel: El hotel de las viejas glorias [Español],hazbin-hotel-el-hotel-de-las-viejas-glorias,Hazbin Hotel: El hotel de las viejas glorias,2,,1,0,1766,,,Animación,Comedia,,Español,false,3:55:31,1766,1879,catalogo_files/i_687_AN8C.webp,https://ok.ru/video/11193178327790,https://ok.ru/videoembed/11193178327790
2240,11193178327790,episode,Episodio 2,Temporada 2: Hazbin Hotel: El hotel de las viejas glorias [Español],hazbin-hotel-el-hotel-de-las-viejas-glorias,Hazbin Hotel: El hotel de las viejas glorias,2,,2,1766,3533,,,Animación,Comedia,,Español,false,3:55:31,1767,1879,catalogo_files/i_687_AN8C.webp,https://ok.ru/video/11193178327790,https://ok.ru/videoembed/11193178327790
2241,11193178327790,episode,Episodio 3,Temporada 2: Hazbin Hotel: El hotel de las viejas glorias [Español],hazbin-hotel-el-hotel-de-las-viejas-glorias,Hazbin Hotel: El hotel de las viejas glorias,2,,3,3533,5299,,,Animación,Comedia,,Español,false,3:55:31,1766,1879,catalogo_files/i_687_AN8C.webp,https://ok.ru/video/11193178327790,https://ok.ru/videoembed/11193178327790
2242,11193178327790,episode,Episodio 4,Temporada 2: Hazbin Hotel: El hotel de las viejas glorias [Español],hazbin-hotel-el-hotel-de-las-viejas-glorias,Hazbin Hotel: El hotel de las viejas glorias,2,,4,5299,7066,,,Animación,Comedia,,Español,false,3:55:31,1767,1879,catalogo_files/i_687_AN8C.webp,https://ok.ru/video/11193178327790,https://ok.ru/videoembed/11193178327790
2243,11193178327790,episode,Episodio 5,Temporada 2: Hazbin Hotel: El hotel de las viejas glorias [Español],hazbin-hotel-el-hotel-de-las-viejas-glorias,Hazbin Hotel: El hotel de las viejas glorias,2,,5,7066,8832,,,Animación,Comedia,,Español,false,3:55:31,1766,1879,catalogo_files/i_687_AN8C.webp,https://ok.ru/video/11193178327790,https://ok.ru/videoembed/11193178327790
2244,11193178327790,episode,Episodio 6,Temporada 2: Hazbin Hotel: El hotel de las viejas glorias [Español],hazbin-hotel-el-hotel-de-las-viejas-glorias,Hazbin Hotel: El hotel de las viejas glorias,2,,6,8832,10598,,,Animación,Comedia,,Español,false,3:55:31,1766,1879,catalogo_files/i_687_AN8C.webp,https://ok.ru/video/11193178327790,https://ok.ru/videoembed/11193178327790
2245,11193178327790,episode,Episodio 7,Temporada 2: Hazbin Hotel: El hotel de las viejas glorias [Español],hazbin-hotel-el-hotel-de-las-viejas-glorias,Hazbin Hotel: El hotel de las viejas glorias,2,,7,10598,12365,,,Animación,Comedia,,Español,false,3:55:31,1767,1879,catalogo_files/i_687_AN8C.webp,https://ok.ru/video/11193178327790,https://ok.ru/videoembed/11193178327790
2246,11193178327790,episode,Episodio 8,Temporada 2: Hazbin Hotel: El hotel de las viejas glorias [Español],hazbin-hotel-el-hotel-de-las-viejas-glorias,Hazbin Hotel: El hotel de las viejas glorias,2,,8,12365,,,,Animación,Comedia,,Español,false,3:55:31,1766,1879,catalogo_files/i_687_AN8C.webp,https://ok.ru/video/11193178327790,https://ok.ru/videoembed/11193178327790
2247,11177380678382,movie,Historias de Exorcismos,Historias de Exorcismos (2024) [1080p] [Español],,,,,,,,2024,,Terror,,1080p,Español,false,1:25:09,5109,1389,catalogo_files/i_047_AN8C.webp,https://ok.ru/video/11177380678382,https://ok.ru/videoembed/11177380678382
2248,11177153006318,movie,Entergalactic,Entergalactic (2022) [1080p] [Español],,,,,,,,2022,,Animación,Drama,1080p,Español,false,1:34:36,5676,1625,catalogo_files/i_876_AN8C.webp,https://ok.ru/video/11177153006318,https://ok.ru/videoembed/11177153006318
2249,11170956249838,movie,Princesa Espacial Lesbiana,Princesa Espacial Lesbiana (2024) [1080p] [Sub Español],,,,,,,,2024,,Animación,Comedia,1080p,Español,true,1:27:24,5244,21753,catalogo_files/i_802_AN8C.webp,https://ok.ru/video/11170956249838,https://ok.ru/videoembed/11170956249838
2250,11161809914606,episode,Episodio 1,Hazbin Hotel - Temporada 1 (2019) [1080p] [Español],hazbin-hotel,Hazbin Hotel,1,,1,0,1478,2019,,Animación,Comedia,1080p,Español,false,3:17:02,1478,1990,catalogo_files/i_659_AN8C.webp,https://ok.ru/video/11161809914606,https://ok.ru/videoembed/11161809914606
2251,11161809914606,episode,Episodio 2,Hazbin Hotel - Temporada 1 (2019) [1080p] [Español],hazbin-hotel,Hazbin Hotel,1,,2,1478,2956,2019,,Animación,Comedia,1080p,Español,false,3:17:02,1478,1990,catalogo_files/i_659_AN8C.webp,https://ok.ru/video/11161809914606,https://ok.ru/videoembed/11161809914606
2252,11161809914606,episode,Episodio 3,Hazbin Hotel - Temporada 1 (2019) [1080p] [Español],hazbin-hotel,Hazbin Hotel,1,,3,2956,4433,2019,,Animación,Comedia,1080p,Español,false,3:17:02,1477,1990,catalogo_files/i_659_AN8C.webp,https://ok.ru/video/11161809914606,https://ok.ru/videoembed/11161809914606
2253,11161809914606,episode,Episodio 4,Hazbin Hotel - Temporada 1 (2019) [1080p] [Español],hazbin-hotel,Hazbin Hotel,1,,4,4433,5911,2019,,Animación,Comedia,1080p,Español,false,3:17:02,1478,1990,catalogo_files/i_659_AN8C.webp,https://ok.ru/video/11161809914606,https://ok.ru/videoembed/11161809914606
2254,11161809914606,episode,Episodio 5,Hazbin Hotel - Temporada 1 (2019) [1080p] [Español],hazbin-hotel,Hazbin Hotel,1,,5,5911,7389,2019,,Animación,Comedia,1080p,Español,false,3:17:02,1478,1990,catalogo_files/i_659_AN8C.webp,https://ok.ru/video/11161809914606,https://ok.ru/videoembed/11161809914606
2255,11161809914606,episode,Episodio 6,Hazbin Hotel - Temporada 1 (2019) [1080p] [Español],hazbin-hotel,Hazbin Hotel,1,,6,7389,8866,2019,,Animación,Comedia,1080p,Español,false,3:17:02,1477,1990,catalogo_files/i_659_AN8C.webp,https://ok.ru/video/11161809914606,https://ok.ru/videoembed/11161809914606
2256,11161809914606,episode,Episodio 7,Hazbin Hotel - Temporada 1 (2019) [1080p] [Español],hazbin-hotel,Hazbin Hotel,1,,7,8866,10344,2019,,Animación,Comedia,1080p,Español,false,3:17:02,1478,1990,catalogo_files/i_659_AN8C.webp,https://ok.ru/video/11161809914606,https://ok.ru/videoembed/11161809914606
2257,11161809914606,episode,Episodio 8,Hazbin Hotel - Temporada 1 (2019) [1080p] [Español],hazbin-hotel,Hazbin Hotel,1,,8,10344,,2019,,Animación,Comedia,1080p,Español,false,3:17:02,1478,1990,catalogo_files/i_659_AN8C.webp,https://ok.ru/video/11161809914606,https://ok.ru/videoembed/11161809914606
2258,11161366629102,movie,La Historia de Heidi,La Historia de Heidi (1979) [1080p] [Español],,,,,,,,1979,,Animación,Infantil,1080p,Español,false,1:25:32,5132,2874,catalogo_files/i_673_AN8C.webp,https://ok.ru/video/11161366629102,https://ok.ru/videoembed/11161366629102
2259,11150044302062,movie,El Final de Evangelion,El Final de Evangelion (1997) [1080p] [Español],,,,,,,,1997,,Anime,Ciencia Ficción,1080p,Español,false,1:26:48,5208,2027,catalogo_files/i_491_AN8C.webp,https://ok.ru/video/11150044302062,https://ok.ru/videoembed/11150044302062
2260,11123052317422,movie,Evangelion,Evangelion (1995) [1080p] [Español],,,,,,,,1995,,Anime,Ciencia Ficción,1080p,Español,false,10:23:46,37426,4302,catalogo_files/i_750_AN8C.webp,https://ok.ru/video/11123052317422,https://ok.ru/videoembed/11123052317422
2261,9947980696302,movie,Wolfwalkers: Espíritu lobo,Wolfwalkers: Espíritu lobo [1080p] [Español],,,,,,,,,,Animación,Fantasía,1080p,Español,false,1:42:32,6152,3622,catalogo_files/i_305_AN8C.webp,https://ok.ru/video/9947980696302,https://ok.ru/videoembed/9947980696302
2262,11102197451502,movie,Sanatorium Under the Sign of the Hourglass,Sanatorium Under the Sign of the Hourglass (2024) [1080p] [Sub Español],,,,,,,,2024,,Fantasía,Drama,1080p,Español,true,1:13:21,4401,1721,catalogo_files/i_292_AN8C.webp,https://ok.ru/video/11102197451502,https://ok.ru/videoembed/11102197451502
2263,11101527935726,movie,Río,Río (2011) [4K] [Español],,,,,,,,2011,,Animación,Infantil,4K,Español,false,1:35:56,5756,4645,catalogo_files/i_158_AN8C.webp,https://ok.ru/video/11101527935726,https://ok.ru/videoembed/11101527935726
2264,11097385470702,movie,¡Marcianos al Ataque!,¡Marcianos al Ataque! (1996) [4K] [Español],,,,,,,,1996,,Comedia,Ciencia Ficción,4K,Español,false,1:45:46,6346,2113,catalogo_files/i_468_AN8C.webp,https://ok.ru/video/11097385470702,https://ok.ru/videoembed/11097385470702
2265,11072371297006,movie,The Night Boot,The Night Boot (2024) [1080p] [Sub Español],,,,,,,,2024,,Terror,,1080p,Español,true,12:21,741,1048,catalogo_files/i_231_AN8C.webp,https://ok.ru/video/11072371297006,https://ok.ru/videoembed/11072371297006
2266,11057381706478,episode,Episodio 1,Temporada 1: Isla Calavera [Español],isla-calavera,Isla Calavera,1,,1,0,1379,,,Animación,Aventura,,Español,false,3:03:51,1379,1357,catalogo_files/i_433_AN8C.webp,https://ok.ru/video/11057381706478,https://ok.ru/videoembed/11057381706478
2267,11057381706478,episode,Episodio 2,Temporada 1: Isla Calavera [Español],isla-calavera,Isla Calavera,1,,2,1379,2758,,,Animación,Aventura,,Español,false,3:03:51,1379,1357,catalogo_files/i_433_AN8C.webp,https://ok.ru/video/11057381706478,https://ok.ru/videoembed/11057381706478
2268,11057381706478,episode,Episodio 3,Temporada 1: Isla Calavera [Español],isla-calavera,Isla Calavera,1,,3,2758,4137,,,Animación,Aventura,,Español,false,3:03:51,1379,1357,catalogo_files/i_433_AN8C.webp,https://ok.ru/video/11057381706478,https://ok.ru/videoembed/11057381706478
2269,11057381706478,episode,Episodio 4,Temporada 1: Isla Calavera [Español],isla-calavera,Isla Calavera,1,,4,4137,5516,,,Animación,Aventura,,Español,false,3:03:51,1379,1357,catalogo_files/i_433_AN8C.webp,https://ok.ru/video/11057381706478,https://ok.ru/videoembed/11057381706478
2270,11057381706478,episode,Episodio 5,Temporada 1: Isla Calavera [Español],isla-calavera,Isla Calavera,1,,5,5516,6894,,,Animación,Aventura,,Español,false,3:03:51,1378,1357,catalogo_files/i_433_AN8C.webp,https://ok.ru/video/11057381706478,https://ok.ru/videoembed/11057381706478
2271,11057381706478,episode,Episodio 6,Temporada 1: Isla Calavera [Español],isla-calavera,Isla Calavera,1,,6,6894,8273,,,Animación,Aventura,,Español,false,3:03:51,1379,1357,catalogo_files/i_433_AN8C.webp,https://ok.ru/video/11057381706478,https://ok.ru/videoembed/11057381706478
2272,11057381706478,episode,Episodio 7,Temporada 1: Isla Calavera [Español],isla-calavera,Isla Calavera,1,,7,8273,9652,,,Animación,Aventura,,Español,false,3:03:51,1379,1357,catalogo_files/i_433_AN8C.webp,https://ok.ru/video/11057381706478,https://ok.ru/videoembed/11057381706478
2273,11057381706478,episode,Episodio 8,Temporada 1: Isla Calavera [Español],isla-calavera,Isla Calavera,1,,8,9652,,,,Animación,Aventura,,Español,false,3:03:51,1379,1357,catalogo_files/i_433_AN8C.webp,https://ok.ru/video/11057381706478,https://ok.ru/videoembed/11057381706478
2274,11088377613038,movie,Kite,Kite (1998) [4K] [Sub Español],,,,,,,,1998,,Anime,Acción,4K,Español,true,53:32,3212,3272,catalogo_files/i_497_AN8C.webp,https://ok.ru/video/11088377613038,https://ok.ru/videoembed/11088377613038
2275,11041157548782,movie,Golgo 13: The Professional,Golgo 13: The Professional (1983) [4K] [Sub Español],,,,,,,,1983,,Anime,Acción,4K,Español,true,1:33:40,5620,1966,catalogo_files/i_477_AN8C.webp,https://ok.ru/video/11041157548782,https://ok.ru/videoembed/11041157548782
2276,11077164862190,movie,Wicked City,Wicked City (1987) [4K] [Sub Español],,,,,,,,1987,,Anime,Terror,4K,Español,true,1:21:15,4875,2146,catalogo_files/i_164_AN8C.webp,https://ok.ru/video/11077164862190,https://ok.ru/videoembed/11077164862190
2277,11047715015406,movie,Royal Space Force,Royal Space Force (1987) [4K] [Español],,,,,,,,1987,,Anime,Ciencia Ficción,4K,Español,false,1:59:57,7197,2249,catalogo_files/i_811_AN8C.webp,https://ok.ru/video/11047715015406,https://ok.ru/videoembed/11047715015406
2278,11048831879918,movie,Dangaioh,Dangaioh (1987) [4K] [Sub Español],,,,,,,,1987,,Anime,Ciencia Ficción,4K,Español,true,2:01:04,7264,1903,catalogo_files/i_362_AN8C.webp,https://ok.ru/video/11048831879918,https://ok.ru/videoembed/11048831879918
2279,11042262158062,movie,Dragon Half,Dragon Half (1993) [1080p] [Sub Español],,,,,,,,1993,,Anime,Fantasía,1080p,Español,true,51:28,3088,1576,catalogo_files/i_818_AN8C.webp,https://ok.ru/video/11042262158062,https://ok.ru/videoembed/11042262158062
2280,11033834752750,movie,Street Fighter II: The Movie,Street Fighter II: The Movie (1994) [4K] [Español],,,,,,,,1994,,Anime,Acción,4K,Español,false,1:41:26,6086,1541,catalogo_files/i_699_AN8C.webp,https://ok.ru/video/11033834752750,https://ok.ru/videoembed/11033834752750
2281,11033024072430,movie,La nueva noche de los muertos vivientes,La nueva noche de los muertos vivientes (2021) [1080p] [Español],,,,,,,,2021,,Terror,,1080p,Español,false,1:10:41,4241,3006,catalogo_files/i_655_AN8C.webp,https://ok.ru/video/11033024072430,https://ok.ru/videoembed/11033024072430
2282,11043091974894,movie,Highschool of the Dead,Highschool of the Dead (2010) [1080p] [Español],,,,,,,,2010,,Anime,Terror,1080p,Español,false,5:00:33,18033,3979,catalogo_files/i_276_AN8C.webp,https://ok.ru/video/11043091974894,https://ok.ru/videoembed/11043091974894
2283,11030160804590,movie,Monster Hunter: Leyendas del Gremio,Monster Hunter: Leyendas del Gremio (2021) [1080p] [Español],,,,,,,,2021,,Anime,Aventura,1080p,Español,false,58:53,3533,1888,catalogo_files/i_658_AN8C.webp,https://ok.ru/video/11030160804590,https://ok.ru/videoembed/11030160804590
2284,11010560297710,movie,Samsón y Sally,Samsón y Sally (1984) [1080p] [Sub Español],,,,,,,,1984,,Animación,Infantil,1080p,Español,true,58:55,3535,1240,catalogo_files/i_612_AN8C.webp,https://ok.ru/video/11010560297710,https://ok.ru/videoembed/11010560297710
2285,11000276716270,movie,La Tortuga Roja,La Tortuga Roja (2016) [4K],,,,,,,,2016,,Anime,Drama,4K,,false,1:20:49,4849,1299,catalogo_files/i_139_AN8C.webp,https://ok.ru/video/11000276716270,https://ok.ru/videoembed/11000276716270
2286,10996122716910,movie,El Puño de la Estrella del Norte,El Puño de la Estrella del Norte (1986) [4K] [Español],,,,,,,,1986,,Anime,Acción,4K,Español,false,1:51:37,6697,3161,catalogo_files/i_532_AN8C.webp,https://ok.ru/video/10996122716910,https://ok.ru/videoembed/10996122716910
2287,10990168050414,movie,Poupelle of Chimney Town,Poupelle of Chimney Town (2020) [1080p] [Sub Español],,,,,,,,2020,,Anime,Fantasía,1080p,Español,true,1:40:20,6020,1807,catalogo_files/i_474_AN8C.webp,https://ok.ru/video/10990168050414,https://ok.ru/videoembed/10990168050414
2288,10989105122030,movie,Junk World,Junk World (2025) [1080p] [Sub Español],,,,,,,,2025,,Anime,Ciencia Ficción,1080p,Español,true,1:44:42,6282,1839,catalogo_files/i_812_AN8C.webp,https://ok.ru/video/10989105122030,https://ok.ru/videoembed/10989105122030
2289,10980461775598,movie,Las Aventuras de Pulgarcito y Pulgarcita,Las Aventuras de Pulgarcito y Pulgarcita (2002) [1080p] [Español],,,,,,,,2002,,Animación,Infantil,1080p,Español,false,1:11:58,4318,1926,catalogo_files/i_291_AN8C.webp,https://ok.ru/video/10980461775598,https://ok.ru/videoembed/10980461775598
2290,10920992180974,movie,Starship Troopers: invasión,Starship Troopers: invasión (2012) [4K] [Español],,,,,,,,2012,,Anime,Ciencia Ficción,4K,Español,false,1:27:32,5252,1744,catalogo_files/i_757_AN8C.webp,https://ok.ru/video/10920992180974,https://ok.ru/videoembed/10920992180974
2291,10907968998126,movie,Bayonetta: Bloody Fate,Bayonetta: Bloody Fate (2013) [4K] [Español],,,,,,,,2013,,Anime,Acción,4K,Español,false,1:30:12,5412,2017,catalogo_files/i_719_AN8C.webp,https://ok.ru/video/10907968998126,https://ok.ru/videoembed/10907968998126
2292,10907471579886,movie,Appleseed Ex Machina,Appleseed Ex Machina (2007) [4K] [Español],,,,,,,,2007,,Anime,Ciencia Ficción,4K,Español,false,1:44:42,6282,2287,catalogo_files/i_127_AN8C.webp,https://ok.ru/video/10907471579886,https://ok.ru/videoembed/10907471579886
2293,10907313900270,movie,Demon City Shinjuku,Demon City Shinjuku (1988) [4K] [Sub Español],,,,,,,,1988,,Anime,Terror,4K,Español,true,1:19:02,4742,2526,catalogo_files/i_890_AN8C.webp,https://ok.ru/video/10907313900270,https://ok.ru/videoembed/10907313900270
2294,10905636178670,movie,Jin-Roh: The Wolf Brigade,Jin-Roh: The Wolf Brigade (1999) [4K] [Sub Español],,,,,,,,1999,,Anime,Drama,4K,Español,true,1:42:14,6134,6202,catalogo_files/i_728_AN8C.webp,https://ok.ru/video/10905636178670,https://ok.ru/videoembed/10905636178670
2295,10906897615598,movie,Appleseed,Appleseed (2004) [4K] [Español],,,,,,,,2004,,Anime,Ciencia Ficción,4K,Español,false,1:45:50,6350,1207,catalogo_files/i_105_AN8C.webp,https://ok.ru/video/10906897615598,https://ok.ru/videoembed/10906897615598
2296,10874424920814,movie,Appleseed Alpha,Appleseed Alpha (2014) [4K] [Español],,,,,,,,2014,,Anime,Ciencia Ficción,4K,Español,false,1:33:15,5595,3366,catalogo_files/i_104_AN8C.webp,https://ok.ru/video/10874424920814,https://ok.ru/videoembed/10874424920814
2297,10808231463662,movie,Cara de Sapo,Cara de Sapo (2011) [1080p] [Español],,,,,,,,2011,,Drama,,1080p,Español,false,1:24:35,5075,1601,catalogo_files/i_142_AN8C.webp,https://ok.ru/video/10808231463662,https://ok.ru/videoembed/10808231463662
2298,10744328162030,movie,Alexander Senki,Alexander Senki (2000) [1080p] [Español],,,,,,,,2000,,Anime,Fantasía,1080p,Español,false,1:41:28,6088,2383,catalogo_files/i_255_AN8C.webp,https://ok.ru/video/10744328162030,https://ok.ru/videoembed/10744328162030
2299,10783708744430,movie,Tripping The Rift,Tripping The Rift (2008) [1080p] [Sub Español],,,,,,,,2008,,Comedia,Ciencia Ficción,1080p,Español,true,1:14:57,4497,3233,catalogo_files/i_704_AN8C.webp,https://ok.ru/video/10783708744430,https://ok.ru/videoembed/10783708744430
2300,10781343550190,movie,Los Fantasmas de Scrooge,Los Fantasmas de Scrooge (2009) [4K] [Español],,,,,,,,2009,,Animación,Fantasía,4K,Español,false,1:35:49,5749,3179,catalogo_files/i_066_AN8C.webp,https://ok.ru/video/10781343550190,https://ok.ru/videoembed/10781343550190
2301,10717499624174,movie,Waking life,Waking life (2001) [1080p] [Español],,,,,,,,2001,,Animación,Drama,1080p,Español,false,1:40:45,6045,1812,catalogo_files/i_119_AN8C.webp,https://ok.ru/video/10717499624174,https://ok.ru/videoembed/10717499624174
2302,10744783178478,movie,Arion,Arion (1986) [1080p] [Sub Español],,,,,,,,1986,,Anime,Fantasía,1080p,Español,true,1:59:09,7149,1929,catalogo_files/i_350_AN8C.webp,https://ok.ru/video/10744783178478,https://ok.ru/videoembed/10744783178478
2303,10717343582958,movie,Le Portrait de Petit Cossette,Le Portrait de Petit Cossette (2004) [1080p] [Sub Español],,,,,,,,2004,,Anime,Terror,1080p,Español,true,1:49:37,6577,1521,catalogo_files/i_881_AN8C.webp,https://ok.ru/video/10717343582958,https://ok.ru/videoembed/10717343582958
2304,10718935583470,movie,La Tragedia del Hombre,La Tragedia del Hombre (2011) [Sub Español],,,,,,,,2011,,Animación,Drama,,Español,true,2:46:01,9961,1477,catalogo_files/i_328_AN8C.webp,https://ok.ru/video/10718935583470,https://ok.ru/videoembed/10718935583470
2305,10716227570414,movie,The Last Fiction,The Last Fiction (2018) [1080p] [Sub Español],,,,,,,,2018,,Animación,Fantasía,1080p,Español,true,1:40:06,6006,1327,catalogo_files/i_399_AN8C.webp,https://ok.ru/video/10716227570414,https://ok.ru/videoembed/10716227570414
2306,10716578843374,movie,Interface,Interface (2021) [1080p] [Sub Español],,,,,,,,2021,,Anime,Ciencia Ficción,1080p,Español,true,1:57:17,7037,1212,catalogo_files/i_426_AN8C.webp,https://ok.ru/video/10716578843374,https://ok.ru/videoembed/10716578843374
2307,10718776199918,movie,Highlander: The Search for Vengeance,Highlander: The Search for Vengeance (2007) [1080p] [Español],,,,,,,,2007,,Anime,Acción,1080p,Español,false,1:25:34,5134,2232,catalogo_files/i_423_AN8C.webp,https://ok.ru/video/10718776199918,https://ok.ru/videoembed/10718776199918
2308,10718197517038,movie,Escaflowne: La Película,Escaflowne: La Película (2000) [1080p] [Sub Español],,,,,,,,2000,,Anime,Fantasía,1080p,Español,true,1:35:11,5711,1460,catalogo_files/i_021_AN8C.webp,https://ok.ru/video/10718197517038,https://ok.ru/videoembed/10718197517038
2309,10716497447662,movie,Soy Frankelda,Soy Frankelda (2025) [1080p] [Español],,,,,,,,2025,,Animación,Terror,1080p,Español,false,1:44:29,6269,5970,catalogo_files/i_274_AN8C.webp,https://ok.ru/video/10716497447662,https://ok.ru/videoembed/10716497447662
2310,10703493008110,movie,El Grinch: El Cuento Animado,El Grinch: El Cuento Animado (1966) [1080p] [Español],,,,,,,,1966,,Animación,Infantil,1080p,Español,false,25:44,1544,1621,catalogo_files/i_657_AN8C.webp,https://ok.ru/video/10703493008110,https://ok.ru/videoembed/10703493008110
2311,10579558337262,movie,El Hijo de la Yegua Blanca,El Hijo de la Yegua Blanca (1981) [1080p] [Sub Español],,,,,,,,1981,,Animación,Fantasía,1080p,Español,true,1:26:04,5164,1665,catalogo_files/i_360_AN8C.webp,https://ok.ru/video/10579558337262,https://ok.ru/videoembed/10579558337262
2312,10579431131886,movie,Inu-oh,Inu-oh (2021) [1080p] [Español],,,,,,,,2021,,Anime,Fantasía,1080p,Español,false,1:37:34,5854,1559,catalogo_files/i_626_AN8C.webp,https://ok.ru/video/10579431131886,https://ok.ru/videoembed/10579431131886
2313,10628688644846,movie,Colmillo Blanco,Colmillo Blanco (2018) [1080p] [Español],,,,,,,,2018,,Animación,Aventura,1080p,Español,false,1:27:34,5254,1267,catalogo_files/i_786_AN8C.webp,https://ok.ru/video/10628688644846,https://ok.ru/videoembed/10628688644846
2314,10641339976430,movie,El brillante año nuevo de Rudolph,El brillante año nuevo de Rudolph (1976) [1080p] [Español],,,,,,,,1976,,Animación,Infantil,1080p,Español,false,50:04,3004,1440,catalogo_files/i_762_AN8C.webp,https://ok.ru/video/10641339976430,https://ok.ru/videoembed/10641339976430
2315,10618542230254,movie,El Planeta Salvaje,El Planeta Salvaje (1973) [4K] [Español],,,,,,,,1973,,Animación,Ciencia Ficción,4K,Español,false,1:11:53,4313,4727,catalogo_files/i_238_AN8C.webp,https://ok.ru/video/10618542230254,https://ok.ru/videoembed/10618542230254
2316,10605677382382,movie,Vampire Hunter D: Bloodlust,Vampire Hunter D: Bloodlust (2000) [4K] [Español],,,,,,,,2000,,Anime,Terror,4K,Español,false,1:41:45,6105,4247,catalogo_files/i_366_AN8C.webp,https://ok.ru/video/10605677382382,https://ok.ru/videoembed/10605677382382
2317,10605817367278,movie,Gokicha!!,Gokicha!! [Sub Español],,,,,,,,,,Anime,Comedia,,Español,true,16:53,1013,1100,catalogo_files/i_297_AN8C.webp,https://ok.ru/video/10605817367278,https://ok.ru/videoembed/10605817367278
2318,10579203918574,movie,Short Peace,Short Peace (2013) [1080p] [Sub Español],,,,,,,,2013,,Anime,Fantasía,1080p,Español,true,1:08:29,4109,1542,catalogo_files/i_570_AN8C.webp,https://ok.ru/video/10579203918574,https://ok.ru/videoembed/10579203918574
2319,10604500355822,movie,Twilight of the Cockroaches,Twilight of the Cockroaches (1987) [Sub Español],,,,,,,,1987,,Anime,Drama,,Español,true,1:45:20,6320,1393,catalogo_files/i_795_AN8C.webp,https://ok.ru/video/10604500355822,https://ok.ru/videoembed/10604500355822
2320,10592644565742,movie,Un Cielo de Plástico,Un Cielo de Plástico (2023) [1080p] [Español],,,,,,,,2023,,Documental,,1080p,Español,false,1:47:09,6429,1412,catalogo_files/i_116_AN8C.webp,https://ok.ru/video/10592644565742,https://ok.ru/videoembed/10592644565742
2321,10580737985262,movie,Battle Royal High School,Battle Royal High School (1987) [4K] [Sub Español],,,,,,,,1987,,Anime,Acción,4K,Español,true,59:44,3584,2423,catalogo_files/i_220_AN8C.webp,https://ok.ru/video/10580737985262,https://ok.ru/videoembed/10580737985262
2322,10590618389230,movie,Bob Cuspe - No nos gusta la gente,Bob Cuspe - No nos gusta la gente (2021) [1080p] [Sub Español],,,,,,,,2021,,Animación,Comedia,1080p,Español,true,1:30:23,5423,1477,catalogo_files/i_416_AN8C.webp,https://ok.ru/video/10590618389230,https://ok.ru/videoembed/10590618389230
2323,10590965861102,movie,El Pequeño Vampiro,El Pequeño Vampiro (2020) [1080p] [Sub Español],,,,,,,,2020,,Aventura,Infantil,1080p,Español,true,1:21:52,4912,1407,catalogo_files/i_266_AN8C.webp,https://ok.ru/video/10590965861102,https://ok.ru/videoembed/10590965861102
2324,10579222924014,movie,Schirkoa: la Ciudad de las Mentiras,Schirkoa: la Ciudad de las Mentiras (2024) [1080p] [Sub Español],,,,,,,,2024,,Animación,Ciencia Ficción,1080p,Español,true,1:42:42,6162,1252,catalogo_files/i_906_AN8C.webp,https://ok.ru/video/10579222924014,https://ok.ru/videoembed/10579222924014
2325,10579330992878,movie,HALO Legends,HALO Legends (2010) [1080p] [Español],,,,,,,,2010,,Anime,Ciencia Ficción,1080p,Español,false,1:59:20,7160,2662,catalogo_files/i_280_AN8C.webp,https://ok.ru/video/10579330992878,https://ok.ru/videoembed/10579330992878
2326,10574604471022,movie,Super Agente Cobra,Super Agente Cobra (1982) [4K] [Sub Español],,,,,,,,1982,,Anime,Acción,4K,Español,true,1:39:05,5945,1593,catalogo_files/i_432_AN8C.webp,https://ok.ru/video/10574604471022,https://ok.ru/videoembed/10574604471022
2327,10574558595822,movie,Alien: Monday,Alien: Monday (2024) [2K] [Sub Español],,,,,,,,2024,,Ciencia Ficción,,2K,Español,true,19:28,1168,1259,catalogo_files/i_182_AN8C.webp,https://ok.ru/video/10574558595822,https://ok.ru/videoembed/10574558595822
2328,10533622385390,movie,El valiente Despereaux,El valiente Despereaux (2008) [1080p] [Español],,,,,,,,2008,,Animación,Infantil,1080p,Español,false,1:33:35,5615,1722,catalogo_files/i_530_AN8C.webp,https://ok.ru/video/10533622385390,https://ok.ru/videoembed/10533622385390
2329,10533507697390,movie,Rosita Fresita: El cielo es el Límite,Rosita Fresita: El cielo es el Límite (2009) [1080p] [Español],,,,,,,,2009,,Animación,Infantil,1080p,Español,false,1:09:12,4152,1542,catalogo_files/i_707_AN8C.webp,https://ok.ru/video/10533507697390,https://ok.ru/videoembed/10533507697390
2330,10515289475822,movie,El Rey Ciervo,El Rey Ciervo (2021) [1080p] [Sub Español],,,,,,,,2021,,Anime,Fantasía,1080p,Español,true,1:53:23,6803,1643,catalogo_files/i_010_AN8C.webp,https://ok.ru/video/10515289475822,https://ok.ru/videoembed/10515289475822
2331,10509981911790,movie,Nikté,Nikté (2009) [1080p] [Español],,,,,,,,2009,,Animación,Aventura,1080p,Español,false,1:33:09,5589,1593,catalogo_files/i_486_AN8C.webp,https://ok.ru/video/10509981911790,https://ok.ru/videoembed/10509981911790
2332,10508790598382,movie,Zoopocalipsis,Zoopocalipsis (2024) [1080p] [Español],,,,,,,,2024,,Animación,Infantil,1080p,Español,false,1:31:32,5492,1593,catalogo_files/i_836_AN8C.webp,https://ok.ru/video/10508790598382,https://ok.ru/videoembed/10508790598382
2333,10503333808878,movie,Scott Pilgrim Contra el Mundo,Scott Pilgrim Contra el Mundo (2010) [4K] [Español],,,,,,,,2010,,Acción,Comedia,4K,Español,false,1:52:23,6743,4063,catalogo_files/i_377_AN8C.webp,https://ok.ru/video/10503333808878,https://ok.ru/videoembed/10503333808878
2334,10503521569518,movie,En Sueños,En Sueños (2025) [1080p] [Español],,,,,,,,2025,,Terror,,1080p,Español,false,1:26:55,5215,1420,catalogo_files/i_808_AN8C.webp,https://ok.ru/video/10503521569518,https://ok.ru/videoembed/10503521569518
2335,10482083171054,movie,Happy Tree Friends,Happy Tree Friends [HD],,,,,,,,,,Animación,Comedia,HD,,false,8:35:50,30950,2595,catalogo_files/i_877_AN8C.webp,https://ok.ru/video/10482083171054,https://ok.ru/videoembed/10482083171054
2336,10465305692910,movie,La Familia del Futuro,La Familia del Futuro (2007) [1080p] [Español],,,,,,,,2007,,Animación,Infantil,1080p,Español,false,1:34:27,5667,2266,catalogo_files/i_554_AN8C.webp,https://ok.ru/video/10465305692910,https://ok.ru/videoembed/10465305692910
2337,10460845705966,movie,Ánima Buenos Aires,Ánima Buenos Aires (2012) [Español],,,,,,,,2012,,Animación,,,Español,false,1:35:24,5724,1467,catalogo_files/i_541_AN8C.webp,https://ok.ru/video/10460845705966,https://ok.ru/videoembed/10460845705966
2338,10460090927854,movie,Fixed,Fixed (2025) [1080p] [Español],,,,,,,,2025,,Animación,Comedia,1080p,Español,false,1:26:41,5201,1683,catalogo_files/i_204_AN8C.webp,https://ok.ru/video/10460090927854,https://ok.ru/videoembed/10460090927854
2339,10460210989806,movie,Las Guerreras K-Pop,Las Guerreras K-Pop (2025) [1080p] [Español],,,,,,,,2025,,Animación,Fantasía,1080p,Español,false,1:39:37,5977,4675,catalogo_files/i_602_AN8C.webp,https://ok.ru/video/10460210989806,https://ok.ru/videoembed/10460210989806
2340,10460021983982,movie,Metegol,Metegol (2013) [1080p] [Español],,,,,,,,2013,,Animación,Infantil,1080p,Español,false,1:45:05,6305,2101,catalogo_files/i_792_AN8C.webp,https://ok.ru/video/10460021983982,https://ok.ru/videoembed/10460021983982
2341,10452538624750,movie,"Stubby, un héroe muy especial","Stubby, un héroe muy especial (2018) [1080p] [Español]",,,,,,,,2018,,Animación,Aventura,1080p,Español,false,1:24:25,5065,1308,catalogo_files/i_689_AN8C.webp,https://ok.ru/video/10452538624750,https://ok.ru/videoembed/10452538624750
2342,10417214851822,movie,El Cadáver de la Novia,El Cadáver de la Novia (2005) [4K] [Español],,,,,,,,2005,,Animación,Fantasía,4K,Español,false,1:17:10,4630,3210,catalogo_files/i_019_AN8C.webp,https://ok.ru/video/10417214851822,https://ok.ru/videoembed/10417214851822
2343,10409873705710,movie,Project A-Ko 04: Final,Project A-Ko 04: Final (1989) [1080p] [Sub Español],,,,,,,,1989,,Anime,Comedia,1080p,Español,true,55:40,3340,1345,catalogo_files/i_850_AN8C.webp,https://ok.ru/video/10409873705710,https://ok.ru/videoembed/10409873705710
2344,10409873640174,movie,Project A-Ko 03:,Project A-Ko 03: (1988) [1080p] [Sub Español],,,,,,,,1988,,Anime,Comedia,1080p,Español,true,50:41,3041,1159,catalogo_files/i_887_AN8C.webp,https://ok.ru/video/10409873640174,https://ok.ru/videoembed/10409873640174
2345,10409873574638,movie,Project A-Ko 02:,Project A-Ko 02: (1987) [1080p] [Sub Español],,,,,,,,1987,,Anime,Comedia,1080p,Español,true,55:41,3341,1203,catalogo_files/i_090_AN8C.webp,https://ok.ru/video/10409873574638,https://ok.ru/videoembed/10409873574638
2346,10410104261358,movie,Project A-Ko,Project A-Ko (1986) [1080p] [Sub Español],,,,,,,,1986,,Anime,Comedia,1080p,Español,true,1:27:12,5232,1418,catalogo_files/i_642_AN8C.webp,https://ok.ru/video/10410104261358,https://ok.ru/videoembed/10410104261358
2347,10397954542318,movie,Metrópolis,Metrópolis (2001) [1080p] [Sub Español],,,,,,,,2001,,Anime,Ciencia Ficción,1080p,Español,true,1:47:31,6451,2783,catalogo_files/i_559_AN8C.webp,https://ok.ru/video/10397954542318,https://ok.ru/videoembed/10397954542318
2348,10393999444718,movie,BAOH,BAOH (1989) [1080p] [Sub Español],,,,,,,,1989,,Anime,Acción,1080p,Español,true,46:52,2812,1594,catalogo_files/i_364_AN8C.webp,https://ok.ru/video/10393999444718,https://ok.ru/videoembed/10393999444718
2349,10393916541678,movie,Earthian,Earthian (1989) [1080p] [Sub Español],,,,,,,,1989,,Anime,Fantasía,1080p,Español,true,2:23:28,8608,1478,catalogo_files/i_616_AN8C.webp,https://ok.ru/video/10393916541678,https://ok.ru/videoembed/10393916541678
2350,10391005432558,movie,Capitán Harlock,Capitán Harlock (2013) [4K] [Español],,,,,,,,2013,,Anime,Ciencia Ficción,4K,Español,false,1:55:06,6906,1600,catalogo_files/i_609_AN8C.webp,https://ok.ru/video/10391005432558,https://ok.ru/videoembed/10391005432558
2351,10392124001006,movie,Cyber City Oedo 808,Cyber City Oedo 808 (1990) [1080p] [Sub Español],,,,,,,,1990,,Anime,Ciencia Ficción,1080p,Español,true,2:08:01,7681,2366,catalogo_files/i_702_AN8C.webp,https://ok.ru/video/10392124001006,https://ok.ru/videoembed/10392124001006
2352,10385858038510,movie,Ga'Hoole: la Leyenda de los Guardianes,Ga'Hoole: la Leyenda de los Guardianes (2010) [1080p] [Español],,,,,,,,2010,,Animación,Fantasía,1080p,Español,false,1:36:48,5808,2143,catalogo_files/i_179_AN8C.webp,https://ok.ru/video/10385858038510,https://ok.ru/videoembed/10385858038510
2353,10378982263534,movie,Black Magic M-66,Black Magic M-66 (1987) [4K] [Sub Español],,,,,,,,1987,,Anime,Ciencia Ficción,4K,Español,true,47:15,2835,1645,catalogo_files/i_251_AN8C.webp,https://ok.ru/video/10378982263534,https://ok.ru/videoembed/10378982263534
2354,10376652458734,movie,Windaria,Windaria (1986) [4K] [Sub Español],,,,,,,,1986,,Anime,Fantasía,4K,Español,true,1:40:47,6047,1825,catalogo_files/i_389_AN8C.webp,https://ok.ru/video/10376652458734,https://ok.ru/videoembed/10376652458734
2355,10364828322542,movie,Chirin no Suzu,Chirin no Suzu (1973) [1080p] [Sub Español],,,,,,,,1973,,Anime,Drama,1080p,Español,true,46:30,2790,1697,catalogo_files/i_485_AN8C.webp,https://ok.ru/video/10364828322542,https://ok.ru/videoembed/10364828322542
2356,10357892582126,movie,Roujin Z,Roujin Z (1991) [1080p] [Español],,,,,,,,1991,,Anime,Ciencia Ficción,1080p,Español,false,1:19:49,4789,1959,catalogo_files/i_614_AN8C.webp,https://ok.ru/video/10357892582126,https://ok.ru/videoembed/10357892582126
2357,10356850559726,movie,Fiesta Monstruo,Fiesta Monstruo (1967) [1080p] [Sub Español],,,,,,,,1967,,Animación,Infantil,1080p,Español,true,1:34:57,5697,1420,catalogo_files/i_516_AN8C.webp,https://ok.ru/video/10356850559726,https://ok.ru/videoembed/10356850559726
2358,10356687375086,movie,Ana y Bruno,Ana y Bruno (2017) [1080p] [Español],,,,,,,,2017,,Animación,Fantasía,1080p,Español,false,1:36:23,5783,1491,catalogo_files/i_738_AN8C.webp,https://ok.ru/video/10356687375086,https://ok.ru/videoembed/10356687375086
2359,10351728134894,movie,Lily C.A.T.,Lily C.A.T. (1987) [1080p] [Sub Español],,,,,,,,1987,,Anime,Ciencia Ficción,1080p,Español,true,1:07:17,4037,1598,catalogo_files/i_595_AN8C.webp,https://ok.ru/video/10351728134894,https://ok.ru/videoembed/10351728134894
2360,10346119367406,movie,Princess,Princess (2006) [1080p] [Sub Español],,,,,,,,2006,,Drama,,1080p,Español,true,1:17:54,4674,1248,catalogo_files/i_314_AN8C.webp,https://ok.ru/video/10346119367406,https://ok.ru/videoembed/10346119367406
2361,10345689909998,movie,Juguetes en el Ático,Juguetes en el Ático (2009) [1080p] [Sub Español],,,,,,,,2009,,Animación,Aventura,1080p,Español,true,1:12:52,4372,1721,catalogo_files/i_720_AN8C.webp,https://ok.ru/video/10345689909998,https://ok.ru/videoembed/10345689909998
2362,10344341048046,movie,El Niño y el Mundo,El Niño y el Mundo (2013) [1080p],,,,,,,,2013,,Animación,Drama,1080p,,false,1:20:09,4809,1457,catalogo_files/i_902_AN8C.webp,https://ok.ru/video/10344341048046,https://ok.ru/videoembed/10344341048046
2363,10344464714478,movie,El Lienzo,El Lienzo (2011) [1080p] [Sub Español],,,,,,,,2011,,Animación,Drama,1080p,Español,true,1:19:35,4775,1299,catalogo_files/i_581_AN8C.webp,https://ok.ru/video/10344464714478,https://ok.ru/videoembed/10344464714478
2364,10336864570094,movie,Robot Carnival,Robot Carnival (1987) [4K] [Sub Español],,,,,,,,1987,,Anime,Ciencia Ficción,4K,Español,true,1:30:19,5419,2123,catalogo_files/i_543_AN8C.webp,https://ok.ru/video/10336864570094,https://ok.ru/videoembed/10336864570094
2365,10329191942894,movie,La Doncella sin Manos,La Doncella sin Manos (2016) [1080p] [Sub Español],,,,,,,,2016,,Animación,Fantasía,1080p,Español,true,1:15:28,4528,1544,catalogo_files/i_039_AN8C.webp,https://ok.ru/video/10329191942894,https://ok.ru/videoembed/10329191942894
2366,10328070556398,movie,Norbert,Norbert (2024) [1080p] [Español],,,,,,,,2024,,Animación,Infantil,1080p,Español,false,1:12:32,4352,1408,catalogo_files/i_568_AN8C.webp,https://ok.ru/video/10328070556398,https://ok.ru/videoembed/10328070556398
2367,10321089202926,movie,Bratz: Rock Angelz,Bratz: Rock Angelz (2005) [1080p] [Español],,,,,,,,2005,,Animación,Infantil,1080p,Español,false,1:13:08,4388,1647,catalogo_files/i_705_AN8C.webp,https://ok.ru/video/10321089202926,https://ok.ru/videoembed/10321089202926
2368,10321261759214,movie,Technotise: Edit & I,Technotise: Edit & I (2009) [1080p] [Sub Español],,,,,,,,2009,,Animación,Ciencia Ficción,1080p,Español,true,1:29:51,5391,1252,catalogo_files/i_400_AN8C.webp,https://ok.ru/video/10321261759214,https://ok.ru/videoembed/10321261759214
2369,10320793701102,movie,Monster High: Embrujadas,Monster High: Embrujadas (2015) [1080p] [Español],,,,,,,,2015,,Animación,Infantil,1080p,Español,false,1:15:43,4543,1540,catalogo_files/i_264_AN8C.webp,https://ok.ru/video/10320793701102,https://ok.ru/videoembed/10320793701102
2370,10320785902318,episode,Episodio 1,Temporada 2: She-Ra y las Princesas del Poder [Español],she-ra-y-las-princesas-del-poder,She-Ra y las Princesas del Poder,2,,1,0,1449,,,Animación,Fantasía,,Español,false,2:49:04,1449,1175,catalogo_files/i_085_AN8C.webp,https://ok.ru/video/10320785902318,https://ok.ru/videoembed/10320785902318
2371,10320785902318,episode,Episodio 2,Temporada 2: She-Ra y las Princesas del Poder [Español],she-ra-y-las-princesas-del-poder,She-Ra y las Princesas del Poder,2,,2,1449,2898,,,Animación,Fantasía,,Español,false,2:49:04,1449,1175,catalogo_files/i_085_AN8C.webp,https://ok.ru/video/10320785902318,https://ok.ru/videoembed/10320785902318
2372,10320785902318,episode,Episodio 3,Temporada 2: She-Ra y las Princesas del Poder [Español],she-ra-y-las-princesas-del-poder,She-Ra y las Princesas del Poder,2,,3,2898,4347,,,Animación,Fantasía,,Español,false,2:49:04,1449,1175,catalogo_files/i_085_AN8C.webp,https://ok.ru/video/10320785902318,https://ok.ru/videoembed/10320785902318
2373,10320785902318,episode,Episodio 4,Temporada 2: She-Ra y las Princesas del Poder [Español],she-ra-y-las-princesas-del-poder,She-Ra y las Princesas del Poder,2,,4,4347,5797,,,Animación,Fantasía,,Español,false,2:49:04,1450,1175,catalogo_files/i_085_AN8C.webp,https://ok.ru/video/10320785902318,https://ok.ru/videoembed/10320785902318
2374,10320785902318,episode,Episodio 5,Temporada 2: She-Ra y las Princesas del Poder [Español],she-ra-y-las-princesas-del-poder,She-Ra y las Princesas del Poder,2,,5,5797,7246,,,Animación,Fantasía,,Español,false,2:49:04,1449,1175,catalogo_files/i_085_AN8C.webp,https://ok.ru/video/10320785902318,https://ok.ru/videoembed/10320785902318
2375,10320785902318,episode,Episodio 6,Temporada 2: She-Ra y las Princesas del Poder [Español],she-ra-y-las-princesas-del-poder,She-Ra y las Princesas del Poder,2,,6,7246,8695,,,Animación,Fantasía,,Español,false,2:49:04,1449,1175,catalogo_files/i_085_AN8C.webp,https://ok.ru/video/10320785902318,https://ok.ru/videoembed/10320785902318
2376,10320785902318,episode,Episodio 7,Temporada 2: She-Ra y las Princesas del Poder [Español],she-ra-y-las-princesas-del-poder,She-Ra y las Princesas del Poder,2,,7,8695,,,,Animación,Fantasía,,Español,false,2:49:04,1449,1175,catalogo_files/i_085_AN8C.webp,https://ok.ru/video/10320785902318,https://ok.ru/videoembed/10320785902318
2377,10317634931438,movie,Los Viajes de Gulliver,Los Viajes de Gulliver (1939) [4K] [Sub Español],,,,,,,,1939,,Animación,Clásicos,4K,Español,true,1:15:19,4519,1385,catalogo_files/i_771_AN8C.webp,https://ok.ru/video/10317634931438,https://ok.ru/videoembed/10317634931438
2378,10313678064366,movie,La Espada en la Piedra,La Espada en la Piedra (1963) [4K] [Español],,,,,,,,1963,,Animación,Clásicos,4K,Español,false,1:19:36,4776,4549,catalogo_files/i_253_AN8C.webp,https://ok.ru/video/10313678064366,https://ok.ru/videoembed/10313678064366
2379,10312826882798,movie,Los Cuentos de la Noche,Los Cuentos de la Noche (2011) [1080p] [Sub Español],,,,,,,,2011,,Animación,Fantasía,1080p,Español,true,1:23:51,5031,1378,catalogo_files/i_214_AN8C.webp,https://ok.ru/video/10312826882798,https://ok.ru/videoembed/10312826882798
2380,10293814102766,movie,Even Pigeons Go to Heaven,Even Pigeons Go to Heaven (2007) [1080p] [Sub Español],,,,,,,,2007,,Animación,Comedia,1080p,Español,true,08:25,505,1210,catalogo_files/i_625_AN8C.webp,https://ok.ru/video/10293814102766,https://ok.ru/videoembed/10293814102766
2381,10293953825518,movie,Perdí mi Cuerpo,Perdí mi Cuerpo (2019) [1080p] [Español],,,,,,,,2019,,Animación,Drama,1080p,Español,false,1:20:37,4837,1358,catalogo_files/i_731_AN8C.webp,https://ok.ru/video/10293953825518,https://ok.ru/videoembed/10293953825518
2382,10293722221294,movie,Una Vida Errante,Una Vida Errante (2011) [Sub Español],,,,,,,,2011,,Drama,,,Español,true,1:36:06,5766,1373,catalogo_files/i_885_AN8C.webp,https://ok.ru/video/10293722221294,https://ok.ru/videoembed/10293722221294
2383,10270653221614,movie,La Cumbre de los Dioses,La Cumbre de los Dioses (2021) [1080p] [Español],,,,,,,,2021,,Animación,Aventura,1080p,Español,false,1:35:58,5758,1433,catalogo_files/i_483_AN8C.webp,https://ok.ru/video/10270653221614,https://ok.ru/videoembed/10270653221614
2384,10270596664046,movie,Benny's Bathtub,Benny's Bathtub (1971) [1080p] [Sub Español],,,,,,,,1971,,Animación,Infantil,1080p,Español,true,40:50,2450,1212,catalogo_files/i_853_AN8C.webp,https://ok.ru/video/10270596664046,https://ok.ru/videoembed/10270596664046
2385,10270571170542,movie,Marquis,Marquis (1989) [Español],,,,,,,,1989,,Animación,Drama,,Español,false,1:19:18,4758,2688,catalogo_files/i_096_AN8C.webp,https://ok.ru/video/10270571170542,https://ok.ru/videoembed/10270571170542
2386,10270482434798,movie,Mi Vida a lo Grande,Mi Vida a lo Grande (2024) [1080p] [Español],,,,,,,,2024,,Comedia,,1080p,Español,false,1:19:07,4747,1655,catalogo_files/i_088_AN8C.webp,https://ok.ru/video/10270482434798,https://ok.ru/videoembed/10270482434798
2387,10264254417646,episode,Episodio 1,Terminator Zero - Temporada 1 (2024) [1080p] [Español],terminator-zero,Terminator Zero,1,,1,0,1704,2024,,Anime,Ciencia Ficción,1080p,Español,false,3:47:11,1704,2781,catalogo_files/i_203_AN8C.webp,https://ok.ru/video/10264254417646,https://ok.ru/videoembed/10264254417646
2388,10264254417646,episode,Episodio 2,Terminator Zero - Temporada 1 (2024) [1080p] [Español],terminator-zero,Terminator Zero,1,,2,1704,3408,2024,,Anime,Ciencia Ficción,1080p,Español,false,3:47:11,1704,2781,catalogo_files/i_203_AN8C.webp,https://ok.ru/video/10264254417646,https://ok.ru/videoembed/10264254417646
2389,10264254417646,episode,Episodio 3,Terminator Zero - Temporada 1 (2024) [1080p] [Español],terminator-zero,Terminator Zero,1,,3,3408,5112,2024,,Anime,Ciencia Ficción,1080p,Español,false,3:47:11,1704,2781,catalogo_files/i_203_AN8C.webp,https://ok.ru/video/10264254417646,https://ok.ru/videoembed/10264254417646
2390,10264254417646,episode,Episodio 4,Terminator Zero - Temporada 1 (2024) [1080p] [Español],terminator-zero,Terminator Zero,1,,4,5112,6816,2024,,Anime,Ciencia Ficción,1080p,Español,false,3:47:11,1704,2781,catalogo_files/i_203_AN8C.webp,https://ok.ru/video/10264254417646,https://ok.ru/videoembed/10264254417646
2391,10264254417646,episode,Episodio 5,Terminator Zero - Temporada 1 (2024) [1080p] [Español],terminator-zero,Terminator Zero,1,,5,6816,8519,2024,,Anime,Ciencia Ficción,1080p,Español,false,3:47:11,1703,2781,catalogo_files/i_203_AN8C.webp,https://ok.ru/video/10264254417646,https://ok.ru/videoembed/10264254417646
2392,10264254417646,episode,Episodio 6,Terminator Zero - Temporada 1 (2024) [1080p] [Español],terminator-zero,Terminator Zero,1,,6,8519,10223,2024,,Anime,Ciencia Ficción,1080p,Español,false,3:47:11,1704,2781,catalogo_files/i_203_AN8C.webp,https://ok.ru/video/10264254417646,https://ok.ru/videoembed/10264254417646
2393,10264254417646,episode,Episodio 7,Terminator Zero - Temporada 1 (2024) [1080p] [Español],terminator-zero,Terminator Zero,1,,7,10223,11927,2024,,Anime,Ciencia Ficción,1080p,Español,false,3:47:11,1704,2781,catalogo_files/i_203_AN8C.webp,https://ok.ru/video/10264254417646,https://ok.ru/videoembed/10264254417646
2394,10264254417646,episode,Episodio 8,Terminator Zero - Temporada 1 (2024) [1080p] [Español],terminator-zero,Terminator Zero,1,,8,11927,,2024,,Anime,Ciencia Ficción,1080p,Español,false,3:47:11,1704,2781,catalogo_files/i_203_AN8C.webp,https://ok.ru/video/10264254417646,https://ok.ru/videoembed/10264254417646
2395,10263944891118,movie,Un reino para todos nosotros,Un reino para todos nosotros (2023) [1080p] [Español],,,,,,,,2023,,Fantasía,Aventura,1080p,Español,false,1:26:23,5183,1546,catalogo_files/i_478_AN8C.webp,https://ok.ru/video/10263944891118,https://ok.ru/videoembed/10263944891118
2396,10263920642798,movie,Metropia,Metropia (2009) [1080p] [Sub Español],,,,,,,,2009,,Animación,Ciencia Ficción,1080p,Español,true,1:25:42,5142,1735,catalogo_files/i_899_AN8C.webp,https://ok.ru/video/10263920642798,https://ok.ru/videoembed/10263920642798
2397,10262625651438,movie,Pokémon 7: El Destino de Deoxys,Pokémon 7: El Destino de Deoxys (2004) [1080p] [Español],,,,,,,,2004,,Anime,Aventura,1080p,Español,false,1:38:03,5883,1489,catalogo_files/i_576_AN8C.webp,https://ok.ru/video/10262625651438,https://ok.ru/videoembed/10262625651438
2398,10262602648302,movie,Monster High: Fusión Espeluznante,Monster High: Fusión Espeluznante (2014) [1080p] [Español],,,,,,,,2014,,Animación,Infantil,1080p,Español,false,1:13:33,4413,1829,catalogo_files/i_564_AN8C.webp,https://ok.ru/video/10262602648302,https://ok.ru/videoembed/10262602648302
2399,10262459583214,movie,Renacimiento,Renacimiento (2006) [1080p] [Sub Español],,,,,,,,2006,,Animación,Ciencia Ficción,1080p,Español,true,1:45:32,6332,1194,catalogo_files/i_560_AN8C.webp,https://ok.ru/video/10262459583214,https://ok.ru/videoembed/10262459583214
2400,10262459517678,movie,"Ruben Brandt, el coleccionista","Ruben Brandt, el coleccionista (2018) [1080p] [Español]",,,,,,,,2018,,Animación,Acción,1080p,Español,false,1:33:40,5620,1266,catalogo_files/i_163_AN8C.webp,https://ok.ru/video/10262459517678,https://ok.ru/videoembed/10262459517678
2401,10238851549934,movie,Silent Mobius +,Silent Mobius (1991) + (1992) [1080p] [Sub Español],,,,,,,,1992,,Anime,Ciencia Ficción,1080p,Español,true,1:51:55,6715,1757,catalogo_files/i_733_AN8C.webp,https://ok.ru/video/10238851549934,https://ok.ru/videoembed/10238851549934
2402,10231779429102,movie,Rikki-Tikki-Tavi,Rikki-Tikki-Tavi (1975) [4K] [Sub Español],,,,,,,,1975,,Animación,Infantil,4K,Español,true,24:02,1442,1833,catalogo_files/i_288_AN8C.webp,https://ok.ru/video/10231779429102,https://ok.ru/videoembed/10231779429102
2403,10230569831150,movie,El vuelo de los dragones,El vuelo de los dragones (1982) [1080p] [Español],,,,,,,,1982,,Fantasía,Animación,1080p,Español,false,1:35:31,5731,1500,catalogo_files/i_027_AN8C.webp,https://ok.ru/video/10230569831150,https://ok.ru/videoembed/10230569831150
2404,10230876408558,movie,"Kotick, la Foca Blanca","Kotick, la Foca Blanca (1975) [4K] [Sub Español]",,,,,,,,1975,,Animación,Aventura,4K,Español,true,24:14,1454,1262,catalogo_files/i_498_AN8C.webp,https://ok.ru/video/10230876408558,https://ok.ru/videoembed/10230876408558
2405,10214422874862,movie,Brijes,Brijes (2010) [1080p] [Español],,,,,,,,2010,,Comedia,,1080p,Español,false,1:29:44,5384,1548,catalogo_files/i_327_AN8C.webp,https://ok.ru/video/10214422874862,https://ok.ru/videoembed/10214422874862
2406,10214016944878,movie,Pokémon 5: Latios y Latias,Pokémon 5: Latios y Latias (2002) [1080p] [Español],,,,,,,,2002,,Anime,Aventura,1080p,Español,false,1:11:34,4294,1571,catalogo_files/i_460_AN8C.webp,https://ok.ru/video/10214016944878,https://ok.ru/videoembed/10214016944878
2407,10213891443438,movie,Pokémon 6: Jirachi y los Deseos,Pokémon 6: Jirachi y los Deseos (2003) [1080p] [Español],,,,,,,,2003,,Anime,Aventura,1080p,Español,false,1:21:10,4870,1438,catalogo_files/i_727_AN8C.webp,https://ok.ru/video/10213891443438,https://ok.ru/videoembed/10213891443438
2408,10213846485742,movie,"Pokémon 4: Celebi, la Voz del Bosque","Pokémon 4: Celebi, la Voz del Bosque (2001) [1080p] [Español]",,,,,,,,2001,,Anime,Aventura,1080p,Español,false,1:15:00,4500,1584,catalogo_files/i_083_AN8C.webp,https://ok.ru/video/10213846485742,https://ok.ru/videoembed/10213846485742
2409,10213961435886,episode,Episodio 1,Temporada 1: She-Ra y las Princesas del Poder [Español],she-ra-y-las-princesas-del-poder,She-Ra y las Princesas del Poder,1,,1,0,1449,,,Animación,Fantasía,,Español,false,5:14:01,1449,1529,catalogo_files/i_798_AN8C.webp,https://ok.ru/video/10213961435886,https://ok.ru/videoembed/10213961435886
2410,10213961435886,episode,Episodio 2,Temporada 1: She-Ra y las Princesas del Poder [Español],she-ra-y-las-princesas-del-poder,She-Ra y las Princesas del Poder,1,,2,1449,2899,,,Animación,Fantasía,,Español,false,5:14:01,1450,1529,catalogo_files/i_798_AN8C.webp,https://ok.ru/video/10213961435886,https://ok.ru/videoembed/10213961435886
2411,10213961435886,episode,Episodio 3,Temporada 1: She-Ra y las Princesas del Poder [Español],she-ra-y-las-princesas-del-poder,She-Ra y las Princesas del Poder,1,,3,2899,4348,,,Animación,Fantasía,,Español,false,5:14:01,1449,1529,catalogo_files/i_798_AN8C.webp,https://ok.ru/video/10213961435886,https://ok.ru/videoembed/10213961435886
2412,10213961435886,episode,Episodio 4,Temporada 1: She-Ra y las Princesas del Poder [Español],she-ra-y-las-princesas-del-poder,She-Ra y las Princesas del Poder,1,,4,4348,5797,,,Animación,Fantasía,,Español,false,5:14:01,1449,1529,catalogo_files/i_798_AN8C.webp,https://ok.ru/video/10213961435886,https://ok.ru/videoembed/10213961435886
2413,10213961435886,episode,Episodio 5,Temporada 1: She-Ra y las Princesas del Poder [Español],she-ra-y-las-princesas-del-poder,She-Ra y las Princesas del Poder,1,,5,5797,7247,,,Animación,Fantasía,,Español,false,5:14:01,1450,1529,catalogo_files/i_798_AN8C.webp,https://ok.ru/video/10213961435886,https://ok.ru/videoembed/10213961435886
2414,10213961435886,episode,Episodio 6,Temporada 1: She-Ra y las Princesas del Poder [Español],she-ra-y-las-princesas-del-poder,She-Ra y las Princesas del Poder,1,,6,7247,8696,,,Animación,Fantasía,,Español,false,5:14:01,1449,1529,catalogo_files/i_798_AN8C.webp,https://ok.ru/video/10213961435886,https://ok.ru/videoembed/10213961435886
2415,10213961435886,episode,Episodio 7,Temporada 1: She-Ra y las Princesas del Poder [Español],she-ra-y-las-princesas-del-poder,She-Ra y las Princesas del Poder,1,,7,8696,10145,,,Animación,Fantasía,,Español,false,5:14:01,1449,1529,catalogo_files/i_798_AN8C.webp,https://ok.ru/video/10213961435886,https://ok.ru/videoembed/10213961435886
2416,10213961435886,episode,Episodio 8,Temporada 1: She-Ra y las Princesas del Poder [Español],she-ra-y-las-princesas-del-poder,She-Ra y las Princesas del Poder,1,,8,10145,11594,,,Animación,Fantasía,,Español,false,5:14:01,1449,1529,catalogo_files/i_798_AN8C.webp,https://ok.ru/video/10213961435886,https://ok.ru/videoembed/10213961435886
2417,10213961435886,episode,Episodio 9,Temporada 1: She-Ra y las Princesas del Poder [Español],she-ra-y-las-princesas-del-poder,She-Ra y las Princesas del Poder,1,,9,11594,13044,,,Animación,Fantasía,,Español,false,5:14:01,1450,1529,catalogo_files/i_798_AN8C.webp,https://ok.ru/video/10213961435886,https://ok.ru/videoembed/10213961435886
2418,10213961435886,episode,Episodio 10,Temporada 1: She-Ra y las Princesas del Poder [Español],she-ra-y-las-princesas-del-poder,She-Ra y las Princesas del Poder,1,,10,13044,14493,,,Animación,Fantasía,,Español,false,5:14:01,1449,1529,catalogo_files/i_798_AN8C.webp,https://ok.ru/video/10213961435886,https://ok.ru/videoembed/10213961435886
2419,10213961435886,episode,Episodio 11,Temporada 1: She-Ra y las Princesas del Poder [Español],she-ra-y-las-princesas-del-poder,She-Ra y las Princesas del Poder,1,,11,14493,15942,,,Animación,Fantasía,,Español,false,5:14:01,1449,1529,catalogo_files/i_798_AN8C.webp,https://ok.ru/video/10213961435886,https://ok.ru/videoembed/10213961435886
2420,10213961435886,episode,Episodio 12,Temporada 1: She-Ra y las Princesas del Poder [Español],she-ra-y-las-princesas-del-poder,She-Ra y las Princesas del Poder,1,,12,15942,17392,,,Animación,Fantasía,,Español,false,5:14:01,1450,1529,catalogo_files/i_798_AN8C.webp,https://ok.ru/video/10213961435886,https://ok.ru/videoembed/10213961435886
2421,10213961435886,episode,Episodio 13,Temporada 1: She-Ra y las Princesas del Poder [Español],she-ra-y-las-princesas-del-poder,She-Ra y las Princesas del Poder,1,,13,17392,,,,Animación,Fantasía,,Español,false,5:14:01,1449,1529,catalogo_files/i_798_AN8C.webp,https://ok.ru/video/10213961435886,https://ok.ru/videoembed/10213961435886
2422,10213932337902,movie,Los Boxtrolls,Los Boxtrolls (2014) [4K] [Español],,,,,,,,2014,,Animación,Aventura,4K,Español,false,1:36:13,5773,2179,catalogo_files/i_555_AN8C.webp,https://ok.ru/video/10213932337902,https://ok.ru/videoembed/10213932337902
2423,10209764444910,movie,Neo Tokyo,Neo Tokyo (1987) [1080p] [Sub Español],,,,,,,,1987,,Anime,Ciencia Ficción,1080p,Español,true,49:40,2980,1964,catalogo_files/i_536_AN8C.webp,https://ok.ru/video/10209764444910,https://ok.ru/videoembed/10209764444910
2424,10210177845998,movie,Memories,Memories (1995) [1080p] [Sub Español],,,,,,,,1995,,Anime,Ciencia Ficción,1080p,Español,true,1:53:26,6806,3056,catalogo_files/i_368_AN8C.webp,https://ok.ru/video/10210177845998,https://ok.ru/videoembed/10210177845998
2425,10209981565678,movie,Pokémon 3: El Hechizo de los Unown,Pokémon 3: El Hechizo de los Unown (2000) [1080p] [Español],,,,,,,,2000,,Anime,Aventura,1080p,Español,false,1:13:28,4408,1770,catalogo_files/i_363_AN8C.webp,https://ok.ru/video/10209981565678,https://ok.ru/videoembed/10209981565678
2426,10207933893358,movie,Pokémon 2: El poder de Uno,Pokémon 2: El poder de Uno (1999) [1080p] [Español],,,,,,,,1999,,Anime,Aventura,1080p,Español,false,1:20:33,4833,1924,catalogo_files/i_387_AN8C.webp,https://ok.ru/video/10207933893358,https://ok.ru/videoembed/10207933893358
2427,10209735346926,movie,Pokémon: Mewtwo vs Mew,Pokémon: Mewtwo vs Mew (1998) [1080p] [Español],,,,,,,,1998,,Anime,Aventura,1080p,Español,false,1:14:38,4478,2087,catalogo_files/i_198_AN8C.webp,https://ok.ru/video/10209735346926,https://ok.ru/videoembed/10209735346926
2428,10209961904878,movie,Hellsing Ultimate,Hellsing Ultimate [Sub Español],,,,,,,,,,Anime,Terror,,Español,true,8:08:57,29337,2331,catalogo_files/i_069_AN8C.webp,https://ok.ru/video/10209961904878,https://ok.ru/videoembed/10209961904878
2429,10207571217134,movie,Hellsing: The Dawn,Hellsing: The Dawn [Sub Español],,,,,,,,,,Anime,Terror,,Español,true,27:17,1637,1539,catalogo_files/i_633_AN8C.webp,https://ok.ru/video/10207571217134,https://ok.ru/videoembed/10207571217134
2430,10206843243246,movie,Hellsing,Hellsing (2001) [4K] [Español],,,,,,,,2001,,Anime,Terror,4K,Español,false,4:37:49,16669,1921,catalogo_files/i_397_AN8C.webp,https://ok.ru/video/10206843243246,https://ok.ru/videoembed/10206843243246
2431,10203350764270,movie,Barbie™ La Princesa de las Perlas,Barbie™ La Princesa de las Perlas (2014) [1080p] [Español],,,,,,,,2014,,Animación,Infantil,1080p,Español,false,1:13:42,4422,1904,catalogo_files/i_501_AN8C.webp,https://ok.ru/video/10203350764270,https://ok.ru/videoembed/10203350764270
2432,10203217398510,movie,Late Afternoon,Late Afternoon (2017) [1080p] [Sub Español],,,,,,,,2017,,Animación,Drama,1080p,Español,true,09:00,540,1179,catalogo_files/i_796_AN8C.webp,https://ok.ru/video/10203217398510,https://ok.ru/videoembed/10203217398510
2433,10202708118254,movie,Heavy Metal,Heavy Metal (1981) [4K] [Español],,,,,,,,1981,,Animación,Ciencia Ficción,4K,Español,false,1:30:21,5421,2077,catalogo_files/i_227_AN8C.webp,https://ok.ru/video/10202708118254,https://ok.ru/videoembed/10202708118254
2434,10202356779758,movie,La Llave Mágica,La Llave Mágica (1995) [1080p] [Español],,,,,,,,1995,,Fantasía,Animación,1080p,Español,false,1:36:10,5770,1816,catalogo_files/i_517_AN8C.webp,https://ok.ru/video/10202356779758,https://ok.ru/videoembed/10202356779758
2435,10197573372654,episode,Episodio 1,Temporada 4: Castlevania [Español],castlevania,Castlevania,4,,1,0,1557,,,Animación,Acción,,Español,false,4:19:31,1557,2167,catalogo_files/i_225_AN8C.webp,https://ok.ru/video/10197573372654,https://ok.ru/videoembed/10197573372654
2436,10197573372654,episode,Episodio 2,Temporada 4: Castlevania [Español],castlevania,Castlevania,4,,2,1557,3114,,,Animación,Acción,,Español,false,4:19:31,1557,2167,catalogo_files/i_225_AN8C.webp,https://ok.ru/video/10197573372654,https://ok.ru/videoembed/10197573372654
2437,10197573372654,episode,Episodio 3,Temporada 4: Castlevania [Español],castlevania,Castlevania,4,,3,3114,4671,,,Animación,Acción,,Español,false,4:19:31,1557,2167,catalogo_files/i_225_AN8C.webp,https://ok.ru/video/10197573372654,https://ok.ru/videoembed/10197573372654
2438,10197573372654,episode,Episodio 4,Temporada 4: Castlevania [Español],castlevania,Castlevania,4,,4,4671,6228,,,Animación,Acción,,Español,false,4:19:31,1557,2167,catalogo_files/i_225_AN8C.webp,https://ok.ru/video/10197573372654,https://ok.ru/videoembed/10197573372654
2439,10197573372654,episode,Episodio 5,Temporada 4: Castlevania [Español],castlevania,Castlevania,4,,5,6228,7786,,,Animación,Acción,,Español,false,4:19:31,1558,2167,catalogo_files/i_225_AN8C.webp,https://ok.ru/video/10197573372654,https://ok.ru/videoembed/10197573372654
2440,10197573372654,episode,Episodio 6,Temporada 4: Castlevania [Español],castlevania,Castlevania,4,,6,7786,9343,,,Animación,Acción,,Español,false,4:19:31,1557,2167,catalogo_files/i_225_AN8C.webp,https://ok.ru/video/10197573372654,https://ok.ru/videoembed/10197573372654
2441,10197573372654,episode,Episodio 7,Temporada 4: Castlevania [Español],castlevania,Castlevania,4,,7,9343,10900,,,Animación,Acción,,Español,false,4:19:31,1557,2167,catalogo_files/i_225_AN8C.webp,https://ok.ru/video/10197573372654,https://ok.ru/videoembed/10197573372654
2442,10197573372654,episode,Episodio 8,Temporada 4: Castlevania [Español],castlevania,Castlevania,4,,8,10900,12457,,,Animación,Acción,,Español,false,4:19:31,1557,2167,catalogo_files/i_225_AN8C.webp,https://ok.ru/video/10197573372654,https://ok.ru/videoembed/10197573372654
2443,10197573372654,episode,Episodio 9,Temporada 4: Castlevania [Español],castlevania,Castlevania,4,,9,12457,14014,,,Animación,Acción,,Español,false,4:19:31,1557,2167,catalogo_files/i_225_AN8C.webp,https://ok.ru/video/10197573372654,https://ok.ru/videoembed/10197573372654
2444,10197573372654,episode,Episodio 10,Temporada 4: Castlevania [Español],castlevania,Castlevania,4,,10,14014,,,,Animación,Acción,,Español,false,4:19:31,1557,2167,catalogo_files/i_225_AN8C.webp,https://ok.ru/video/10197573372654,https://ok.ru/videoembed/10197573372654
2445,10197635959534,episode,Episodio 1,Temporada 3: Castlevania [Español],castlevania,Castlevania,3,,1,0,1577,,,Animación,Acción,,Español,false,4:22:46,1577,2221,catalogo_files/i_780_AN8C.webp,https://ok.ru/video/10197635959534,https://ok.ru/videoembed/10197635959534
2446,10197635959534,episode,Episodio 2,Temporada 3: Castlevania [Español],castlevania,Castlevania,3,,2,1577,3153,,,Animación,Acción,,Español,false,4:22:46,1576,2221,catalogo_files/i_780_AN8C.webp,https://ok.ru/video/10197635959534,https://ok.ru/videoembed/10197635959534
2447,10197635959534,episode,Episodio 3,Temporada 3: Castlevania [Español],castlevania,Castlevania,3,,3,3153,4730,,,Animación,Acción,,Español,false,4:22:46,1577,2221,catalogo_files/i_780_AN8C.webp,https://ok.ru/video/10197635959534,https://ok.ru/videoembed/10197635959534
2448,10197635959534,episode,Episodio 4,Temporada 3: Castlevania [Español],castlevania,Castlevania,3,,4,4730,6306,,,Animación,Acción,,Español,false,4:22:46,1576,2221,catalogo_files/i_780_AN8C.webp,https://ok.ru/video/10197635959534,https://ok.ru/videoembed/10197635959534
2449,10197635959534,episode,Episodio 5,Temporada 3: Castlevania [Español],castlevania,Castlevania,3,,5,6306,7883,,,Animación,Acción,,Español,false,4:22:46,1577,2221,catalogo_files/i_780_AN8C.webp,https://ok.ru/video/10197635959534,https://ok.ru/videoembed/10197635959534
2450,10197635959534,episode,Episodio 6,Temporada 3: Castlevania [Español],castlevania,Castlevania,3,,6,7883,9460,,,Animación,Acción,,Español,false,4:22:46,1577,2221,catalogo_files/i_780_AN8C.webp,https://ok.ru/video/10197635959534,https://ok.ru/videoembed/10197635959534
2451,10197635959534,episode,Episodio 7,Temporada 3: Castlevania [Español],castlevania,Castlevania,3,,7,9460,11036,,,Animación,Acción,,Español,false,4:22:46,1576,2221,catalogo_files/i_780_AN8C.webp,https://ok.ru/video/10197635959534,https://ok.ru/videoembed/10197635959534
2452,10197635959534,episode,Episodio 8,Temporada 3: Castlevania [Español],castlevania,Castlevania,3,,8,11036,12613,,,Animación,Acción,,Español,false,4:22:46,1577,2221,catalogo_files/i_780_AN8C.webp,https://ok.ru/video/10197635959534,https://ok.ru/videoembed/10197635959534
2453,10197635959534,episode,Episodio 9,Temporada 3: Castlevania [Español],castlevania,Castlevania,3,,9,12613,14189,,,Animación,Acción,,Español,false,4:22:46,1576,2221,catalogo_files/i_780_AN8C.webp,https://ok.ru/video/10197635959534,https://ok.ru/videoembed/10197635959534
2454,10197635959534,episode,Episodio 10,Temporada 3: Castlevania [Español],castlevania,Castlevania,3,,10,14189,,,,Animación,Acción,,Español,false,4:22:46,1577,2221,catalogo_files/i_780_AN8C.webp,https://ok.ru/video/10197635959534,https://ok.ru/videoembed/10197635959534
2455,10194441669358,episode,Episodio 1,Temporada 2: Castlevania [Español],castlevania,Castlevania,2,,1,0,1546,,,Animación,Acción,,Español,false,3:26:10,1546,1748,catalogo_files/i_150_AN8C.webp,https://ok.ru/video/10194441669358,https://ok.ru/videoembed/10194441669358
2456,10194441669358,episode,Episodio 2,Temporada 2: Castlevania [Español],castlevania,Castlevania,2,,2,1546,3092,,,Animación,Acción,,Español,false,3:26:10,1546,1748,catalogo_files/i_150_AN8C.webp,https://ok.ru/video/10194441669358,https://ok.ru/videoembed/10194441669358
2457,10194441669358,episode,Episodio 3,Temporada 2: Castlevania [Español],castlevania,Castlevania,2,,3,3092,4639,,,Animación,Acción,,Español,false,3:26:10,1547,1748,catalogo_files/i_150_AN8C.webp,https://ok.ru/video/10194441669358,https://ok.ru/videoembed/10194441669358
2458,10194441669358,episode,Episodio 4,Temporada 2: Castlevania [Español],castlevania,Castlevania,2,,4,4639,6185,,,Animación,Acción,,Español,false,3:26:10,1546,1748,catalogo_files/i_150_AN8C.webp,https://ok.ru/video/10194441669358,https://ok.ru/videoembed/10194441669358
2459,10194441669358,episode,Episodio 5,Temporada 2: Castlevania [Español],castlevania,Castlevania,2,,5,6185,7731,,,Animación,Acción,,Español,false,3:26:10,1546,1748,catalogo_files/i_150_AN8C.webp,https://ok.ru/video/10194441669358,https://ok.ru/videoembed/10194441669358
2460,10194441669358,episode,Episodio 6,Temporada 2: Castlevania [Español],castlevania,Castlevania,2,,6,7731,9278,,,Animación,Acción,,Español,false,3:26:10,1547,1748,catalogo_files/i_150_AN8C.webp,https://ok.ru/video/10194441669358,https://ok.ru/videoembed/10194441669358
2461,10194441669358,episode,Episodio 7,Temporada 2: Castlevania [Español],castlevania,Castlevania,2,,7,9278,10824,,,Animación,Acción,,Español,false,3:26:10,1546,1748,catalogo_files/i_150_AN8C.webp,https://ok.ru/video/10194441669358,https://ok.ru/videoembed/10194441669358
2462,10194441669358,episode,Episodio 8,Temporada 2: Castlevania [Español],castlevania,Castlevania,2,,8,10824,,,,Animación,Acción,,Español,false,3:26:10,1546,1748,catalogo_files/i_150_AN8C.webp,https://ok.ru/video/10194441669358,https://ok.ru/videoembed/10194441669358
2463,10194412178158,episode,Episodio 1,Temporada 1: Castlevania [Español],castlevania,Castlevania,1,,1,0,1412,,,Animación,Acción,,Español,false,1:34:09,1412,1752,catalogo_files/i_652_AN8C.webp,https://ok.ru/video/10194412178158,https://ok.ru/videoembed/10194412178158
2464,10194412178158,episode,Episodio 2,Temporada 1: Castlevania [Español],castlevania,Castlevania,1,,2,1412,2824,,,Animación,Acción,,Español,false,1:34:09,1412,1752,catalogo_files/i_652_AN8C.webp,https://ok.ru/video/10194412178158,https://ok.ru/videoembed/10194412178158
2465,10194412178158,episode,Episodio 3,Temporada 1: Castlevania [Español],castlevania,Castlevania,1,,3,2824,4237,,,Animación,Acción,,Español,false,1:34:09,1413,1752,catalogo_files/i_652_AN8C.webp,https://ok.ru/video/10194412178158,https://ok.ru/videoembed/10194412178158
2466,10194412178158,episode,Episodio 4,Temporada 1: Castlevania [Español],castlevania,Castlevania,1,,4,4237,,,,Animación,Acción,,Español,false,1:34:09,1412,1752,catalogo_files/i_652_AN8C.webp,https://ok.ru/video/10194412178158,https://ok.ru/videoembed/10194412178158
2467,10194397563630,movie,Shigurui: Death Frenzy,Shigurui: Death Frenzy [Sub Español],,,,,,,,,,Anime,Acción,,Español,true,4:47:08,17228,1537,catalogo_files/i_514_AN8C.webp,https://ok.ru/video/10194397563630,https://ok.ru/videoembed/10194397563630
2468,10194234313454,movie,La Canción del Mar,La Canción del Mar (2014) [1080p] [Español],,,,,,,,2014,,Animación,Fantasía,1080p,Español,false,1:33:59,5639,3301,catalogo_files/i_325_AN8C.webp,https://ok.ru/video/10194234313454,https://ok.ru/videoembed/10194234313454
2469,10194246109934,movie,X-1999,X-1999 (1996) [4K] [Sub Español],,,,,,,,1996,,Anime,Fantasía,4K,Español,true,1:38:07,5887,1872,catalogo_files/i_580_AN8C.webp,https://ok.ru/video/10194246109934,https://ok.ru/videoembed/10194246109934
2470,10187560979182,movie,A Wind Named Amnesia,A Wind Named Amnesia (1993) [1080p] [Sub Español],,,,,,,,1993,,Anime,Ciencia Ficción,1080p,Español,true,1:20:01,4801,1467,catalogo_files/i_441_AN8C.webp,https://ok.ru/video/10187560979182,https://ok.ru/videoembed/10187560979182
2471,10187827120878,movie,Jin-Roh: The Wolf Brigade,Jin-Roh: The Wolf Brigade (1999) [1080p] [Sub Español],,,,,,,,1999,,Anime,Drama,1080p,Español,true,1:41:58,6118,1454,catalogo_files/i_064_AN8C.webp,https://ok.ru/video/10187827120878,https://ok.ru/videoembed/10187827120878
2472,10187213900526,movie,Tehran Taboo,Tehran Taboo (2017) [1080p] [Sub Español],,,,,,,,2017,,Animación,Drama,1080p,Español,true,1:36:20,5780,2070,catalogo_files/i_205_AN8C.webp,https://ok.ru/video/10187213900526,https://ok.ru/videoembed/10187213900526
2473,10187179363054,movie,Animal Behaviour,Animal Behaviour (2018) [1080p] [Sub Español],,,,,,,,2018,,Animación,Comedia,1080p,Español,true,14:27,867,1360,catalogo_files/i_824_AN8C.webp,https://ok.ru/video/10187179363054,https://ok.ru/videoembed/10187179363054
2474,10183792462574,movie,Blame!,Blame! (2017) [1080p] [Español],,,,,,,,2017,,Anime,Ciencia Ficción,1080p,Español,false,1:46:00,6360,2436,catalogo_files/i_799_AN8C.webp,https://ok.ru/video/10183792462574,https://ok.ru/videoembed/10183792462574
2475,10183811861230,movie,Loving Vincent,Loving Vincent (2017) [1080p] [Español],,,,,,,,2017,,Animación,Drama,1080p,Español,false,1:34:43,5683,1676,catalogo_files/i_758_AN8C.webp,https://ok.ru/video/10183811861230,https://ok.ru/videoembed/10183811861230
2476,10180396518126,movie,Gen 13,Gen 13 (2000) [2K] [Español],,,,,,,,2000,,Superhéroes,Animación,2K,Español,false,1:26:24,5184,2339,catalogo_files/i_475_AN8C.webp,https://ok.ru/video/10180396518126,https://ok.ru/videoembed/10180396518126
2477,10176479431406,movie,A Scanner Darkly,A Scanner Darkly (2006) [1080p] [Español],,,,,,,,2006,,Ciencia Ficción,Animación,1080p,Español,false,1:40:22,6022,1651,catalogo_files/i_841_AN8C.webp,https://ok.ru/video/10176479431406,https://ok.ru/videoembed/10176479431406
2478,10177029081838,movie,Guerra de los Mundos: Goliath,Guerra de los Mundos: Goliath (2012) [1080p] [Sub Español],,,,,,,,2012,,Ciencia Ficción,Animación,1080p,Español,true,1:19:53,4793,1627,catalogo_files/i_855_AN8C.webp,https://ok.ru/video/10177029081838,https://ok.ru/videoembed/10177029081838
2479,10177004440302,movie,El Samurái sin Nombre,El Samurái sin Nombre (2007) [1080p] [Sub Español},,,,,,,,2007,,Acción,Aventura,1080p,Español,true,1:42:34,6154,1383,catalogo_files/i_636_AN8C.webp,https://ok.ru/video/10177004440302,https://ok.ru/videoembed/10177004440302
2480,10176308906734,movie,Engañado,Engañado (2013) [1080p] [Sub Español],,,,,,,,2013,,Drama,,1080p,Español,true,1:16:32,4592,1270,catalogo_files/i_494_AN8C.webp,https://ok.ru/video/10176308906734,https://ok.ru/videoembed/10176308906734
2481,10176574393070,movie,King of Thorn,King of Thorn (2009) [1080p] [Sub Español],,,,,,,,2009,,Anime,Terror,1080p,Español,true,1:49:08,6548,1537,catalogo_files/i_783_AN8C.webp,https://ok.ru/video/10176574393070,https://ok.ru/videoembed/10176574393070
2482,10176540445422,movie,Crónicas de Dalias,Crónicas de Dalias (1983) [1080p] [Sub Español],,,,,,,,1983,,Fantasía,,1080p,Español,true,1:23:34,5014,1614,catalogo_files/i_132_AN8C.webp,https://ok.ru/video/10176540445422,https://ok.ru/videoembed/10176540445422
2483,10173866773230,movie,Klaus,Klaus (2019) [4K] [Español],,,,,,,,2019,,Animación,Infantil,4K,Español,false,1:38:21,5901,2241,catalogo_files/i_461_AN8C.webp,https://ok.ru/video/10173866773230,https://ok.ru/videoembed/10173866773230
2484,10173528607470,movie,El Libro de Lila,El Libro de Lila (2017) [1080p] [Español],,,,,,,,2017,,Animación,Infantil,1080p,Español,false,1:16:19,4579,1274,catalogo_files/i_095_AN8C.webp,https://ok.ru/video/10173528607470,https://ok.ru/videoembed/10173528607470
2485,10170652101358,movie,Blood Reign: La Maldición de los Yoma,Blood Reign: La Maldición de los Yoma (1989) [1080p] [Sub Español],,,,,,,,1989,,Anime,Terror,1080p,Español,true,1:16:49,4609,1954,catalogo_files/i_322_AN8C.webp,https://ok.ru/video/10170652101358,https://ok.ru/videoembed/10170652101358
2486,10169886771950,movie,Bubblegum Crash 2034,Bubblegum Crash 2034 (1991) [1080p] [Sub Español],,,,,,,,1991,,Anime,Ciencia Ficción,1080p,Español,true,2:16:03,8163,1220,catalogo_files/i_769_AN8C.webp,https://ok.ru/video/10169886771950,https://ok.ru/videoembed/10169886771950
2487,10169764285166,movie,Bubblegum Crisis 2032,Bubblegum Crisis 2032 (1987) [1080p] [Sub Español],,,,,,,,1987,,Anime,Ciencia Ficción,1080p,Español,true,5:32:13,19933,1462,catalogo_files/i_897_AN8C.webp,https://ok.ru/video/10169764285166,https://ok.ru/videoembed/10169764285166
2488,10170193480430,movie,Mémorable,Mémorable (2019) [1080p] [Sub Español],,,,,,,,2019,,Animación,Drama,1080p,Español,true,12:03,723,1306,catalogo_files/i_496_AN8C.webp,https://ok.ru/video/10170193480430,https://ok.ru/videoembed/10170193480430
2489,10167072459502,movie,Un día más con vida,Un día más con vida (2018) [1080p] [Español],,,,,,,,2018,,Documental,Animación,1080p,Español,false,1:25:33,5133,1459,catalogo_files/i_108_AN8C.webp,https://ok.ru/video/10167072459502,https://ok.ru/videoembed/10167072459502
2490,10166824798958,movie,Armitage III Dual Matrix,Armitage III Dual Matrix (2002) [1080p] [Sub Español],,,,,,,,2002,,Anime,Ciencia Ficción,1080p,Español,true,1:29:56,5396,1343,catalogo_files/i_472_AN8C.webp,https://ok.ru/video/10166824798958,https://ok.ru/videoembed/10166824798958
2491,10166851865326,movie,Armitage III,Armitage III (1995) [1080p] [Sub Español],,,,,,,,1995,,Anime,Ciencia Ficción,1080p,Español,true,2:13:50,8030,1510,catalogo_files/i_126_AN8C.webp,https://ok.ru/video/10166851865326,https://ok.ru/videoembed/10166851865326
2492,10163692636910,movie,"Martín Fierro, la película","Martín Fierro, la película (2007) [1080p] [Español]",,,,,,,,2007,,Animación,Drama,1080p,Español,false,1:28:21,5301,1347,catalogo_files/i_056_AN8C.webp,https://ok.ru/video/10163692636910,https://ok.ru/videoembed/10163692636910
2493,10163668126446,episode,Episodio 1,Temporada 1: Undone [Español],undone,Undone,1,,1,0,1421,,,Animación,Drama,,Español,false,3:09:30,1421,1977,catalogo_files/i_339_AN8C.webp,https://ok.ru/video/10163668126446,https://ok.ru/videoembed/10163668126446
2494,10163668126446,episode,Episodio 2,Temporada 1: Undone [Español],undone,Undone,1,,2,1421,2842,,,Animación,Drama,,Español,false,3:09:30,1421,1977,catalogo_files/i_339_AN8C.webp,https://ok.ru/video/10163668126446,https://ok.ru/videoembed/10163668126446
2495,10163668126446,episode,Episodio 3,Temporada 1: Undone [Español],undone,Undone,1,,3,2842,4264,,,Animación,Drama,,Español,false,3:09:30,1422,1977,catalogo_files/i_339_AN8C.webp,https://ok.ru/video/10163668126446,https://ok.ru/videoembed/10163668126446
2496,10163668126446,episode,Episodio 4,Temporada 1: Undone [Español],undone,Undone,1,,4,4264,5685,,,Animación,Drama,,Español,false,3:09:30,1421,1977,catalogo_files/i_339_AN8C.webp,https://ok.ru/video/10163668126446,https://ok.ru/videoembed/10163668126446
2497,10163668126446,episode,Episodio 5,Temporada 1: Undone [Español],undone,Undone,1,,5,5685,7106,,,Animación,Drama,,Español,false,3:09:30,1421,1977,catalogo_files/i_339_AN8C.webp,https://ok.ru/video/10163668126446,https://ok.ru/videoembed/10163668126446
2498,10163668126446,episode,Episodio 6,Temporada 1: Undone [Español],undone,Undone,1,,6,7106,8528,,,Animación,Drama,,Español,false,3:09:30,1422,1977,catalogo_files/i_339_AN8C.webp,https://ok.ru/video/10163668126446,https://ok.ru/videoembed/10163668126446
2499,10163668126446,episode,Episodio 7,Temporada 1: Undone [Español],undone,Undone,1,,7,8528,9949,,,Animación,Drama,,Español,false,3:09:30,1421,1977,catalogo_files/i_339_AN8C.webp,https://ok.ru/video/10163668126446,https://ok.ru/videoembed/10163668126446
2500,10163668126446,episode,Episodio 8,Temporada 1: Undone [Español],undone,Undone,1,,8,9949,,,,Animación,Drama,,Español,false,3:09:30,1421,1977,catalogo_files/i_339_AN8C.webp,https://ok.ru/video/10163668126446,https://ok.ru/videoembed/10163668126446
2501,10163692243694,movie,Chico y Rita,Chico y Rita (2010) [1080p] [Español],,,,,,,,2010,,Animación,Drama,1080p,Español,false,1:33:21,5601,1134,catalogo_files/i_195_AN8C.webp,https://ok.ru/video/10163692243694,https://ok.ru/videoembed/10163692243694
2502,10163799198446,movie,Millennium Actress,Millennium Actress (2001) [4K] [Español],,,,,,,,2001,,Anime,Drama,4K,Español,false,1:26:19,5179,1747,catalogo_files/i_696_AN8C.webp,https://ok.ru/video/10163799198446,https://ok.ru/videoembed/10163799198446
2503,10160435890926,movie,"Monster High™ Sustos, Cámara, Acción","Monster High™ Sustos, Cámara, Acción (2014) [1080p] [Español]",,,,,,,,2014,,Animación,Infantil,1080p,Español,false,1:13:37,4417,1578,catalogo_files/i_374_AN8C.webp,https://ok.ru/video/10160435890926,https://ok.ru/videoembed/10160435890926
2504,10160501885678,movie,Barbie™ En una Aventura de Sirenas 2,Barbie™ En una Aventura de Sirenas 2 (2012) [1080p] [Español],,,,,,,,2012,,Animación,Fantasía,1080p,Español,false,1:12:57,4377,1663,catalogo_files/i_895_AN8C.webp,https://ok.ru/video/10160501885678,https://ok.ru/videoembed/10160501885678
2505,10160726543086,movie,"Justin, el Caballero Valiente","Justin, el Caballero Valiente (2013) [1080p] [Español]",,,,,,,,2013,,Animación,Aventura,1080p,Español,false,1:35:53,5753,1356,catalogo_files/i_006_AN8C.webp,https://ok.ru/video/10160726543086,https://ok.ru/videoembed/10160726543086
2506,10157729123054,movie,Dead Space: Perdición,Dead Space: Perdición (2008) [1080p] [Español],,,,,,,,2008,,Animación,Terror,1080p,Español,false,1:14:24,4464,1792,catalogo_files/i_361_AN8C.webp,https://ok.ru/video/10157729123054,https://ok.ru/videoembed/10157729123054
2507,10157507939054,movie,Azur y Asmar,Azur y Asmar (2006) [1080p] [Español],,,,,,,,2006,,Animación,Fantasía,1080p,Español,false,1:34:32,5672,1612,catalogo_files/i_438_AN8C.webp,https://ok.ru/video/10157507939054,https://ok.ru/videoembed/10157507939054
2508,10157599951598,movie,Ernie Biscuit,Ernie Biscuit (2015) [1080p] [Sub Español],,,,,,,,2015,,Animación,Comedia,1080p,Español,true,20:16,1216,1282,catalogo_files/i_525_AN8C.webp,https://ok.ru/video/10157599951598,https://ok.ru/videoembed/10157599951598
2509,10157550930670,movie,Aya de Yopougon,Aya de Yopougon (2013) [1080p] [Sub Español],,,,,,,,2013,,Animación,Drama,1080p,Español,true,1:27:55,5275,1216,catalogo_files/i_321_AN8C.webp,https://ok.ru/video/10157550930670,https://ok.ru/videoembed/10157550930670
2510,10157667912430,movie,Piedras en los Bolsillos,Piedras en los Bolsillos (2014) [1080p] [Sub Español],,,,,,,,2014,,Drama,,1080p,Español,true,1:28:49,5329,1047,catalogo_files/i_035_AN8C.webp,https://ok.ru/video/10157667912430,https://ok.ru/videoembed/10157667912430
2511,10153381661422,movie,Monster High™ 13 Deseos,Monster High™ 13 Deseos (2013) [1080p] [Español],,,,,,,,2013,,Animación,Infantil,1080p,Español,false,1:13:21,4401,1690,catalogo_files/i_072_AN8C.webp,https://ok.ru/video/10153381661422,https://ok.ru/videoembed/10153381661422
2512,10157677284078,movie,Barbie™ y Las Tres Mosqueteras,Barbie™ y Las Tres Mosqueteras (2009) [1080p] [Español],,,,,,,,2009,,Animación,Infantil,1080p,Español,false,1:21:04,4864,2221,catalogo_files/i_228_AN8C.webp,https://ok.ru/video/10157677284078,https://ok.ru/videoembed/10157677284078
2513,10151270681326,movie,Ne Zha,Ne Zha (2019) [4K] [Sub Español],,,,,,,,2019,,Animación,Fantasía,4K,Español,true,1:50:07,6607,19456,catalogo_files/i_782_AN8C.webp,https://ok.ru/video/10151270681326,https://ok.ru/videoembed/10151270681326
2514,10146716257006,movie,Las Fantasías de Pinocho,Las Fantasías de Pinocho (1972) [Español],,,,,,,,1972,,Animación,Fantasía,,Español,false,1:33:07,5587,1314,catalogo_files/i_547_AN8C.webp,https://ok.ru/video/10146716257006,https://ok.ru/videoembed/10146716257006
2515,10147200174830,movie,Príncipes y Princesas,Príncipes y Princesas (2000) [1080p] [Sub Español],,,,,,,,2000,,Animación,Fantasía,1080p,Español,true,1:04:14,3854,1481,catalogo_files/i_761_AN8C.webp,https://ok.ru/video/10147200174830,https://ok.ru/videoembed/10147200174830
2516,10153497332462,movie,Gantz:O,Gantz:O (2016) [1080p] [Español],,,,,,,,2016,,Anime,Acción,1080p,Español,false,1:35:31,5731,2594,catalogo_files/i_166_AN8C.webp,https://ok.ru/video/10153497332462,https://ok.ru/videoembed/10153497332462
2517,10151662717678,movie,Gantz,Gantz (2004) [1080p] [Español],,,,,,,,2004,,Anime,Acción,1080p,Español,false,9:54:10,35650,3063,catalogo_files/i_644_AN8C.webp,https://ok.ru/video/10151662717678,https://ok.ru/videoembed/10151662717678
2518,10147471362798,movie,The House,The House (2022) [1080p] [Español],,,,,,,,2022,,Animación,Drama,1080p,Español,false,1:37:16,5836,1640,catalogo_files/i_450_AN8C.webp,https://ok.ru/video/10147471362798,https://ok.ru/videoembed/10147471362798
2519,10147349072622,movie,Violence Voyager,Violence Voyager (2018) [1080p] [Sub Español],,,,,,,,2018,,Anime,Terror,1080p,Español,true,1:23:24,5004,1424,catalogo_files/i_431_AN8C.webp,https://ok.ru/video/10147349072622,https://ok.ru/videoembed/10147349072622
2520,10146921908974,movie,La Guerra y el Sueño de Momi,La Guerra y el Sueño de Momi (1917) [Sub Español],,,,,,,,1917,,Drama,,,Español,true,37:31,2251,1401,catalogo_files/i_070_AN8C.webp,https://ok.ru/video/10146921908974,https://ok.ru/videoembed/10146921908974
2521,10144135580398,movie,"Kérity, La Casa de los Cuentos","Kérity, La Casa de los Cuentos (2009) [1080p] [Español]",,,,,,,,2009,,Animación,Fantasía,1080p,Español,false,1:13:38,4418,1360,catalogo_files/i_017_AN8C.webp,https://ok.ru/video/10144135580398,https://ok.ru/videoembed/10144135580398
2522,10143617583854,movie,Fantasmagorias,Fantasmagorias [Español],,,,,,,,,,Animación,Clásicos,,Español,false,37:41,2261,1185,catalogo_files/i_539_AN8C.webp,https://ok.ru/video/10143617583854,https://ok.ru/videoembed/10143617583854
2523,10139166378734,movie,El Huevo del Ángel,El Huevo del Ángel (1985) [4K] [Español],,,,,,,,1985,,Anime,Fantasía,4K,Español,false,1:11:06,4266,2605,catalogo_files/i_177_AN8C.webp,https://ok.ru/video/10139166378734,https://ok.ru/videoembed/10139166378734
2524,10133797866222,movie,Wallace y Gromit: Un Asunto de Pan o Muerte,Wallace y Gromit: Un Asunto de Pan o Muerte (2008) [1080p] [Español],,,,,,,,2008,,Animación,Comedia,1080p,Español,false,29:20,1760,1701,catalogo_files/i_565_AN8C.webp,https://ok.ru/video/10133797866222,https://ok.ru/videoembed/10133797866222
2525,10133778336494,movie,Wallace y Gromit: Un Esquilado Apurado,Wallace y Gromit: Un Esquilado Apurado (1995) [1080p] [Español],,,,,,,,1995,,Animación,Comedia,1080p,Español,false,31:25,1885,1465,catalogo_files/i_512_AN8C.webp,https://ok.ru/video/10133778336494,https://ok.ru/videoembed/10133778336494
2526,10133768571630,movie,Wallace y Gromit: Los Pantalones Equivocados,Wallace y Gromit: Los Pantalones Equivocados (1993) [1080p] [Español],,,,,,,,1993,,Animación,Comedia,1080p,Español,false,30:19,1819,1540,catalogo_files/i_138_AN8C.webp,https://ok.ru/video/10133768571630,https://ok.ru/videoembed/10133768571630
2527,10134121810670,movie,"Monster High™ Scaris, Ciudad del Terror","Monster High™ Scaris, Ciudad del Terror (2013) [1080p] [Español]",,,,,,,,2013,,Animación,Infantil,1080p,Español,false,1:00:29,3629,4991,catalogo_files/i_149_AN8C.webp,https://ok.ru/video/10134121810670,https://ok.ru/videoembed/10134121810670
2528,10133999389422,movie,Monster High™ Patinaje Terrorífico,Monster High™ Patinaje Terrorífico (2012) [1080p] [Español],,,,,,,,2012,,Animación,Infantil,1080p,Español,false,46:26,2786,1255,catalogo_files/i_592_AN8C.webp,https://ok.ru/video/10133999389422,https://ok.ru/videoembed/10133999389422
2529,10133761100526,movie,Monster High™ Una Fiesta Tenebrosa,Monster High™ Una Fiesta Tenebrosa (2012) [1080p] [Español],,,,,,,,2012,,Animación,Infantil,1080p,Español,false,1:11:20,4280,1539,catalogo_files/i_375_AN8C.webp,https://ok.ru/video/10133761100526,https://ok.ru/videoembed/10133761100526
2530,10133741439726,movie,Wallace y Gromit: La Gran Excursión,Wallace y Gromit: La Gran Excursión (1989) [1080p] [Español],,,,,,,,1989,,Animación,Comedia,1080p,Español,false,23:57,1437,1427,catalogo_files/i_051_AN8C.webp,https://ok.ru/video/10133741439726,https://ok.ru/videoembed/10133741439726
2531,10133737966318,movie,Wallace & Gromit's Cracking Contraptions,Wallace & Gromit's Cracking Contraptions (2002) [1080p] [Español],,,,,,,,2002,,Animación,Comedia,1080p,Español,false,21:17,1277,1370,catalogo_files/i_789_AN8C.webp,https://ok.ru/video/10133737966318,https://ok.ru/videoembed/10133737966318
2532,10133714242286,movie,Little From the Fish Shop,Little From the Fish Shop (2015) [1080p] [Sub Español],,,,,,,,2015,,Animación,Fantasía,1080p,Español,true,1:10:07,4207,1437,catalogo_files/i_151_AN8C.webp,https://ok.ru/video/10133714242286,https://ok.ru/videoembed/10133714242286
2533,10134148811502,movie,Casshern Sins,Casshern Sins (2008) [1080p] [Español],,,,,,,,2008,,Anime,Ciencia Ficción,1080p,Español,false,9:20:09,33609,1172,catalogo_files/i_189_AN8C.webp,https://ok.ru/video/10134148811502,https://ok.ru/videoembed/10134148811502
2534,10131101977326,movie,Osmosis Jones,Osmosis Jones (2001) [1080p] [Español],,,,,,,,2001,,Animación,Comedia,1080p,Español,false,1:35:23,5723,1722,catalogo_files/i_160_AN8C.webp,https://ok.ru/video/10131101977326,https://ok.ru/videoembed/10131101977326
2535,10131112856302,movie,Pos eso,Pos eso (2014) [1080p] [Español],,,,,,,,2014,,Comedia,,1080p,Español,false,1:22:24,4944,1341,catalogo_files/i_023_AN8C.webp,https://ok.ru/video/10131112856302,https://ok.ru/videoembed/10131112856302
2536,10131101059822,movie,Asura,Asura (2012) [1080p] [Sub Español],,,,,,,,2012,,Anime,Drama,1080p,Español,true,1:15:10,4510,1063,catalogo_files/i_858_AN8C.webp,https://ok.ru/video/10131101059822,https://ok.ru/videoembed/10131101059822
2537,10130930535150,movie,My Sunny Maad,My Sunny Maad (2021) [1080p] [Español],,,,,,,,2021,,Animación,Drama,1080p,Español,false,1:17:21,4641,1019,catalogo_files/i_199_AN8C.webp,https://ok.ru/video/10130930535150,https://ok.ru/videoembed/10130930535150
2538,10131044502254,movie,Pánico en la Granja,Pánico en la Granja (2009) [1080p] [Sub Español],,,,,,,,2009,,Animación,Comedia,1080p,Español,true,1:16:52,4612,1092,catalogo_files/i_674_AN8C.webp,https://ok.ru/video/10131044502254,https://ok.ru/videoembed/10131044502254
2539,10131047451374,movie,Omae Umasou da na,Omae Umasou da na (2010) [1080p] [Sub Español],,,,,,,,2010,,Anime,Drama,1080p,Español,true,1:29:32,5372,1351,catalogo_files/i_863_AN8C.webp,https://ok.ru/video/10131047451374,https://ok.ru/videoembed/10131047451374
2540,10130994301678,movie,Dirty Duck,Dirty Duck (1974) [1080p] [Sub Español],,,,,,,,1974,,Animación,Comedia,1080p,Español,true,1:10:04,4204,2009,catalogo_files/i_403_AN8C.webp,https://ok.ru/video/10130994301678,https://ok.ru/videoembed/10130994301678
2541,10130795268846,movie,Monster High™ Escape de Playa Calavera,Monster High™ Escape de Playa Calavera (2012) [1080p] [Español],,,,,,,,2012,,Animación,Infantil,1080p,Español,false,46:02,2762,1190,catalogo_files/i_378_AN8C.webp,https://ok.ru/video/10130795268846,https://ok.ru/videoembed/10130795268846
2542,10130767940334,movie,Monster High™ Amor Monstruoso,Monster High™ Amor Monstruoso (2012) [1080p] [Español],,,,,,,,2012,,Animación,Infantil,1080p,Español,false,46:02,2762,1610,catalogo_files/i_207_AN8C.webp,https://ok.ru/video/10130767940334,https://ok.ru/videoembed/10130767940334
2543,10130734320366,movie,Monster High™ ¡Colmillos a Contrapelo!,Monster High™ ¡Colmillos a Contrapelo! (2011) [1080p] [Español],,,,,,,,2011,,Animación,Infantil,1080p,Español,false,46:03,2763,1202,catalogo_files/i_753_AN8C.webp,https://ok.ru/video/10130734320366,https://ok.ru/videoembed/10130734320366
2544,10129857121006,movie,Paprika,Paprika (2006) [4K] [Español],,,,,,,,2006,,Anime,Ciencia Ficción,4K,Español,false,1:30:50,5450,5211,catalogo_files/i_152_AN8C.webp,https://ok.ru/video/10129857121006,https://ok.ru/videoembed/10129857121006
2545,10128116943598,movie,Noblesse,Noblesse [Español],,,,,,,,,,Animación,Acción,,Español,false,5:08:35,18515,1038,catalogo_files/i_186_AN8C.webp,https://ok.ru/video/10128116943598,https://ok.ru/videoembed/10128116943598
2546,10127003093742,episode,Episodio 1,Æon Flux - Temporada 3,on-flux,Æon Flux,3,,1,0,1419,,,Ciencia Ficción,Acción,,,false,3:56:29,1419,1463,catalogo_files/i_124_AN8C.webp,https://ok.ru/video/10127003093742,https://ok.ru/videoembed/10127003093742
2547,10127003093742,episode,Episodio 2,Æon Flux - Temporada 3,on-flux,Æon Flux,3,,2,1419,2838,,,Ciencia Ficción,Acción,,,false,3:56:29,1419,1463,catalogo_files/i_124_AN8C.webp,https://ok.ru/video/10127003093742,https://ok.ru/videoembed/10127003093742
2548,10127003093742,episode,Episodio 3,Æon Flux - Temporada 3,on-flux,Æon Flux,3,,3,2838,4257,,,Ciencia Ficción,Acción,,,false,3:56:29,1419,1463,catalogo_files/i_124_AN8C.webp,https://ok.ru/video/10127003093742,https://ok.ru/videoembed/10127003093742
2549,10127003093742,episode,Episodio 4,Æon Flux - Temporada 3,on-flux,Æon Flux,3,,4,4257,5676,,,Ciencia Ficción,Acción,,,false,3:56:29,1419,1463,catalogo_files/i_124_AN8C.webp,https://ok.ru/video/10127003093742,https://ok.ru/videoembed/10127003093742
2550,10127003093742,episode,Episodio 5,Æon Flux - Temporada 3,on-flux,Æon Flux,3,,5,5676,7094,,,Ciencia Ficción,Acción,,,false,3:56:29,1418,1463,catalogo_files/i_124_AN8C.webp,https://ok.ru/video/10127003093742,https://ok.ru/videoembed/10127003093742
2551,10127003093742,episode,Episodio 6,Æon Flux - Temporada 3,on-flux,Æon Flux,3,,6,7094,8513,,,Ciencia Ficción,Acción,,,false,3:56:29,1419,1463,catalogo_files/i_124_AN8C.webp,https://ok.ru/video/10127003093742,https://ok.ru/videoembed/10127003093742
2552,10127003093742,episode,Episodio 7,Æon Flux - Temporada 3,on-flux,Æon Flux,3,,7,8513,9932,,,Ciencia Ficción,Acción,,,false,3:56:29,1419,1463,catalogo_files/i_124_AN8C.webp,https://ok.ru/video/10127003093742,https://ok.ru/videoembed/10127003093742
2553,10127003093742,episode,Episodio 8,Æon Flux - Temporada 3,on-flux,Æon Flux,3,,8,9932,11351,,,Ciencia Ficción,Acción,,,false,3:56:29,1419,1463,catalogo_files/i_124_AN8C.webp,https://ok.ru/video/10127003093742,https://ok.ru/videoembed/10127003093742
2554,10127003093742,episode,Episodio 9,Æon Flux - Temporada 3,on-flux,Æon Flux,3,,9,11351,12770,,,Ciencia Ficción,Acción,,,false,3:56:29,1419,1463,catalogo_files/i_124_AN8C.webp,https://ok.ru/video/10127003093742,https://ok.ru/videoembed/10127003093742
2555,10127003093742,episode,Episodio 10,Æon Flux - Temporada 3,on-flux,Æon Flux,3,,10,12770,,,,Ciencia Ficción,Acción,,,false,3:56:29,1419,1463,catalogo_files/i_124_AN8C.webp,https://ok.ru/video/10127003093742,https://ok.ru/videoembed/10127003093742
2556,10125246794478,episode,Episodio 1,Æon Flux - Temporada 1 y 2,on-flux,Æon Flux,1,Temporadas 1 y 2,1,0,206,,,Ciencia Ficción,Acción,,,false,37:42,206,1799,catalogo_files/i_003_AN8C.webp,https://ok.ru/video/10125246794478,https://ok.ru/videoembed/10125246794478
2557,10125246794478,episode,Episodio 2,Æon Flux - Temporada 1 y 2,on-flux,Æon Flux,1,Temporadas 1 y 2,2,206,411,,,Ciencia Ficción,Acción,,,false,37:42,205,1799,catalogo_files/i_003_AN8C.webp,https://ok.ru/video/10125246794478,https://ok.ru/videoembed/10125246794478
2558,10125246794478,episode,Episodio 3,Æon Flux - Temporada 1 y 2,on-flux,Æon Flux,1,Temporadas 1 y 2,3,411,617,,,Ciencia Ficción,Acción,,,false,37:42,206,1799,catalogo_files/i_003_AN8C.webp,https://ok.ru/video/10125246794478,https://ok.ru/videoembed/10125246794478
2559,10125246794478,episode,Episodio 4,Æon Flux - Temporada 1 y 2,on-flux,Æon Flux,1,Temporadas 1 y 2,4,617,823,,,Ciencia Ficción,Acción,,,false,37:42,206,1799,catalogo_files/i_003_AN8C.webp,https://ok.ru/video/10125246794478,https://ok.ru/videoembed/10125246794478
2560,10125246794478,episode,Episodio 5,Æon Flux - Temporada 1 y 2,on-flux,Æon Flux,1,Temporadas 1 y 2,5,823,1028,,,Ciencia Ficción,Acción,,,false,37:42,205,1799,catalogo_files/i_003_AN8C.webp,https://ok.ru/video/10125246794478,https://ok.ru/videoembed/10125246794478
2561,10125246794478,episode,Episodio 6,Æon Flux - Temporada 1 y 2,on-flux,Æon Flux,1,Temporadas 1 y 2,6,1028,1234,,,Ciencia Ficción,Acción,,,false,37:42,206,1799,catalogo_files/i_003_AN8C.webp,https://ok.ru/video/10125246794478,https://ok.ru/videoembed/10125246794478
2562,10125246794478,episode,Episodio 7,Æon Flux - Temporada 1 y 2,on-flux,Æon Flux,1,Temporadas 1 y 2,7,1234,1439,,,Ciencia Ficción,Acción,,,false,37:42,205,1799,catalogo_files/i_003_AN8C.webp,https://ok.ru/video/10125246794478,https://ok.ru/videoembed/10125246794478
2563,10125246794478,episode,Episodio 8,Æon Flux - Temporada 1 y 2,on-flux,Æon Flux,1,Temporadas 1 y 2,8,1439,1645,,,Ciencia Ficción,Acción,,,false,37:42,206,1799,catalogo_files/i_003_AN8C.webp,https://ok.ru/video/10125246794478,https://ok.ru/videoembed/10125246794478
2564,10125246794478,episode,Episodio 9,Æon Flux - Temporada 1 y 2,on-flux,Æon Flux,1,Temporadas 1 y 2,9,1645,1851,,,Ciencia Ficción,Acción,,,false,37:42,206,1799,catalogo_files/i_003_AN8C.webp,https://ok.ru/video/10125246794478,https://ok.ru/videoembed/10125246794478
2565,10125246794478,episode,Episodio 10,Æon Flux - Temporada 1 y 2,on-flux,Æon Flux,1,Temporadas 1 y 2,10,1851,2056,,,Ciencia Ficción,Acción,,,false,37:42,205,1799,catalogo_files/i_003_AN8C.webp,https://ok.ru/video/10125246794478,https://ok.ru/videoembed/10125246794478
2566,10125246794478,episode,Episodio 11,Æon Flux - Temporada 1 y 2,on-flux,Æon Flux,1,Temporadas 1 y 2,11,2056,,,,Ciencia Ficción,Acción,,,false,37:42,206,1799,catalogo_files/i_003_AN8C.webp,https://ok.ru/video/10125246794478,https://ok.ru/videoembed/10125246794478
2567,10125297715950,movie,Abril y el Mundo Extraordinario,Abril y el Mundo Extraordinario (2015) [1080p] [Español],,,,,,,,2015,,Animación,Ciencia Ficción,1080p,Español,false,1:46:33,6393,1653,catalogo_files/i_813_AN8C.webp,https://ok.ru/video/10125297715950,https://ok.ru/videoembed/10125297715950
2568,10125160418030,movie,Mind Game,Mind Game (2004) [1080p] [Sub Español],,,,,,,,2004,,Anime,Fantasía,1080p,Español,true,1:43:07,6187,1477,catalogo_files/i_519_AN8C.webp,https://ok.ru/video/10125160418030,https://ok.ru/videoembed/10125160418030
2569,10124925405934,movie,Allegro Non Troppo,Allegro Non Troppo (1976) [1080p] [Sub Español],,,,,,,,1976,,Animación,Comedia,1080p,Español,true,1:24:41,5081,1472,catalogo_files/i_071_AN8C.webp,https://ok.ru/video/10124925405934,https://ok.ru/videoembed/10124925405934
2570,10124877826798,movie,Interstella 5555,Interstella 5555 (2003) [2K] [Sub Español],,,,,,,,2003,,Animación,Ciencia Ficción,2K,Español,true,1:05:42,3942,3347,catalogo_files/i_670_AN8C.webp,https://ok.ru/video/10124877826798,https://ok.ru/videoembed/10124877826798
2571,10120347323118,movie,Persépolis,Persépolis (2007) [4K] [Español],,,,,,,,2007,,Animación,Drama,4K,Español,false,1:35:25,5725,32229,catalogo_files/i_334_AN8C.webp,https://ok.ru/video/10120347323118,https://ok.ru/videoembed/10120347323118
2572,10119542475502,movie,Arrugas,Arrugas (2011) [1080p] [Español],,,,,,,,2011,,Animación,Drama,1080p,Español,false,1:29:27,5367,1304,catalogo_files/i_348_AN8C.webp,https://ok.ru/video/10119542475502,https://ok.ru/videoembed/10119542475502
2573,10116989913838,movie,Elfen Lied,Elfen Lied (2004) [1080p] [Español],,,,,,,,2004,,Anime,Terror,1080p,Español,false,5:27:43,19663,2331,catalogo_files/i_711_AN8C.webp,https://ok.ru/video/10116989913838,https://ok.ru/videoembed/10116989913838
2574,10116869589742,movie,Btooom!,Btooom! (2012) [1080p] [Español],,,,,,,,2012,,Anime,Acción,1080p,Español,false,4:52:15,17535,1415,catalogo_files/i_394_AN8C.webp,https://ok.ru/video/10116869589742,https://ok.ru/videoembed/10116869589742
2575,10114062945006,movie,Más Vampiros en La Habana,Más Vampiros en La Habana (2003) [4k] [Español],,,,,,,,2003,,Animación,Comedia,4K,Español,false,1:22:31,4951,1095,catalogo_files/i_180_AN8C.webp,https://ok.ru/video/10114062945006,https://ok.ru/videoembed/10114062945006
2576,10113851329262,movie,¡Vampiros en La Habana!,¡Vampiros en La Habana! (1985) [1080p] [Español],,,,,,,,1985,,Animación,Comedia,1080p,Español,false,1:09:17,4157,1161,catalogo_files/i_879_AN8C.webp,https://ok.ru/video/10113851329262,https://ok.ru/videoembed/10113851329262
2577,10114138770158,movie,Coonskin,Coonskin (1975) [1080p] [Sub Español],,,,,,,,1975,,Animación,Drama,1080p,Español,true,1:22:31,4951,2577,catalogo_files/i_089_AN8C.webp,https://ok.ru/video/10114138770158,https://ok.ru/videoembed/10114138770158
2578,10113825901294,movie,Un Cuento Americano,Un Cuento Americano (1986) [1080p] [Español],,,,,,,,1986,,Animación,Infantil,1080p,Español,false,1:20:23,4823,2274,catalogo_files/i_136_AN8C.webp,https://ok.ru/video/10113825901294,https://ok.ru/videoembed/10113825901294
2579,10113822493422,movie,Una Ratoncita Valiente,Una Ratoncita Valiente (1982) [1080p] [Español],,,,,,,,1982,,Animación,Infantil,1080p,Español,false,1:22:46,4966,1692,catalogo_files/i_185_AN8C.webp,https://ok.ru/video/10113822493422,https://ok.ru/videoembed/10113822493422
2580,10113929120494,movie,Hey Good Lookin,Hey Good Lookin (1982) [1080p] [Sub Español],,,,,,,,1982,,Animación,Drama,1080p,Español,true,1:17:14,4634,1805,catalogo_files/i_218_AN8C.webp,https://ok.ru/video/10113929120494,https://ok.ru/videoembed/10113929120494
2581,10113964051182,movie,Hair High,Hair High (2004) [1080p] [Sub Español],,,,,,,,2004,,Animación,Comedia,1080p,Español,true,1:17:03,4623,1175,catalogo_files/i_271_AN8C.webp,https://ok.ru/video/10113964051182,https://ok.ru/videoembed/10113964051182
2582,10106800048878,movie,Rebelión en la Granja,Rebelión en la Granja (1954) [1080p] [Español],,,,,,,,1954,,Animación,Clásicos,1080p,Español,false,1:12:06,4326,1738,catalogo_files/i_237_AN8C.webp,https://ok.ru/video/10106800048878,https://ok.ru/videoembed/10106800048878
2583,10106734840558,movie,Watership Down,Watership Down (1978) [4K] [Español],,,,,,,,1978,,Animación,Drama,4K,Español,false,1:31:49,5509,2669,catalogo_files/i_052_AN8C.webp,https://ok.ru/video/10106734840558,https://ok.ru/videoembed/10106734840558
2584,10105717656302,movie,Seder Masochism,Seder Masochism (2018) [4K] [Sub Español],,,,,,,,2018,,Animación,Comedia,4K,Español,true,1:17:47,4667,1394,catalogo_files/i_663_AN8C.webp,https://ok.ru/video/10105717656302,https://ok.ru/videoembed/10105717656302
2585,10106243779310,movie,The Fake,The Fake (2013) [1080p] [Español],,,,,,,,2013,,Animación,Drama,1080p,Español,false,1:40:56,6056,1458,catalogo_files/i_022_AN8C.webp,https://ok.ru/video/10106243779310,https://ok.ru/videoembed/10106243779310
2586,10105458330350,movie,El Arca de Noé,El Arca de Noé (2007) [1080p] [Español],,,,,,,,2007,,Animación,Infantil,1080p,Español,false,1:28:06,5286,1288,catalogo_files/i_822_AN8C.webp,https://ok.ru/video/10105458330350,https://ok.ru/videoembed/10105458330350
2587,10105707760366,movie,Judas & Jesús,Judas & Jesús (2009) [+18],,,,,,,,2009,,Animación,Drama,,,false,15:00,900,1652,catalogo_files/i_588_AN8C.webp,https://ok.ru/video/10105707760366,https://ok.ru/videoembed/10105707760366
2588,10100358908654,movie,Vecinos Invasores,Vecinos Invasores (2006) [1080p] [Español],,,,,,,,2006,,Animación,Infantil,1080p,Español,false,1:23:30,5010,1939,catalogo_files/i_692_AN8C.webp,https://ok.ru/video/10100358908654,https://ok.ru/videoembed/10100358908654
2589,10103546841838,movie,La Tumba de Drácula,La Tumba de Drácula (1980) [1080p] [Español],,,,,,,,1980,,Terror,,1080p,Español,false,1:30:09,5409,2366,catalogo_files/i_826_AN8C.webp,https://ok.ru/video/10103546841838,https://ok.ru/videoembed/10103546841838
2590,10100415859438,movie,Las Trillizas de Belleville,Las Trillizas de Belleville (2003) [1080p] [Sub Español],,,,,,,,2003,,Animación,Comedia,1080p,Español,true,1:20:39,4839,4631,catalogo_files/i_545_AN8C.webp,https://ok.ru/video/10100415859438,https://ok.ru/videoembed/10100415859438
2591,10100382960366,movie,Nueve,Nueve (2009) [1080p] [Español],,,,,,,,2009,,Animación,Ciencia Ficción,1080p,Español,false,1:19:24,4764,2008,catalogo_files/i_252_AN8C.webp,https://ok.ru/video/10100382960366,https://ok.ru/videoembed/10100382960366
2592,10100338526958,movie,Terkel en Problemas,Terkel en Problemas (2004) [1080p] [Sub Español],,,,,,,,2004,,Animación,Comedia,1080p,Español,true,1:17:07,4627,1005,catalogo_files/i_681_AN8C.webp,https://ok.ru/video/10100338526958,https://ok.ru/videoembed/10100338526958
2593,10100414483182,movie,Que Tengas un Buen Día,Que Tengas un Buen Día (2017) [1080p] [Sub Español],,,,,,,,2017,,Animación,Drama,1080p,Español,true,1:14:32,4472,976,catalogo_files/i_184_AN8C.webp,https://ok.ru/video/10100414483182,https://ok.ru/videoembed/10100414483182
2594,10100650412782,movie,Claymore,Claymore (2007) [1080p] [Español],,,,,,,,2007,,Anime,Fantasía,1080p,Español,false,9:54:20,35660,1504,catalogo_files/i_014_AN8C.webp,https://ok.ru/video/10100650412782,https://ok.ru/videoembed/10100650412782
2595,10097437248238,movie,El Gato del Rabino,El Gato del Rabino (2011) [1080p] [Sub Español],,,,,,,,2011,,Animación,Comedia,1080p,Español,true,1:30:01,5401,1177,catalogo_files/i_174_AN8C.webp,https://ok.ru/video/10097437248238,https://ok.ru/videoembed/10097437248238
2596,10099872893678,movie,Wendell y Wild,Wendell y Wild (2022) [4K] [Español],,,,,,,,2022,,Animación,Terror,4K,Español,false,1:46:28,6388,1306,catalogo_files/i_118_AN8C.webp,https://ok.ru/video/10099872893678,https://ok.ru/videoembed/10099872893678
2597,10100064520942,movie,Kirikú y las Bestias Salvajes,Kirikú y las Bestias Salvajes (2005) [1080p] [Español],,,,,,,,2005,,Animación,Infantil,1080p,Español,false,1:11:46,4306,1771,catalogo_files/i_693_AN8C.webp,https://ok.ru/video/10100064520942,https://ok.ru/videoembed/10100064520942
2598,10097421519598,movie,Kirikú y la Hechicera,Kirikú y la Hechicera (1998) [1080p] [Español],,,,,,,,1998,,Animación,Infantil,1080p,Español,false,1:10:50,4250,1993,catalogo_files/i_591_AN8C.webp,https://ok.ru/video/10097421519598,https://ok.ru/videoembed/10097421519598
2599,10097454942958,movie,La Casa Lobo,La Casa Lobo (2018) [1080p] [Español],,,,,,,,2018,,Animación,Terror,1080p,Español,false,1:13:35,4415,2349,catalogo_files/i_837_AN8C.webp,https://ok.ru/video/10097454942958,https://ok.ru/videoembed/10097454942958
2600,10097462414062,movie,Mary y Max,Mary y Max (2009) [1080p] [Sub Español],,,,,,,,2009,,Animación,Drama,1080p,Español,true,1:32:10,5530,1483,catalogo_files/i_261_AN8C.webp,https://ok.ru/video/10097462414062,https://ok.ru/videoembed/10097462414062
2601,10097546758894,movie,Fear of the Dark,Fear[s] of the Dark (2007) [4K] [Sub Español],,,,,,,,2007,,Animación,Terror,4K,Español,true,1:22:40,4960,1021,catalogo_files/i_167_AN8C.webp,https://ok.ru/video/10097546758894,https://ok.ru/videoembed/10097546758894
2602,10097405594350,movie,ParaNorman,ParaNorman (2012) [4K] [Español],,,,,,,,2012,,Animación,Terror,4K,Español,false,1:32:10,5530,8591,catalogo_files/i_176_AN8C.webp,https://ok.ru/video/10097405594350,https://ok.ru/videoembed/10097405594350
2603,10097095477998,movie,Superbeasto y el Mundo Embrujado,Superbeasto y el Mundo Embrujado (2009) [1080p] [Sub Español],,,,,,,,2009,,Animación,Terror,1080p,Español,true,1:17:32,4652,1651,catalogo_files/i_645_AN8C.webp,https://ok.ru/video/10097095477998,https://ok.ru/videoembed/10097095477998
2604,10094152059630,movie,Perfect Blue,Perfect Blue (1997) [4K] [Español],,,,,,,,1997,,Anime,Terror,4K,Español,false,1:21:46,4906,3907,catalogo_files/i_290_AN8C.webp,https://ok.ru/video/10094152059630,https://ok.ru/videoembed/10094152059630
2605,10094833634030,movie,El Apóstol,El Apóstol (2012) [1080p] [Español],,,,,,,,2012,,Animación,Fantasía,1080p,Español,false,1:21:07,4867,1439,catalogo_files/i_534_AN8C.webp,https://ok.ru/video/10094833634030,https://ok.ru/videoembed/10094833634030
2606,10090602564334,movie,Rio 2096: Una Historia de Amor y Furia,Rio 2096: Una Historia de Amor y Furia (2013) [1080p] [Sub Español],,,,,,,,2013,,Animación,Ciencia Ficción,1080p,Español,true,1:14:28,4468,957,catalogo_files/i_304_AN8C.webp,https://ok.ru/video/10090602564334,https://ok.ru/videoembed/10090602564334
2607,10090842622702,movie,Deadman Wonderland,Deadman Wonderland [Sub Español],,,,,,,,,,Anime,Acción,,Español,true,5:21:47,19307,964,catalogo_files/i_393_AN8C.webp,https://ok.ru/video/10090842622702,https://ok.ru/videoembed/10090842622702
2608,10091084253934,movie,"Tygra, Fuego y Hielo","Tygra, Fuego y Hielo (1983) [1080p] [Español]",,,,,,,,1983,,Animación,Fantasía,1080p,Español,false,1:21:37,4897,2708,catalogo_files/i_073_AN8C.webp,https://ok.ru/video/10091084253934,https://ok.ru/videoembed/10091084253934
2609,10090613181166,movie,Me Casé con un Extraño,Me Casé con un Extraño (1997) [1080p] [Sub Español],,,,,,,,1997,,Drama,,1080p,Español,true,1:12:23,4343,1244,catalogo_files/i_751_AN8C.webp,https://ok.ru/video/10090613181166,https://ok.ru/videoembed/10090613181166
2610,10089551891182,movie,"Dick Figures, La Película","Dick Figures, La Película (2013) [2K] [Sub Español]",,,,,,,,2013,,Animación,Comedia,2K,Español,true,1:13:51,4431,933,catalogo_files/i_269_AN8C.webp,https://ok.ru/video/10089551891182,https://ok.ru/videoembed/10089551891182
2611,10036098173678,movie,Los Aristogatos,Los Aristogatos (1970) [1080p] [Español],,,,,,,,1970,,Animación,Clásicos,1080p,Español,false,1:18:27,4707,3226,catalogo_files/i_037_AN8C.webp,https://ok.ru/video/10036098173678,https://ok.ru/videoembed/10036098173678
2612,10087581289198,movie,En Nombre de la Tierra,En Nombre de la Tierra (2023) [1080p] [Español],,,,,,,,2023,,Drama,,1080p,Español,false,1:54:42,6882,3219,catalogo_files/i_004_AN8C.webp,https://ok.ru/video/10087581289198,https://ok.ru/videoembed/10087581289198
2613,10087484295918,movie,La Columna Vertebral de la Noche,La Columna Vertebral de la Noche (2021) [1080p] [Español],,,,,,,,2021,,Animación,Fantasía,1080p,Español,false,1:33:48,5628,1317,catalogo_files/i_239_AN8C.webp,https://ok.ru/video/10087484295918,https://ok.ru/videoembed/10087484295918
2614,10087435602670,movie,Té de Sangre y Hilo Rojo,Té de Sangre y Hilo Rojo (2006) [1080p],,,,,,,,2006,,Animación,Fantasía,1080p,,false,1:10:00,4200,2358,catalogo_files/i_012_AN8C.webp,https://ok.ru/video/10087435602670,https://ok.ru/videoembed/10087435602670
2615,10087443532526,movie,Frank & Zed,Frank & Zed (2017) [1080p] [Sub Español],,,,,,,,2017,,Animación,Terror,1080p,Español,true,1:38:04,5884,1211,catalogo_files/i_843_AN8C.webp,https://ok.ru/video/10087443532526,https://ok.ru/videoembed/10087443532526
2616,10087485016814,movie,Alice,Alice (1988) [1080p] [Sub Español],,,,,,,,1988,,Animación,Fantasía,1080p,Español,true,1:25:54,5154,2072,catalogo_files/i_573_AN8C.webp,https://ok.ru/video/10087485016814,https://ok.ru/videoembed/10087485016814
2617,10084616702702,movie,Berserk - La Edad de Oro,Berserk - La Edad de Oro [Español],,,,,,,,,,Anime,Acción,,Español,false,5:20:04,19204,2424,catalogo_files/i_684_AN8C.webp,https://ok.ru/video/10084616702702,https://ok.ru/videoembed/10084616702702
2618,10081837714158,movie,Guy: Youma Kakusei,Guy: Youma Kakusei (1990) [1080p] [Sub Español],,,,,,,,1990,,Anime,Acción,1080p,Español,true,1:11:10,4270,911,catalogo_files/i_445_AN8C.webp,https://ok.ru/video/10081837714158,https://ok.ru/videoembed/10081837714158
2619,10081442794222,movie,Genocyber,Genocyber (1994) [1080p] [Sub Español],,,,,,,,1994,,Anime,Ciencia Ficción,1080p,Español,true,2:31:12,9072,2520,catalogo_files/i_242_AN8C.webp,https://ok.ru/video/10081442794222,https://ok.ru/videoembed/10081442794222
2620,10081436306158,movie,The Boys - Diábolico,The Boys - Diábolico (2022) [1080p] [Español],,,,,,,,2022,,Superhéroes,Animación,1080p,Español,false,1:52:34,6754,1438,catalogo_files/i_011_AN8C.webp,https://ok.ru/video/10081436306158,https://ok.ru/videoembed/10081436306158
2621,10081480411886,movie,Urotsukidoji II: La matriz del Demonio,Urotsukidoji II: La matriz del Demonio (1993) [1080p] [Español],,,,,,,,1993,,Anime,Terror,1080p,Español,false,1:27:04,5224,967,catalogo_files/i_346_AN8C.webp,https://ok.ru/video/10081480411886,https://ok.ru/videoembed/10081480411886
2622,10081163807470,movie,Urotsukidoji: La Leyenda del Señor del Mal,Urotsukidoji: La Leyenda del Señor del Mal (1989) [1080p] [Sub Español],,,,,,,,1989,,Anime,Terror,1080p,Español,true,1:46:26,6386,2456,catalogo_files/i_690_AN8C.webp,https://ok.ru/video/10081163807470,https://ok.ru/videoembed/10081163807470
2623,10078716103406,movie,Vampire Hunter D,Vampire Hunter D (1985) [4K] [Español],,,,,,,,1985,,Anime,Fantasía,4K,Español,false,1:21:57,4917,2004,catalogo_files/i_153_AN8C.webp,https://ok.ru/video/10078716103406,https://ok.ru/videoembed/10078716103406
2624,10078448913134,movie,Wizards,Wizards (1977) [4K] [Español],,,,,,,,1977,,Animación,Fantasía,4K,Español,false,1:20:56,4856,1941,catalogo_files/i_262_AN8C.webp,https://ok.ru/video/10078448913134,https://ok.ru/videoembed/10078448913134
2625,10053661821678,movie,Dead Leaves,Dead Leaves (2004) [1080p] [Español],,,,,,,,2004,,Anime,Acción,1080p,Español,false,50:19,3019,1026,catalogo_files/i_425_AN8C.webp,https://ok.ru/video/10053661821678,https://ok.ru/videoembed/10053661821678
2626,10077200059118,movie,Heavy Metal 2,Heavy Metal 2 (2000) [4K] [Español],,,,,,,,2000,,Animación,Ciencia Ficción,4K,Español,false,1:27:55,5275,4026,catalogo_files/i_386_AN8C.webp,https://ok.ru/video/10077200059118,https://ok.ru/videoembed/10077200059118
2627,10042391202542,movie,Todos los Perros van al Cielo 2,Todos los Perros van al Cielo 2 (1996) [1080p] [Español],,,,,,,,1996,,Animación,Infantil,1080p,Español,false,1:22:47,4967,976,catalogo_files/i_352_AN8C.webp,https://ok.ru/video/10042391202542,https://ok.ru/videoembed/10042391202542
2628,10074301663982,movie,"Psiconautas, los Niños Olvidados","Psiconautas, los Niños Olvidados (2015) [1080p] [Español]",,,,,,,,2015,,Animación,Drama,1080p,Español,false,1:16:23,4583,1921,catalogo_files/i_831_AN8C.webp,https://ok.ru/video/10074301663982,https://ok.ru/videoembed/10074301663982
2629,10074241633006,movie,Marmaduke,Marmaduke (2022) [1080p] [Español],,,,,,,,2022,,Comedia,Infantil,1080p,Español,false,1:30:23,5423,878,catalogo_files/i_566_AN8C.webp,https://ok.ru/video/10074241633006,https://ok.ru/videoembed/10074241633006
2630,10074039126766,movie,La Serpiente Verde,La Serpiente Verde (2021) [1080p] [Español],,,,,,,,2021,,Animación,Fantasía,1080p,Español,false,2:13:06,7986,984,catalogo_files/i_608_AN8C.webp,https://ok.ru/video/10074039126766,https://ok.ru/videoembed/10074039126766
2631,10073832884974,movie,Kaena: La Profecía,Kaena: La Profecía (2003) [1080p] [Sub Español],,,,,,,,2003,,Animación,Ciencia Ficción,1080p,Español,true,1:31:22,5482,1129,catalogo_files/i_044_AN8C.webp,https://ok.ru/video/10073832884974,https://ok.ru/videoembed/10073832884974
2632,10071049964270,movie,Los Tipos Malos,Los Tipos Malos (2022) [4K] [Español],,,,,,,,2022,,Animación,Comedia,4K,Español,false,1:40:07,6007,1255,catalogo_files/i_009_AN8C.webp,https://ok.ru/video/10071049964270,https://ok.ru/videoembed/10071049964270
2633,10067715230446,movie,Final Fantasy,Final Fantasy (2001) [4K] [Español],,,,,,,,2001,,Animación,Ciencia Ficción,4K,Español,false,1:45:58,6358,1681,catalogo_files/i_444_AN8C.webp,https://ok.ru/video/10067715230446,https://ok.ru/videoembed/10067715230446
2634,10067637832430,movie,Chuck Steel,Chuck Steel (2018) [1080p] [Español],,,,,,,,2018,,Animación,Acción,1080p,Español,false,1:30:23,5423,1044,catalogo_files/i_219_AN8C.webp,https://ok.ru/video/10067637832430,https://ok.ru/videoembed/10067637832430
2635,10064682748654,movie,Los amos del tiempo,Los amos del tiempo (1982) [4K] [Sub Español],,,,,,,,1982,,Animación,Ciencia Ficción,4K,Español,true,1:19:14,4754,2117,catalogo_files/i_303_AN8C.webp,https://ok.ru/video/10064682748654,https://ok.ru/videoembed/10064682748654
2636,10064539749102,movie,Idiotas y Ángeles,Idiotas y Ángeles (2008) [1080p] [Sub Español],,,,,,,,2008,,Animación,Fantasía,1080p,Español,true,1:18:51,4731,1341,catalogo_files/i_471_AN8C.webp,https://ok.ru/video/10064539749102,https://ok.ru/videoembed/10064539749102
2637,10064476703470,movie,Abruptio,Abruptio (2023) [1080p] [Sub Español],,,,,,,,2023,,Animación,Terror,1080p,Español,true,1:34:43,5683,1350,catalogo_files/i_306_AN8C.webp,https://ok.ru/video/10064476703470,https://ok.ru/videoembed/10064476703470
2638,10066443635438,movie,From Inside,From Inside (2008) [2K] [Sub Español],,,,,,,,2008,,Animación,Ciencia Ficción,2K,Español,true,1:10:54,4254,950,catalogo_files/i_641_AN8C.webp,https://ok.ru/video/10066443635438,https://ok.ru/videoembed/10066443635438
2639,10064519170798,movie,Nova Seed,Nova Seed (2016) [1080p] [Sub Español],,,,,,,,2016,,Animación,Ciencia Ficción,1080p,Español,true,1:03:52,3832,905,catalogo_files/i_422_AN8C.webp,https://ok.ru/video/10064519170798,https://ok.ru/videoembed/10064519170798
2640,10064707914478,movie,Lady Death,Lady Death (2004) [1080p] [Español],,,,,,,,2004,,Animación,Fantasía,1080p,Español,false,1:16:20,4580,1073,catalogo_files/i_533_AN8C.webp,https://ok.ru/video/10064707914478,https://ok.ru/videoembed/10064707914478
2641,10063941339886,movie,Heavy Traffic,Heavy Traffic (1973) [1080p] [Español],,,,,,,,1973,,Animación,Drama,1080p,Español,false,1:16:42,4602,2141,catalogo_files/i_286_AN8C.webp,https://ok.ru/video/10063941339886,https://ok.ru/videoembed/10063941339886
2642,10063855028974,movie,American Pop,American Pop (1981) [1080p] [Español],,,,,,,,1981,,Animación,Drama,1080p,Español,false,1:35:44,5744,2352,catalogo_files/i_354_AN8C.webp,https://ok.ru/video/10063855028974,https://ok.ru/videoembed/10063855028974
2643,10060964498158,episode,Episodio 1,Cyberpunk Edgerunners - Temporada 1 (2022) [1080p] [Español],cyberpunk-edgerunners,Cyberpunk Edgerunners,1,,1,0,1564,2022,,Anime,Ciencia Ficción,1080p,Español,false,4:20:41,1564,1783,catalogo_files/i_222_AN8C.webp,https://ok.ru/video/10060964498158,https://ok.ru/videoembed/10060964498158
2644,10060964498158,episode,Episodio 2,Cyberpunk Edgerunners - Temporada 1 (2022) [1080p] [Español],cyberpunk-edgerunners,Cyberpunk Edgerunners,1,,2,1564,3128,2022,,Anime,Ciencia Ficción,1080p,Español,false,4:20:41,1564,1783,catalogo_files/i_222_AN8C.webp,https://ok.ru/video/10060964498158,https://ok.ru/videoembed/10060964498158
2645,10060964498158,episode,Episodio 3,Cyberpunk Edgerunners - Temporada 1 (2022) [1080p] [Español],cyberpunk-edgerunners,Cyberpunk Edgerunners,1,,3,3128,4692,2022,,Anime,Ciencia Ficción,1080p,Español,false,4:20:41,1564,1783,catalogo_files/i_222_AN8C.webp,https://ok.ru/video/10060964498158,https://ok.ru/videoembed/10060964498158
2646,10060964498158,episode,Episodio 4,Cyberpunk Edgerunners - Temporada 1 (2022) [1080p] [Español],cyberpunk-edgerunners,Cyberpunk Edgerunners,1,,4,4692,6256,2022,,Anime,Ciencia Ficción,1080p,Español,false,4:20:41,1564,1783,catalogo_files/i_222_AN8C.webp,https://ok.ru/video/10060964498158,https://ok.ru/videoembed/10060964498158
2647,10060964498158,episode,Episodio 5,Cyberpunk Edgerunners - Temporada 1 (2022) [1080p] [Español],cyberpunk-edgerunners,Cyberpunk Edgerunners,1,,5,6256,7820,2022,,Anime,Ciencia Ficción,1080p,Español,false,4:20:41,1564,1783,catalogo_files/i_222_AN8C.webp,https://ok.ru/video/10060964498158,https://ok.ru/videoembed/10060964498158
2648,10060964498158,episode,Episodio 6,Cyberpunk Edgerunners - Temporada 1 (2022) [1080p] [Español],cyberpunk-edgerunners,Cyberpunk Edgerunners,1,,6,7820,9385,2022,,Anime,Ciencia Ficción,1080p,Español,false,4:20:41,1565,1783,catalogo_files/i_222_AN8C.webp,https://ok.ru/video/10060964498158,https://ok.ru/videoembed/10060964498158
2649,10060964498158,episode,Episodio 7,Cyberpunk Edgerunners - Temporada 1 (2022) [1080p] [Español],cyberpunk-edgerunners,Cyberpunk Edgerunners,1,,7,9385,10949,2022,,Anime,Ciencia Ficción,1080p,Español,false,4:20:41,1564,1783,catalogo_files/i_222_AN8C.webp,https://ok.ru/video/10060964498158,https://ok.ru/videoembed/10060964498158
2650,10060964498158,episode,Episodio 8,Cyberpunk Edgerunners - Temporada 1 (2022) [1080p] [Español],cyberpunk-edgerunners,Cyberpunk Edgerunners,1,,8,10949,12513,2022,,Anime,Ciencia Ficción,1080p,Español,false,4:20:41,1564,1783,catalogo_files/i_222_AN8C.webp,https://ok.ru/video/10060964498158,https://ok.ru/videoembed/10060964498158
2651,10060964498158,episode,Episodio 9,Cyberpunk Edgerunners - Temporada 1 (2022) [1080p] [Español],cyberpunk-edgerunners,Cyberpunk Edgerunners,1,,9,12513,14077,2022,,Anime,Ciencia Ficción,1080p,Español,false,4:20:41,1564,1783,catalogo_files/i_222_AN8C.webp,https://ok.ru/video/10060964498158,https://ok.ru/videoembed/10060964498158
2652,10060964498158,episode,Episodio 10,Cyberpunk Edgerunners - Temporada 1 (2022) [1080p] [Español],cyberpunk-edgerunners,Cyberpunk Edgerunners,1,,10,14077,,2022,,Anime,Ciencia Ficción,1080p,Español,false,4:20:41,1564,1783,catalogo_files/i_222_AN8C.webp,https://ok.ru/video/10060964498158,https://ok.ru/videoembed/10060964498158
2653,10059937614574,movie,Ninja Scroll,Ninja Scroll (1993) [4K] [Sub Español],,,,,,,,1993,,Anime,Acción,4K,Español,true,1:31:17,5477,2190,catalogo_files/i_146_AN8C.webp,https://ok.ru/video/10059937614574,https://ok.ru/videoembed/10059937614574
2654,10060123409134,movie,Midori: La Niña de las Camelias,Midori: La Niña de las Camelias (1992) [1080p] [Sub Español],,,,,,,,1992,,Anime,Drama,1080p,Español,true,48:41,2921,3013,catalogo_files/i_427_AN8C.webp,https://ok.ru/video/10060123409134,https://ok.ru/videoembed/10060123409134
2655,10059947772654,movie,Las Mil y una Noches,Las Mil y una Noches (1969) [1080p] [Sub Español],,,,,,,,1969,,Animación,Fantasía,1080p,Español,true,2:10:18,7818,1316,catalogo_files/i_049_AN8C.webp,https://ok.ru/video/10059947772654,https://ok.ru/videoembed/10059947772654
2656,10057847081710,movie,Cleopatra,Cleopatra (1970) [1080p] [Sub Español],,,,,,,,1970,,Anime,Comedia,1080p,Español,true,1:52:27,6747,2727,catalogo_files/i_032_AN8C.webp,https://ok.ru/video/10057847081710,https://ok.ru/videoembed/10057847081710
2657,10057750743790,movie,Frankenweenie,Frankenweenie (2012) [1080p] [Español],,,,,,,,2012,,Animación,Terror,1080p,Español,false,1:26:56,5216,2084,catalogo_files/i_391_AN8C.webp,https://ok.ru/video/10057750743790,https://ok.ru/videoembed/10057750743790
2658,10057766800110,movie,$9.99,$9.99 (2008) [1080p] [Sub Español],,,,,,,,2008,,Animación,Drama,1080p,Español,true,1:18:00,4680,1474,catalogo_files/i_129_AN8C.webp,https://ok.ru/video/10057766800110,https://ok.ru/videoembed/10057766800110
2659,10054083283694,movie,Trava: Fist Planet,Trava: Fist Planet (2003) [1080p] [Sub Español],,,,,,,,2003,,Animación,Ciencia Ficción,1080p,Español,true,1:14:08,4448,997,catalogo_files/i_842_AN8C.webp,https://ok.ru/video/10054083283694,https://ok.ru/videoembed/10054083283694
2660,10054120770286,movie,Pulgarcita,Pulgarcita (1994) [4K] [Español],,,,,,,,1994,,Animación,Infantil,4K,Español,false,1:26:41,5201,1494,catalogo_files/i_888_AN8C.webp,https://ok.ru/video/10054120770286,https://ok.ru/videoembed/10054120770286
2661,10054192859886,movie,Dark Meat City Mutafukaz,Dark Meat City Mutafukaz (2017) [1080p] [Español],,,,,,,,2017,,Animación,Ciencia Ficción,1080p,Español,false,1:30:06,5406,2000,catalogo_files/i_458_AN8C.webp,https://ok.ru/video/10054192859886,https://ok.ru/videoembed/10054192859886
2662,10054217698030,movie,Un gato en parís,Un gato en parís (2010) [1080p] [Español],,,,,,,,2010,,Animación,Infantil,1080p,Español,false,1:02:00,3720,1224,catalogo_files/i_456_AN8C.webp,https://ok.ru/video/10054217698030,https://ok.ru/videoembed/10054217698030
2663,10053656054510,movie,Dumbo,Dumbo (1941) [4K] [Español],,,,,,,,1941,,Animación,Clásicos,4K,Español,false,1:03:56,3836,2929,catalogo_files/i_244_AN8C.webp,https://ok.ru/video/10053656054510,https://ok.ru/videoembed/10053656054510
2664,10050972420846,movie,Alita: Ángel de Combate,Alita: Ángel de Combate (1993) [1080p] [Español],,,,,,,,1993,,Anime,Ciencia Ficción,1080p,Español,false,55:06,3306,1659,catalogo_files/i_821_AN8C.webp,https://ok.ru/video/10050972420846,https://ok.ru/videoembed/10050972420846
2665,10050374666990,movie,La Princesa y los Duendes,La Princesa y los Duendes (1991) [4K] [Español],,,,,,,,1991,,Animación,Infantil,4K,Español,false,1:18:25,4705,1059,catalogo_files/i_649_AN8C.webp,https://ok.ru/video/10050374666990,https://ok.ru/videoembed/10050374666990
2666,10049785760494,movie,Kubo y la Búsqueda del Samurái,Kubo y la Búsqueda del Samurái (2016) [4K] [Español],,,,,,,,2016,,Animación,Aventura,4K,Español,false,1:41:31,6091,2262,catalogo_files/i_424_AN8C.webp,https://ok.ru/video/10049785760494,https://ok.ru/videoembed/10049785760494
2667,10048209029870,movie,Redline,Redline (2009) [4K] [Español],,,,,,,,2009,,Anime,Acción,4K,Español,false,1:42:07,6127,1322,catalogo_files/i_061_AN8C.webp,https://ok.ru/video/10048209029870,https://ok.ru/videoembed/10048209029870
2668,10047762533102,movie,Las Aventuras de un Perro Valiente,Las Aventuras de un Perro Valiente (2018) [1080p] [Sub Español],,,,,,,,2018,,Animación,Infantil,1080p,Español,true,1:42:00,6120,751,catalogo_files/i_388_AN8C.webp,https://ok.ru/video/10047762533102,https://ok.ru/videoembed/10047762533102
2669,10047783701230,movie,La Tristeza de Belladonna,La Tristeza de Belladonna (1973) [1080p] [Sub Español],,,,,,,,1973,,Anime,Drama,1080p,Español,true,1:27:18,5238,2389,catalogo_files/i_411_AN8C.webp,https://ok.ru/video/10047783701230,https://ok.ru/videoembed/10047783701230
2670,9970859903726,movie,Alienígenas Mutantes,Alienígenas Mutantes (2001) [1080p] [Sub Español],,,,,,,,2001,,Animación,Ciencia Ficción,1080p,Español,true,1:21:23,4883,1181,catalogo_files/i_523_AN8C.webp,https://ok.ru/video/9970859903726,https://ok.ru/videoembed/9970859903726
2671,10045198437102,episode,Episodio 1,Astérix y Obélix: Temporada 1 (2025) [1080p] [Español],asterix-y-obelix,Astérix y Obélix,1,,1,0,2182,2025,,Animación,Comedia,1080p,Español,false,3:01:51,2182,1411,catalogo_files/i_215_AN8C.webp,https://ok.ru/video/10045198437102,https://ok.ru/videoembed/10045198437102
2672,10045198437102,episode,Episodio 2,Astérix y Obélix: Temporada 1 (2025) [1080p] [Español],asterix-y-obelix,Astérix y Obélix,1,,2,2182,4364,2025,,Animación,Comedia,1080p,Español,false,3:01:51,2182,1411,catalogo_files/i_215_AN8C.webp,https://ok.ru/video/10045198437102,https://ok.ru/videoembed/10045198437102
2673,10045198437102,episode,Episodio 3,Astérix y Obélix: Temporada 1 (2025) [1080p] [Español],asterix-y-obelix,Astérix y Obélix,1,,3,4364,6547,2025,,Animación,Comedia,1080p,Español,false,3:01:51,2183,1411,catalogo_files/i_215_AN8C.webp,https://ok.ru/video/10045198437102,https://ok.ru/videoembed/10045198437102
2674,10045198437102,episode,Episodio 4,Astérix y Obélix: Temporada 1 (2025) [1080p] [Español],asterix-y-obelix,Astérix y Obélix,1,,4,6547,8729,2025,,Animación,Comedia,1080p,Español,false,3:01:51,2182,1411,catalogo_files/i_215_AN8C.webp,https://ok.ru/video/10045198437102,https://ok.ru/videoembed/10045198437102
2675,10045198437102,episode,Episodio 5,Astérix y Obélix: Temporada 1 (2025) [1080p] [Español],asterix-y-obelix,Astérix y Obélix,1,,5,8729,,2025,,Animación,Comedia,1080p,Español,false,3:01:51,2182,1411,catalogo_files/i_215_AN8C.webp,https://ok.ru/video/10045198437102,https://ok.ru/videoembed/10045198437102
2676,10044867807982,movie,Super Charlie,Super Charlie (2025) [1080p] [Sub Español],,,,,,,,2025,,Animación,Infantil,1080p,Español,true,1:21:24,4884,907,catalogo_files/i_201_AN8C.webp,https://ok.ru/video/10044867807982,https://ok.ru/videoembed/10044867807982
2677,10044821539566,movie,Lifi: Una gallina Tocada del Ala,Lifi: Una gallina Tocada del Ala (2011) [1080p] [Español],,,,,,,,2011,,Animación,Infantil,1080p,Español,false,1:27:06,5226,1224,catalogo_files/i_087_AN8C.webp,https://ok.ru/video/10044821539566,https://ok.ru/videoembed/10044821539566
2678,10044903131886,movie,Metal Skin Panic MADOX-01,Metal Skin Panic MADOX-01 (1987) [1080p] [Sub Español],,,,,,,,1987,,Anime,Ciencia Ficción,1080p,Español,true,41:44,2504,1103,catalogo_files/i_331_AN8C.webp,https://ok.ru/video/10044903131886,https://ok.ru/videoembed/10044903131886
2679,10036103416558,movie,"Katak, la Pequeña Ballena","Katak, la Pequeña Ballena (2023) [1080p] [Español]",,,,,,,,2023,,Animación,Infantil,1080p,Español,false,1:22:34,4954,847,catalogo_files/i_838_AN8C.webp,https://ok.ru/video/10036103416558,https://ok.ru/videoembed/10036103416558
2680,10036140182254,movie,Patrick,Patrick (2023) [1080p] [Español],,,,,,,,2023,,Terror,,1080p,Español,false,1:24:32,5072,794,catalogo_files/i_529_AN8C.webp,https://ok.ru/video/10036140182254,https://ok.ru/videoembed/10036140182254
2681,10039659989742,season,"Amor, Muerte y Robots","Temporada 4: Amor, Muerte y Robots [Español]",amor-muerte-y-robots,"Amor, Muerte y Robots",4,,,,,,,Animación,Ciencia Ficción,,Español,false,2:01:34,7294,1731,catalogo_files/i_503_AN8C.webp,https://ok.ru/video/10039659989742,https://ok.ru/videoembed/10039659989742
2682,10039459187438,season,"Amor, Muerte y Robots","Temporada 3: Amor, Muerte y Robots [Español]",amor-muerte-y-robots,"Amor, Muerte y Robots",3,,,,,,,Animación,Ciencia Ficción,,Español,false,2:12:25,7945,1701,catalogo_files/i_557_AN8C.webp,https://ok.ru/video/10039459187438,https://ok.ru/videoembed/10039459187438
2683,10039439264494,season,"Amor, Muerte y Robots","Temporada 2: Amor, Muerte y Robots [Español]",amor-muerte-y-robots,"Amor, Muerte y Robots",2,,,,,,,Animación,Ciencia Ficción,,Español,false,1:48:39,6519,1318,catalogo_files/i_156_AN8C.webp,https://ok.ru/video/10039439264494,https://ok.ru/videoembed/10039439264494
2684,10039415868142,season,"Amor, Muerte y Robots","Temporada 1: Amor, Muerte y Robots [Español]",amor-muerte-y-robots,"Amor, Muerte y Robots",1,,,,,,,Animación,Ciencia Ficción,,Español,false,3:56:12,14172,3278,catalogo_files/i_667_AN8C.webp,https://ok.ru/video/10039415868142,https://ok.ru/videoembed/10039415868142
2685,10036158663406,movie,La Dama y el Vagabundo,La Dama y el Vagabundo (1955) [1080p] [Español],,,,,,,,1955,,Animación,Clásicos,1080p,Español,false,1:16:23,4583,3328,catalogo_files/i_275_AN8C.webp,https://ok.ru/video/10036158663406,https://ok.ru/videoembed/10036158663406
2686,10036020775662,movie,Oliver y su Pandilla,Oliver y su Pandilla (1988) [1080p] [Español],,,,,,,,1988,,Animación,Infantil,1080p,Español,false,1:13:32,4412,1644,catalogo_files/i_298_AN8C.webp,https://ok.ru/video/10036020775662,https://ok.ru/videoembed/10036020775662
2687,10035928828654,movie,El Santos Vs. La Tetona Mendoza,El Santos Vs. La Tetona Mendoza (2012) [1080p] [Español],,,,,,,,2012,,Animación,Acción,1080p,Español,false,1:36:29,5789,1217,catalogo_files/i_489_AN8C.webp,https://ok.ru/video/10035928828654,https://ok.ru/videoembed/10035928828654
2688,10035489016558,movie,Una Noche en una Ciudad,Una Noche en una Ciudad (2007) [4K],,,,,,,,2007,,Drama,,4K,,false,1:07:24,4044,5779,catalogo_files/i_283_AN8C.webp,https://ok.ru/video/10035489016558,https://ok.ru/videoembed/10035489016558
2689,10032895167214,movie,El Origen de los Guardianes,El Origen de los Guardianes (2012) [1080p] [Español],,,,,,,,2012,,Animación,Aventura,1080p,Español,false,1:37:11,5831,2513,catalogo_files/i_191_AN8C.webp,https://ok.ru/video/10032895167214,https://ok.ru/videoembed/10032895167214
2690,10032645212910,movie,Matadrones,Matadrones [Español],,,,,,,,,,Acción,Ciencia Ficción,,Español,false,2:43:25,9805,1093,catalogo_files/i_318_AN8C.webp,https://ok.ru/video/10032645212910,https://ok.ru/videoembed/10032645212910
2691,10028606884590,movie,La Tienda de los Suicidas,La Tienda de los Suicidas (2012) [1080p] [Sub Español],,,,,,,,2012,,Animación,Comedia,1080p,Español,true,1:19:10,4750,1228,catalogo_files/i_607_AN8C.webp,https://ok.ru/video/10028606884590,https://ok.ru/videoembed/10028606884590
2692,10025694333678,movie,Tarzán 3,Tarzán 3 (2002) [1080p] [Español],,,,,,,,2002,,Animación,Aventura,1080p,Español,false,1:17:56,4676,3362,catalogo_files/i_103_AN8C.webp,https://ok.ru/video/10025694333678,https://ok.ru/videoembed/10025694333678
2693,10025878358766,movie,Tarzán 2,Tarzán 2 (2005) [1080p] [Español],,,,,,,,2005,,Animación,Aventura,1080p,Español,false,1:11:10,4270,2204,catalogo_files/i_463_AN8C.webp,https://ok.ru/video/10025878358766,https://ok.ru/videoembed/10025878358766
2694,10024926644974,movie,Piratas: Una Loca Aventura,Piratas: Una Loca Aventura (2012) [1080p] [Español],,,,,,,,2012,,Animación,Comedia,1080p,Español,false,1:28:06,5286,1509,catalogo_files/i_587_AN8C.webp,https://ok.ru/video/10024926644974,https://ok.ru/videoembed/10024926644974
2695,10024776174318,movie,Epic: El Reino Secreto,Epic: El Reino Secreto (2013) [1080p] [Español],,,,,,,,2013,,Animación,Fantasía,1080p,Español,false,1:42:27,6147,1540,catalogo_files/i_121_AN8C.webp,https://ok.ru/video/10024776174318,https://ok.ru/videoembed/10024776174318
2696,10022824184558,movie,Las nueve vidas de Fritz el gato,Las nueve vidas de Fritz el gato (1974) [1080p] [Sub Español],,,,,,,,1974,,Animación,Comedia,1080p,Español,true,1:16:13,4573,1890,catalogo_files/i_857_AN8C.webp,https://ok.ru/video/10022824184558,https://ok.ru/videoembed/10022824184558
2697,10022806948590,movie,Hell and Back,Hell and Back (2015) [1080p] [Español],,,,,,,,2015,,Animación,Comedia,1080p,Español,false,1:25:57,5157,1940,catalogo_files/i_904_AN8C.webp,https://ok.ru/video/10022806948590,https://ok.ru/videoembed/10022806948590
2698,10022751505134,episode,Episodio 1,Temporada 1: El Ocaso de los Dioses [Español],el-ocaso-de-los-dioses,El Ocaso de los Dioses,1,,1,0,1858,,,Animación,Fantasía,,Español,false,4:07:44,1858,1044,catalogo_files/i_606_AN8C.webp,https://ok.ru/video/10022751505134,https://ok.ru/videoembed/10022751505134
2699,10022751505134,episode,Episodio 2,Temporada 1: El Ocaso de los Dioses [Español],el-ocaso-de-los-dioses,El Ocaso de los Dioses,1,,2,1858,3716,,,Animación,Fantasía,,Español,false,4:07:44,1858,1044,catalogo_files/i_606_AN8C.webp,https://ok.ru/video/10022751505134,https://ok.ru/videoembed/10022751505134
2700,10022751505134,episode,Episodio 3,Temporada 1: El Ocaso de los Dioses [Español],el-ocaso-de-los-dioses,El Ocaso de los Dioses,1,,3,3716,5574,,,Animación,Fantasía,,Español,false,4:07:44,1858,1044,catalogo_files/i_606_AN8C.webp,https://ok.ru/video/10022751505134,https://ok.ru/videoembed/10022751505134
2701,10022751505134,episode,Episodio 4,Temporada 1: El Ocaso de los Dioses [Español],el-ocaso-de-los-dioses,El Ocaso de los Dioses,1,,4,5574,7432,,,Animación,Fantasía,,Español,false,4:07:44,1858,1044,catalogo_files/i_606_AN8C.webp,https://ok.ru/video/10022751505134,https://ok.ru/videoembed/10022751505134
2702,10022751505134,episode,Episodio 5,Temporada 1: El Ocaso de los Dioses [Español],el-ocaso-de-los-dioses,El Ocaso de los Dioses,1,,5,7432,9290,,,Animación,Fantasía,,Español,false,4:07:44,1858,1044,catalogo_files/i_606_AN8C.webp,https://ok.ru/video/10022751505134,https://ok.ru/videoembed/10022751505134
2703,10022751505134,episode,Episodio 6,Temporada 1: El Ocaso de los Dioses [Español],el-ocaso-de-los-dioses,El Ocaso de los Dioses,1,,6,9290,11148,,,Animación,Fantasía,,Español,false,4:07:44,1858,1044,catalogo_files/i_606_AN8C.webp,https://ok.ru/video/10022751505134,https://ok.ru/videoembed/10022751505134
2704,10022751505134,episode,Episodio 7,Temporada 1: El Ocaso de los Dioses [Español],el-ocaso-de-los-dioses,El Ocaso de los Dioses,1,,7,11148,13006,,,Animación,Fantasía,,Español,false,4:07:44,1858,1044,catalogo_files/i_606_AN8C.webp,https://ok.ru/video/10022751505134,https://ok.ru/videoembed/10022751505134
2705,10022751505134,episode,Episodio 8,Temporada 1: El Ocaso de los Dioses [Español],el-ocaso-de-los-dioses,El Ocaso de los Dioses,1,,8,13006,,,,Animación,Fantasía,,Español,false,4:07:44,1858,1044,catalogo_files/i_606_AN8C.webp,https://ok.ru/video/10022751505134,https://ok.ru/videoembed/10022751505134
2706,10022308678382,movie,Mortadelo y Filemón,Mortadelo y Filemón (2014) [1080p] [Español],,,,,,,,2014,,Animación,Comedia,1080p,Español,false,1:32:10,5530,12425,catalogo_files/i_662_AN8C.webp,https://ok.ru/video/10022308678382,https://ok.ru/videoembed/10022308678382
2707,10022298585838,movie,Fritz El Gato,Fritz El Gato (1972) [1080p] [Español],,,,,,,,1972,,Animación,Comedia,1080p,Español,false,1:18:16,4696,2137,catalogo_files/i_784_AN8C.webp,https://ok.ru/video/10022298585838,https://ok.ru/videoembed/10022298585838
2708,10020006922990,movie,La Revolución de Juan Escopeta,La Revolución de Juan Escopeta (2011) [1080p] [Español],,,,,,,,2011,,Animación,Aventura,1080p,Español,false,1:33:00,5580,897,catalogo_files/i_610_AN8C.webp,https://ok.ru/video/10020006922990,https://ok.ru/videoembed/10020006922990
2709,10019828402926,movie,La Casa de los Dibujos,La Casa de los Dibujos [1080p] [Español],,,,,,,,,,Animación,Infantil,1080p,Español,false,13:28:42,48522,3135,catalogo_files/i_464_AN8C.webp,https://ok.ru/video/10019828402926,https://ok.ru/videoembed/10019828402926
2710,10019156134638,movie,El Señor de los Anillos,El Señor de los Anillos (1978) [1080p] [Español],,,,,,,,1978,,Animación,Fantasía,1080p,Español,false,2:13:20,8000,1966,catalogo_files/i_296_AN8C.webp,https://ok.ru/video/10019156134638,https://ok.ru/videoembed/10019156134638
2711,10019275410158,movie,Pocahontas 2,Pocahontas 2 (1998) [1080p] [Español],,,,,,,,1998,,Animación,Aventura,1080p,Español,false,1:13:09,4389,1824,catalogo_files/i_583_AN8C.webp,https://ok.ru/video/10019275410158,https://ok.ru/videoembed/10019275410158
2712,10018982988526,movie,Astro Boy,Astro Boy (2009) [1080p] [Español],,,,,,,,2009,,Animación,Ciencia Ficción,1080p,Español,false,1:33:48,5628,1593,catalogo_files/i_819_AN8C.webp,https://ok.ru/video/10018982988526,https://ok.ru/videoembed/10018982988526
2713,10011083082478,movie,Robot Salvaje,Robot Salvaje (2024) [4K] [Español],,,,,,,,2024,,Animación,Aventura,4K,Español,false,1:41:46,6106,18411,catalogo_files/i_295_AN8C.webp,https://ok.ru/video/10011083082478,https://ok.ru/videoembed/10011083082478
2714,10015273650926,movie,Ultraman: el Ascenso,Ultraman: el Ascenso (2024) [1080p] [Español],,,,,,,,2024,,Superhéroes,Animación,1080p,Español,false,1:56:53,7013,2351,catalogo_files/i_639_AN8C.webp,https://ok.ru/video/10015273650926,https://ok.ru/videoembed/10015273650926
2715,10013011544814,movie,Coraline,Coraline (2009) [4K] [Español],,,,,,,,2009,,Animación,Terror,4K,Español,false,1:40:32,6032,51007,catalogo_files/i_701_AN8C.webp,https://ok.ru/video/10013011544814,https://ok.ru/videoembed/10013011544814
2716,10010641500910,movie,La Casa de los Sustos,La Casa de los Sustos (2006) [1080p] [Español],,,,,,,,2006,,Animación,Terror,1080p,Español,false,1:30:38,5438,6535,catalogo_files/i_540_AN8C.webp,https://ok.ru/video/10010641500910,https://ok.ru/videoembed/10010641500910
2717,10008233446126,movie,La Historia de una Abeja,La Historia de una Abeja (2007) [1080p] [Español],,,,,,,,2007,,Animación,Infantil,1080p,Español,false,1:30:40,5440,3506,catalogo_files/i_480_AN8C.webp,https://ok.ru/video/10008233446126,https://ok.ru/videoembed/10008233446126
2718,10007588506350,movie,El Espanta Tiburones,El Espanta Tiburones (2004) [1080p] [Español],,,,,,,,2004,,Animación,Comedia,1080p,Español,false,1:30:10,5410,4052,catalogo_files/i_254_AN8C.webp,https://ok.ru/video/10007588506350,https://ok.ru/videoembed/10007588506350
2719,10005816937198,movie,Calamity,Calamity (2020) [1080p] [Español],,,,,,,,2020,,Animación,Aventura,1080p,Español,false,1:19:17,4757,773,catalogo_files/i_548_AN8C.webp,https://ok.ru/video/10005816937198,https://ok.ru/videoembed/10005816937198
2720,10005748321006,movie,El techo del mundo,El techo del mundo (2015) [1080p] [Español],,,,,,,,2015,,Documental,,1080p,Español,false,1:21:20,4880,901,catalogo_files/i_353_AN8C.webp,https://ok.ru/video/10005748321006,https://ok.ru/videoembed/10005748321006
2721,9955419163374,movie,Turbo,Turbo (2013) [1080p] [Español],,,,,,,,2013,,Animación,Comedia,1080p,Español,false,1:35:40,5740,1657,catalogo_files/i_804_AN8C.webp,https://ok.ru/video/9955419163374,https://ok.ru/videoembed/9955419163374
2722,9970842536686,movie,Tarzoon: La Vergüenza de la Jungla,Tarzoon: La Vergüenza de la Jungla (1975) [1080p] [Español],,,,,,,,1975,,Animación,Comedia,1080p,Español,false,1:08:29,4109,1562,catalogo_files/i_247_AN8C.webp,https://ok.ru/video/9970842536686,https://ok.ru/videoembed/9970842536686
2723,9970792008430,movie,Free Jimmy,Free Jimmy (2006) [1080p] [Sub Español],,,,,,,,2006,,Animación,Comedia,1080p,Español,true,1:21:33,4893,772,catalogo_files/i_140_AN8C.webp,https://ok.ru/video/9970792008430,https://ok.ru/videoembed/9970792008430
2724,9971508906734,movie,Barbie™ En una Aventura de Sirenas,Barbie™ En una Aventura de Sirenas (2010) [1080p] [Español Latino],,,,,,,,2010,,Animación,Infantil,1080p,Español Latino,false,1:13:50,4430,1794,catalogo_files/i_263_AN8C.webp,https://ok.ru/video/9971508906734,https://ok.ru/videoembed/9971508906734
2725,9961502608110,movie,Junk Head,Junk Head (2017) [1080p] [Sub Español],,,,,,,,2017,,Anime,Ciencia Ficción,1080p,Español,true,1:40:13,6013,3240,catalogo_files/i_050_AN8C.webp,https://ok.ru/video/9961502608110,https://ok.ru/videoembed/9961502608110
2726,9961396767470,movie,Bernardo y Bianca,Bernardo y Bianca (1977) [1080p] [Español],,,,,,,,1977,,Animación,Aventura,1080p,Español,false,1:17:13,4633,2622,catalogo_files/i_741_AN8C.webp,https://ok.ru/video/9961396767470,https://ok.ru/videoembed/9961396767470
2727,9958304713454,movie,Los Súper Descendientes,Los Súper Descendientes (2022) [1080p] [Español],,,,,,,,2022,,Animación,Infantil,1080p,Español,false,1:16:15,4575,821,catalogo_files/i_724_AN8C.webp,https://ok.ru/video/9958304713454,https://ok.ru/videoembed/9958304713454
2728,9958449941230,movie,Cuando el Viento Sopla,Cuando el Viento Sopla (1986) [1080p] [Español],,,,,,,,1986,,Animación,Drama,1080p,Español,false,1:24:21,5061,1106,catalogo_files/i_241_AN8C.webp,https://ok.ru/video/9958449941230,https://ok.ru/videoembed/9958449941230
2729,9958404983534,movie,Barbie™ Una Navidad Perfecta,Barbie™ Una Navidad Perfecta (2011) [1080p] [Español Latino],,,,,,,,2011,,Animación,Infantil,1080p,Español Latino,false,1:13:56,4436,1691,catalogo_files/i_712_AN8C.webp,https://ok.ru/video/9958404983534,https://ok.ru/videoembed/9958404983534
2730,9958337809134,movie,El Pan de la Guerra,El Pan de la Guerra (2017) [1080p] [Español],,,,,,,,2017,,Drama,,1080p,Español,false,1:33:30,5610,2242,catalogo_files/i_866_AN8C.webp,https://ok.ru/video/9958337809134,https://ok.ru/videoembed/9958337809134
2731,9955544337134,movie,La Familia Mitchell vs. Las Máquinas,La Familia Mitchell vs. Las Máquinas (2021) [4K] [Español],,,,,,,,2021,,Animación,Comedia,4K,Español,false,1:49:57,6597,1303,catalogo_files/i_226_AN8C.webp,https://ok.ru/video/9955544337134,https://ok.ru/videoembed/9955544337134
2732,9956218505966,movie,Hasta tu Última Muerte,Hasta tu Última Muerte (2019) [1080p] [Español],,,,,,,,2019,,Terror,,1080p,Español,false,1:31:39,5499,954,catalogo_files/i_137_AN8C.webp,https://ok.ru/video/9956218505966,https://ok.ru/videoembed/9956218505966
2733,9955995880174,movie,Robot 7723,Robot 7723 (2018) [1080p] [Español],,,,,,,,2018,,Animación,Ciencia Ficción,1080p,Español,false,1:45:55,6355,890,catalogo_files/i_315_AN8C.webp,https://ok.ru/video/9955995880174,https://ok.ru/videoembed/9955995880174
2734,9955899935470,movie,Unicorn Wars,Unicorn Wars (2022) [1080p] [Español],,,,,,,,2022,,Animación,Terror,1080p,Español,false,1:32:53,5573,6111,catalogo_files/i_772_AN8C.webp,https://ok.ru/video/9955899935470,https://ok.ru/videoembed/9955899935470
2735,9955365292782,movie,Sahara,Sahara (2017) [1080p] [Español],,,,,,,,2017,,Animación,Aventura,1080p,Español,false,1:24:38,5078,1764,catalogo_files/i_115_AN8C.webp,https://ok.ru/video/9955365292782,https://ok.ru/videoembed/9955365292782
2736,9952445401838,movie,Bolt: Un perro fuera de serie,Bolt: Un perro fuera de serie (2008) [1080p] [Español],,,,,,,,2008,,Animación,Aventura,1080p,Español,false,1:36:21,5781,4188,catalogo_files/i_024_AN8C.webp,https://ok.ru/video/9952445401838,https://ok.ru/videoembed/9952445401838
2737,9952318786286,movie,Mavka: Guardiana del Bosque,Mavka: Guardiana del Bosque (2023) [1080p] [Español],,,,,,,,2023,,Animación,Fantasía,1080p,Español,false,1:39:10,5950,1214,catalogo_files/i_232_AN8C.webp,https://ok.ru/video/9952318786286,https://ok.ru/videoembed/9952318786286
2738,9951892409070,movie,Oink Oink,Oink Oink (2022) [1080p] [Español],,,,,,,,2022,,Animación,Comedia,1080p,Español,false,1:12:29,4349,940,catalogo_files/i_143_AN8C.webp,https://ok.ru/video/9951892409070,https://ok.ru/videoembed/9951892409070
2739,9951553325806,movie,Monstruos vs. Aliens,Monstruos vs. Aliens (2009) [1080p] [Español],,,,,,,,2009,,Animación,Ciencia Ficción,1080p,Español,false,1:34:21,5661,5616,catalogo_files/i_550_AN8C.webp,https://ok.ru/video/9951553325806,https://ok.ru/videoembed/9951553325806
2740,9951506926318,movie,"Khumba, La Cebra sin Rayas","Khumba, La Cebra sin Rayas (2013) [1080p] [Español]",,,,,,,,2013,,Animación,Aventura,1080p,Español,false,1:25:18,5118,820,catalogo_files/i_624_AN8C.webp,https://ok.ru/video/9951506926318,https://ok.ru/videoembed/9951506926318
2741,9951264508654,movie,El Gigante de Hierro,El Gigante de Hierro (1999) [1080p] [Español],,,,,,,,1999,,Animación,Ciencia Ficción,1080p,Español,false,1:29:58,5398,10940,catalogo_files/i_159_AN8C.webp,https://ok.ru/video/9951264508654,https://ok.ru/videoembed/9951264508654
2742,9947963656942,movie,Ferdinand,Ferdinand (2017) [4K] [Español],,,,,,,,2017,,Animación,Comedia,4K,Español,false,1:48:06,6486,1696,catalogo_files/i_794_AN8C.webp,https://ok.ru/video/9947963656942,https://ok.ru/videoembed/9947963656942
2743,9945529256686,movie,Telma la Unicornio,Telma la Unicornio (2024) [1080p] [Español],,,,,,,,2024,,Animación,Infantil,1080p,Español,false,1:33:16,5596,713,catalogo_files/i_455_AN8C.webp,https://ok.ru/video/9945529256686,https://ok.ru/videoembed/9945529256686
2744,9937357966062,movie,El Zorro y el Sabueso,El Zorro y el Sabueso (1981) [1080p] [Español],,,,,,,,1981,,Animación,Aventura,1080p,Español,false,1:22:54,4974,1995,catalogo_files/i_476_AN8C.webp,https://ok.ru/video/9937357966062,https://ok.ru/videoembed/9937357966062
2745,9934654081774,movie,Padak,Padak (2012) [4K] [Subs: Español & English],,,,,,,,2012,,Animación,Drama,4K,Español,true,1:19:23,4763,1353,catalogo_files/i_259_AN8C.webp,https://ok.ru/video/9934654081774,https://ok.ru/videoembed/9934654081774
2746,9932145625838,movie,Alfa y Omega,Alfa y Omega (2010) [1080p] [Español],,,,,,,,2010,,Animación,Aventura,1080p,Español,false,1:27:55,5275,1619,catalogo_files/i_691_AN8C.webp,https://ok.ru/video/9932145625838,https://ok.ru/videoembed/9932145625838
2747,9932141497070,movie,Balto 3,Balto 3 (2004) [1080p] [Español],,,,,,,,2004,,Animación,Aventura,1080p,Español,false,1:18:13,4693,1197,catalogo_files/i_379_AN8C.webp,https://ok.ru/video/9932141497070,https://ok.ru/videoembed/9932141497070
2748,9932084415214,movie,Balto 2,Balto 2 (2002) [1080p] [Español],,,,,,,,2002,,Animación,Aventura,1080p,Español,false,1:15:27,4527,2873,catalogo_files/i_562_AN8C.webp,https://ok.ru/video/9932084415214,https://ok.ru/videoembed/9932084415214
2749,9931381410542,movie,Balto,Balto (1995) [1080p] [Español],,,,,,,,1995,,Animación,Aventura,1080p,Español,false,1:17:38,4658,2279,catalogo_files/i_067_AN8C.webp,https://ok.ru/video/9931381410542,https://ok.ru/videoembed/9931381410542
2750,9925323721454,movie,Barbie™ y la Puerta Secreta,Barbie™ y la Puerta Secreta (2014) [1080p] [Español Latino],,,,,,,,2014,,Animación,Infantil,1080p,Español Latino,false,1:20:51,4851,1234,catalogo_files/i_467_AN8C.webp,https://ok.ru/video/9925323721454,https://ok.ru/videoembed/9925323721454
2751,9923702295278,movie,Barbie™ Mariposa y la Princesa de las Hadas,Barbie™ Mariposa y la Princesa de las Hadas (2013) [1080p] [Español Latino],,,,,,,,2013,,Animación,Infantil,1080p,Español Latino,false,1:19:28,4768,1282,catalogo_files/i_060_AN8C.webp,https://ok.ru/video/9923702295278,https://ok.ru/videoembed/9923702295278
2752,9906840472302,movie,Spirit: El Corcel Indomable,Spirit: El Corcel Indomable (2002) [1080p] [Español],,,,,,,,2002,,Animación,Aventura,1080p,Español,false,1:23:28,5008,17739,catalogo_files/i_847_AN8C.webp,https://ok.ru/video/9906840472302,https://ok.ru/videoembed/9906840472302
2753,9882380929774,movie,Pie Pequeño 4: Viaje a Través de las Brumas,Pie Pequeño 4: Viaje a Través de las Brumas (1996) [1080p] [Español Latino],,,,,,,,1996,,Animación,Aventura,1080p,Español Latino,false,1:13:55,4435,871,catalogo_files/i_370_AN8C.webp,https://ok.ru/video/9882380929774,https://ok.ru/videoembed/9882380929774
2754,9882284460782,movie,Pie Pequeño 3: El tiempo de la Gran Entrega,Pie Pequeño 3: El tiempo de la Gran Entrega (1995) [1080p] [Español Latino],,,,,,,,1995,,Animación,Aventura,1080p,Español Latino,false,1:10:48,4248,847,catalogo_files/i_627_AN8C.webp,https://ok.ru/video/9882284460782,https://ok.ru/videoembed/9882284460782
2755,9874556914414,movie,Pie Pequeño 2: la gran aventura,Pie Pequeño 2: la gran aventura (1994) [1080p] [Español Latino],,,,,,,,1994,,Animación,Aventura,1080p,Español Latino,false,1:13:48,4428,1392,catalogo_files/i_257_AN8C.webp,https://ok.ru/video/9874556914414,https://ok.ru/videoembed/9874556914414
2756,9874339662574,movie,Pie Pequeño: En Busca del Valle Encantado,Pie Pequeño: En Busca del Valle Encantado (1988) [1080p] [Español Latino],,,,,,,,1988,,Animación,Aventura,1080p,Español Latino,false,1:08:49,4129,1154,catalogo_files/i_531_AN8C.webp,https://ok.ru/video/9874339662574,https://ok.ru/videoembed/9874339662574
2757,9874220518126,movie,Caminando con Dinosaurios,Caminando con Dinosaurios (2013) [1080p] [Español],,,,,,,,2013,,Documental,,1080p,Español,false,1:27:23,5243,898,catalogo_files/i_418_AN8C.webp,https://ok.ru/video/9874220518126,https://ok.ru/videoembed/9874220518126
2758,9869143837422,movie,Barbie™ Y Las Zapatillas Mágicas,Barbie™ Y Las Zapatillas Mágicas (2013) [1080p] [Español Latino],,,,,,,,2013,,Animación,Infantil,1080p,Español Latino,false,1:14:39,4479,1445,catalogo_files/i_079_AN8C.webp,https://ok.ru/video/9869143837422,https://ok.ru/videoembed/9869143837422
2759,9869128305390,movie,Barbie™ La Princesa y la Estrella de Pop,Barbie™ La Princesa y la Estrella de Pop (2012) [1080p] [Español Latino],,,,,,,,2012,,Animación,Infantil,1080p,Español Latino,false,1:15:30,4530,2080,catalogo_files/i_206_AN8C.webp,https://ok.ru/video/9869128305390,https://ok.ru/videoembed/9869128305390
2760,9869067291374,movie,Barbie™ El Secreto de las Hadas,Barbie™ El Secreto de las Hadas (2011) [1080p] [Español Latino],,,,,,,,2011,,Animación,Infantil,1080p,Español Latino,false,1:11:58,4318,1700,catalogo_files/i_216_AN8C.webp,https://ok.ru/video/9869067291374,https://ok.ru/videoembed/9869067291374
2761,9860253158126,movie,"My Tyrano: Together, Forever","My Tyrano: Together, Forever (2018) [1080p] [SUBS: Español & English]",,,,,,,,2018,,Animación,Aventura,1080p,Español,true,1:37:39,5859,1668,catalogo_files/i_075_AN8C.webp,https://ok.ru/video/9860253158126,https://ok.ru/videoembed/9860253158126
2762,9860092791534,movie,I Am T-Rex,I Am T-Rex (2022) [1080p] [SUBS: Español & English],,,,,,,,2022,,Animación,Aventura,1080p,Español,true,1:20:26,4826,812,catalogo_files/i_585_AN8C.webp,https://ok.ru/video/9860092791534,https://ok.ru/videoembed/9860092791534
2763,9860034398958,movie,Dino King: Viaje a la Montaña de Fuego,Dino King: Viaje a la Montaña de Fuego (2018) [1080] [Español],,,,,,,,2018,,Animación,Aventura,1080p,Español,false,1:15:52,4552,804,catalogo_files/i_258_AN8C.webp,https://ok.ru/video/9860034398958,https://ok.ru/videoembed/9860034398958
2764,9860025027310,movie,Dino King,Dino King (2012) [1080p] [Sub Español],,,,,,,,2012,,Animación,Aventura,1080p,Español,true,1:28:37,5317,795,catalogo_files/i_082_AN8C.webp,https://ok.ru/video/9860025027310,https://ok.ru/videoembed/9860025027310
2765,9859709995758,movie,Mad God,Mad God (2021) [1080p] [Sub Español],,,,,,,,2021,,Animación,Terror,1080p,Español,true,1:23:58,5038,1459,catalogo_files/i_628_AN8C.webp,https://ok.ru/video/9859709995758,https://ok.ru/videoembed/9859709995758
2766,9851165936366,movie,Barbie™ Escuela de Princesas,Barbie™ Escuela de Princesas (2011) [1080p] [Español Latino],,,,,,,,2011,,Animación,Infantil,1080p,Español Latino,false,1:19:43,4783,2453,catalogo_files/i_697_AN8C.webp,https://ok.ru/video/9851165936366,https://ok.ru/videoembed/9851165936366
2767,9849375165166,movie,Barbie™ Moda Mágica en Paris,Barbie™ Moda Mágica en Paris (2010) [1080p] [Español Latino],,,,,,,,2010,,Animación,Infantil,1080p,Español Latino,false,1:22:09,4929,3899,catalogo_files/i_500_AN8C.webp,https://ok.ru/video/9849375165166,https://ok.ru/videoembed/9849375165166
2768,9849334074094,movie,Barbie™ En un Cuento de Navidad,Barbie™ En un Cuento de Navidad (2008) [1080p] [Español],,,,,,,,2008,,Animación,Infantil,1080p,Español,false,1:16:02,4562,2182,catalogo_files/i_603_AN8C.webp,https://ok.ru/video/9849334074094,https://ok.ru/videoembed/9849334074094
2769,9823113448174,movie,Ratatouille,Ratatouille (2007) [4K] [Español],,,,,,,,2007,,Animación,Comedia,4K,Español,false,1:51:05,6665,7110,catalogo_files/i_091_AN8C.webp,https://ok.ru/video/9823113448174,https://ok.ru/videoembed/9823113448174
2770,9823247469294,movie,Las Aventuras de Sammy,Las Aventuras de Sammy (2010) [1080p] [Español],,,,,,,,2010,,Animación,Aventura,1080p,Español,false,1:25:35,5135,916,catalogo_files/i_680_AN8C.webp,https://ok.ru/video/9823247469294,https://ok.ru/videoembed/9823247469294
2771,9822584769262,movie,Barbie™ Mariposa,Barbie™ Mariposa (2008) [1080p] [Español],,,,,,,,2008,,Animación,Infantil,1080p,Español,false,1:14:33,4473,2743,catalogo_files/i_593_AN8C.webp,https://ok.ru/video/9822584769262,https://ok.ru/videoembed/9822584769262
2772,9820419459822,movie,Barbie™ Fairytopia: La Magia del Arcoíris,Barbie™ Fairytopia: La Magia del Arcoíris (2007) [1080p] [Español],,,,,,,,2007,,Animación,Infantil,1080p,Español,false,1:14:18,4458,1155,catalogo_files/i_343_AN8C.webp,https://ok.ru/video/9820419459822,https://ok.ru/videoembed/9820419459822
2773,9820385053422,movie,Barbie™ Fairytopia: Mermaidia,Barbie™ Fairytopia: Mermaidia (2006) [1080p] [Español],,,,,,,,2006,,Animación,Infantil,1080p,Español,false,1:14:40,4480,4076,catalogo_files/i_715_AN8C.webp,https://ok.ru/video/9820385053422,https://ok.ru/videoembed/9820385053422
2774,9811901549294,movie,Vacas Vaqueras,Vacas Vaqueras (2004) [1080p] [Español],,,,,,,,2004,,Animación,Comedia,1080p,Español,false,1:16:12,4572,5304,catalogo_files/i_638_AN8C.webp,https://ok.ru/video/9811901549294,https://ok.ru/videoembed/9811901549294
2775,9794590018286,movie,Barbie™ y el Castillo de Diamantes,Barbie™ y el Castillo de Diamantes (2008) [1080p] [Español],,,,,,,,2008,,Animación,Infantil,1080p,Español,false,1:17:58,4678,1642,catalogo_files/i_578_AN8C.webp,https://ok.ru/video/9794590018286,https://ok.ru/videoembed/9794590018286
2776,9794575141614,movie,Barbie™ como la Princesa de la Isla,Barbie™ como la Princesa de la Isla (2007) [1080p] [Español],,,,,,,,2007,,Animación,Infantil,1080p,Español,false,1:24:52,5092,5291,catalogo_files/i_063_AN8C.webp,https://ok.ru/video/9794575141614,https://ok.ru/videoembed/9794575141614
2777,9794536344302,movie,Barbie™ y la Magia de Pegaso,Barbie™ y la Magia de Pegaso (2005) [1080p] [Español],,,,,,,,2005,,Animación,Infantil,1080p,Español,false,1:24:22,5062,1616,catalogo_files/i_029_AN8C.webp,https://ok.ru/video/9794536344302,https://ok.ru/videoembed/9794536344302
2778,9791373773550,movie,Barbie™ y las 12 princesas bailarinas,Barbie™ y las 12 princesas bailarinas (2006) [1080p] [Español],,,,,,,,2006,,Animación,Infantil,1080p,Español,false,1:22:25,4945,3117,catalogo_files/i_117_AN8C.webp,https://ok.ru/video/9791373773550,https://ok.ru/videoembed/9791373773550
2779,9791122180846,movie,Barbie™ Fairytopia,Barbie™ Fairytopia (2005) [1080p] [Español],,,,,,,,2005,,Animación,Infantil,1080p,Español,false,1:10:22,4222,2812,catalogo_files/i_175_AN8C.webp,https://ok.ru/video/9791122180846,https://ok.ru/videoembed/9791122180846
2780,9790979508974,movie,Barbie™ En la Princesa y la Plebeya,Barbie™ En la Princesa y la Plebeya (2004) [1080p] [Español],,,,,,,,2004,,Animación,Infantil,1080p,Español,false,1:25:00,5100,2142,catalogo_files/i_420_AN8C.webp,https://ok.ru/video/9790979508974,https://ok.ru/videoembed/9790979508974
2781,9788870167278,movie,Barbie™ En el Lago de los Cisnes,Barbie™ En el Lago de los Cisnes (2003) [1080p] [Español],,,,,,,,2003,,Animación,Infantil,1080p,Español,false,1:22:34,4954,2519,catalogo_files/i_597_AN8C.webp,https://ok.ru/video/9788870167278,https://ok.ru/videoembed/9788870167278
2782,9788870101742,movie,Barbie™ Como Rapunzel,Barbie™ Como Rapunzel (2002) [1080p] [Español],,,,,,,,2002,,Animación,Infantil,1080p,Español,false,1:23:35,5015,2045,catalogo_files/i_763_AN8C.webp,https://ok.ru/video/9788870101742,https://ok.ru/videoembed/9788870101742
2783,9788788837102,movie,Barbie™ En el Cascanueces,Barbie™ En el Cascanueces (2001) [1080p] [Español],,,,,,,,2001,,Animación,Infantil,1080p,Español,false,1:16:30,4590,2470,catalogo_files/i_048_AN8C.webp,https://ok.ru/video/9788788837102,https://ok.ru/videoembed/9788788837102
2784,9783482977006,movie,Bad Cat,Bad Cat (2016) [1080p] [Español],,,,,,,,2016,,Animación,Comedia,1080p,Español,false,1:25:31,5131,1022,catalogo_files/i_492_AN8C.webp,https://ok.ru/video/9783482977006,https://ok.ru/videoembed/9783482977006
2785,9767759186670,movie,Minúsculos 2,Minúsculos 2 (2018) [1080p 60Fps],,,,,,,,2018,,Animación,Aventura,1080p,,false,1:32:14,5534,934,catalogo_files/i_265_AN8C.webp,https://ok.ru/video/9767759186670,https://ok.ru/videoembed/9767759186670
2786,9767758662382,movie,Minúsculos,Minúsculos (2013) [1080p 60Fps],,,,,,,,2013,,Animación,Aventura,1080p,,false,1:28:26,5306,1048,catalogo_files/i_509_AN8C.webp,https://ok.ru/video/9767758662382,https://ok.ru/videoembed/9767758662382
2787,9761767492334,movie,Peter Pan,Peter Pan (2003) [1080p] [Español],,,,,,,,2003,,Animación,Clásicos,1080p,Español,false,1:53:23,6803,7399,catalogo_files/i_016_AN8C.webp,https://ok.ru/video/9761767492334,https://ok.ru/videoembed/9761767492334
2788,9761679674094,movie,Peter Pan 2: El Regreso al País de Nunca Jamás,Peter Pan 2: El Regreso al País de Nunca Jamás (2002) [Español],,,,,,,,2002,,Animación,Aventura,,Español,false,1:12:32,4352,1435,catalogo_files/i_317_AN8C.webp,https://ok.ru/video/9761679674094,https://ok.ru/videoembed/9761679674094
2789,9761657260782,movie,Peter Pan,Peter Pan (1953) [1080p] [Español],,,,,,,,1953,,Aventura,Fantasía,1080p,Español,false,1:16:46,4606,4518,catalogo_files/i_698_AN8C.webp,https://ok.ru/video/9761657260782,https://ok.ru/videoembed/9761657260782
2790,9758154361582,movie,Tinker Bell y la Bestia de Nunca Jamás,Tinker Bell y la Bestia de Nunca Jamás (2015) [1080p] [Español],,,,,,,,2015,,Animación,Fantasía,1080p,Español,false,1:16:11,4571,4351,catalogo_files/i_677_AN8C.webp,https://ok.ru/video/9758154361582,https://ok.ru/videoembed/9758154361582
2791,9758147152622,movie,Tinker Bell: Hadas y Piratas,Tinker Bell: Hadas y Piratas (2014) [1080p] [Español],,,,,,,,2014,,Animación,Fantasía,1080p,Español,false,1:18:03,4683,2998,catalogo_files/i_170_AN8C.webp,https://ok.ru/video/9758147152622,https://ok.ru/videoembed/9758147152622
2792,9758139419374,movie,Tinker Bell y el Secreto de las Hadas,Tinker Bell y el Secreto de las Hadas (2012) [1080p] [Español],,,,,,,,2012,,Animación,Fantasía,1080p,Español,false,1:15:01,4501,3401,catalogo_files/i_845_AN8C.webp,https://ok.ru/video/9758139419374,https://ok.ru/videoembed/9758139419374
2793,9758136142574,movie,Tinker Bell: Los Juegos de la Tierra de las Hadas,Tinker Bell: Los Juegos de la Tierra de las Hadas (2011) [1080p] [Español],,,,,,,,2011,,Animación,Fantasía,1080p,Español,false,22:36,1356,1613,catalogo_files/i_110_AN8C.webp,https://ok.ru/video/9758136142574,https://ok.ru/videoembed/9758136142574
2794,9758131292910,movie,Tinker Bell: Hadas al rescate,Tinker Bell: Hadas al rescate (2010) [1080p] [Español],,,,,,,,2010,,Animación,Fantasía,1080p,Español,false,1:16:24,4584,2728,catalogo_files/i_040_AN8C.webp,https://ok.ru/video/9758131292910,https://ok.ru/videoembed/9758131292910
2795,9758120807150,movie,Tinker Bell y El Tesoro Perdido,Tinker Bell y El Tesoro Perdido (2009) [1080p] [Español],,,,,,,,2009,,Animación,Fantasía,1080p,Español,false,1:20:10,4810,2396,catalogo_files/i_307_AN8C.webp,https://ok.ru/video/9758120807150,https://ok.ru/videoembed/9758120807150
2796,9758116416238,movie,Tinker Bell,Tinker Bell (2008) [1080p] [Español],,,,,,,,2008,,Animación,Fantasía,1080p,Español,false,1:17:54,4674,16409,catalogo_files/i_301_AN8C.webp,https://ok.ru/video/9758116416238,https://ok.ru/videoembed/9758116416238
2797,4636388887219,episode,Las Mascotas Maravilla,Las Mascotas Maravilla - Salvan a Las Ovejas,las-mascotas-maravilla,Las Mascotas Maravilla,1,,1,,,,Nickelodeon,Superhéroes,Infantil,1080p,Español,false,11:46,706,447,assets/mascotas-maravilla/videoPreview_002_0lVU.webp,https://ok.ru/video/4636388887219,https://ok.ru/videoembed/4636388887219
2798,4634048793267,episode,Las Mascotas Maravilla,"Las Mascotas Maravilla - Salvan al Yak, al Cerdo y al Oso Bailarin",las-mascotas-maravilla,Las Mascotas Maravilla,1,,2,,,,Nickelodeon,Superhéroes,Infantil,1080p,Español,false,11:47,707,3497,assets/mascotas-maravilla/videoPreview_0lVU.webp,https://ok.ru/video/4634048793267,https://ok.ru/videoembed/4634048793267
2799,4596090210995,episode,Las Mascotas Maravilla,Las Mascotas Maravilla - Episodio Salvan a los 3 Cerditos,las-mascotas-maravilla,Las Mascotas Maravilla,1,,3,,,,Nickelodeon,Superhéroes,Infantil,1080p,Español,false,11:47,707,428,assets/mascotas-maravilla/videoPreview_003_0lVU.webp,https://ok.ru/video/4596090210995,https://ok.ru/videoembed/4596090210995
2800,16756062227064,episode,Spidey y sus Sorprendentes Amigos,Spidey y sus Sorprendentes Amigos - Temporada 1 Episodio 2 -,spidey-y-sus-sorprendentes-amigos,Spidey y sus Sorprendentes Amigos,1,,2,,,,Marvel,Superhéroes,Infantil,1080p,Español,false,23:32,1412,2,assets/spidey/videoPreview_025_nNrS.webp,https://ok.ru/video/16756062227064,https://ok.ru/videoembed/16756062227064
2801,16756060523128,episode,Spidey y sus Sorprendentes Amigos,Spidey y sus Sorprendentes Amigos - Temporada 1 Episodio 3 -,spidey-y-sus-sorprendentes-amigos,Spidey y sus Sorprendentes Amigos,1,,3,,,,Marvel,Superhéroes,Infantil,1080p,Español,false,23:24,1404,2,assets/spidey/videoPreview_028_nNrS.webp,https://ok.ru/video/16756060523128,https://ok.ru/videoembed/16756060523128
2802,16756058098296,episode,Spidey y sus Sorprendentes Amigos,Spidey y sus Sorprendentes Amigos - Temporada 1 Episodio 4 -,spidey-y-sus-sorprendentes-amigos,Spidey y sus Sorprendentes Amigos,1,,4,,,,Marvel,Superhéroes,Infantil,1080p,Español,false,23:22,1402,2,assets/spidey/videoPreview_014_nNrS.webp,https://ok.ru/video/16756058098296,https://ok.ru/videoembed/16756058098296
2803,16756056394360,episode,Spidey y sus Sorprendentes Amigos,Spidey y sus Sorprendentes Amigos - Temporada 1 Episodio 5 -,spidey-y-sus-sorprendentes-amigos,Spidey y sus Sorprendentes Amigos,1,,5,,,,Marvel,Superhéroes,Infantil,1080p,Español,false,23:25,1405,2,assets/spidey/videoPreview_027_nNrS.webp,https://ok.ru/video/16756056394360,https://ok.ru/videoembed/16756056394360
2804,16756052331128,episode,Spidey y sus Sorprendentes Amigos,Spidey y sus Sorprendentes Amigos - Temporada 1 Episodio 7 - ,spidey-y-sus-sorprendentes-amigos,Spidey y sus Sorprendentes Amigos,1,,7,,,,Marvel,Superhéroes,Infantil,1080p,Español,false,23:23,1403,2,assets/spidey/videoPreview_036_nNrS.webp,https://ok.ru/video/16756052331128,https://ok.ru/videoembed/16756052331128
2805,16756050496120,episode,Spidey y sus Sorprendentes Amigos,Spidey y sus Sorprendentes Amigos - Temporada 1 Episodio 8 - ,spidey-y-sus-sorprendentes-amigos,Spidey y sus Sorprendentes Amigos,1,,8,,,,Marvel,Superhéroes,Infantil,1080p,Español,false,23:41,1421,2,assets/spidey/videoPreview_018_nNrS.webp,https://ok.ru/video/16756050496120,https://ok.ru/videoembed/16756050496120
2806,16756045908600,episode,Spidey y sus Sorprendentes Amigos,Spidey y sus Sorprendentes Amigos - Temporada 1 Episodio 10 -,spidey-y-sus-sorprendentes-amigos,Spidey y sus Sorprendentes Amigos,1,,10,,,,Marvel,Superhéroes,Infantil,1080p,Español,false,24:03,1443,2,assets/spidey/videoPreview_031_nNrS.webp,https://ok.ru/video/16756045908600,https://ok.ru/videoembed/16756045908600
2807,16756041255544,episode,Spidey y sus Sorprendentes Amigos,Spidey y sus Sorprendentes Amigos - Temporada 1 Episodio 12 ,spidey-y-sus-sorprendentes-amigos,Spidey y sus Sorprendentes Amigos,1,,12,,,,Marvel,Superhéroes,Infantil,1080p,Español,false,23:26,1406,4,assets/spidey/videoPreview_024_nNrS.webp,https://ok.ru/video/16756041255544,https://ok.ru/videoembed/16756041255544
2808,16756039420536,episode,Spidey y sus Sorprendentes Amigos,Spidey y sus Sorprendentes Amigos - Temporada 1 Episodio 13 ,spidey-y-sus-sorprendentes-amigos,Spidey y sus Sorprendentes Amigos,1,,13,,,,Marvel,Superhéroes,Infantil,1080p,Español,false,23:11,1391,3,assets/spidey/videoPreview_015_nNrS.webp,https://ok.ru/video/16756039420536,https://ok.ru/videoembed/16756039420536
2809,16756037913208,episode,Spidey y sus Sorprendentes Amigos,Spidey y sus Sorprendentes Amigos - Temporada 1 Episodio 14 ,spidey-y-sus-sorprendentes-amigos,Spidey y sus Sorprendentes Amigos,1,,14,,,,Marvel,Superhéroes,Infantil,1080p,Español,false,23:23,1403,3,assets/spidey/videoPreview_030_nNrS.webp,https://ok.ru/video/16756037913208,https://ok.ru/videoembed/16756037913208
2810,16756037061240,episode,Spidey y sus Sorprendentes Amigos,Spidey y sus Sorprendentes Amigos - Temporada 1 Episodio 15 ,spidey-y-sus-sorprendentes-amigos,Spidey y sus Sorprendentes Amigos,1,,15,,,,Marvel,Superhéroes,Infantil,1080p,Español,false,23:15,1395,1,assets/spidey/videoPreview_020_nNrS.webp,https://ok.ru/video/16756037061240,https://ok.ru/videoembed/16756037061240
2811,16756033522296,episode,Spidey y sus Sorprendentes Amigos,Spidey y sus Sorprendentes Amigos - Temporada 1 Episodio 17 -,spidey-y-sus-sorprendentes-amigos,Spidey y sus Sorprendentes Amigos,1,,17,,,,Marvel,Superhéroes,Infantil,1080p,Español,false,24:05,1445,2,assets/spidey/videoPreview_029_nNrS.webp,https://ok.ru/video/16756033522296,https://ok.ru/videoembed/16756033522296
2812,16756031687288,episode,Spidey y sus Sorprendentes Amigos,Spidey y sus Sorprendentes Amigos - Temporada 1 Episodio 18 -,spidey-y-sus-sorprendentes-amigos,Spidey y sus Sorprendentes Amigos,1,,18,,,,Marvel,Superhéroes,Infantil,1080p,Español,false,23:21,1401,2,assets/spidey/videoPreview_021_nNrS.webp,https://ok.ru/video/16756031687288,https://ok.ru/videoembed/16756031687288
2813,16756028279416,episode,Spidey y sus Sorprendentes Amigos,Spidey y sus Sorprendentes Amigos - Temporada 1 Episodio 21 -,spidey-y-sus-sorprendentes-amigos,Spidey y sus Sorprendentes Amigos,1,,21,,,,Marvel,Superhéroes,Infantil,1080p,Español,false,23:25,1405,2,assets/spidey/videoPreview_026_nNrS.webp,https://ok.ru/video/16756028279416,https://ok.ru/videoembed/16756028279416
2814,16756026182264,episode,Spidey y sus Sorprendentes Amigos,Spidey y sus Sorprendentes Amigos - Temporada 1 Episodio 22 -,spidey-y-sus-sorprendentes-amigos,Spidey y sus Sorprendentes Amigos,1,,22,,,,Marvel,Superhéroes,Infantil,1080p,Español,false,23:28,1408,2,assets/spidey/videoPreview_034_nNrS.webp,https://ok.ru/video/16756026182264,https://ok.ru/videoembed/16756026182264
2815,16756022774392,episode,Spidey y sus Sorprendentes Amigos,Spidey y sus Sorprendentes Amigos - Temporada 1 Episodio 24 ,spidey-y-sus-sorprendentes-amigos,Spidey y sus Sorprendentes Amigos,1,,24,,,,Marvel,Superhéroes,Infantil,1080p,Español,false,23:29,1409,1,assets/spidey/videoPreview_039_nNrS.webp,https://ok.ru/video/16756022774392,https://ok.ru/videoembed/16756022774392
2816,16756020021880,episode,Spidey y sus Sorprendentes Amigos,Spidey y sus Sorprendentes Amigos - Temporada 1 Episodio 25 ,spidey-y-sus-sorprendentes-amigos,Spidey y sus Sorprendentes Amigos,1,,25,,,,Marvel,Superhéroes,Infantil,1080p,Español,false,24:05,1445,3,assets/spidey/videoPreview_023_nNrS.webp,https://ok.ru/video/16756020021880,https://ok.ru/videoembed/16756020021880
2817,16755227232888,episode,Spidey y sus Sorprendentes Amigos,Spidey y sus Sorprendentes Amigos - Temporada 2 Episodio 1 -,spidey-y-sus-sorprendentes-amigos,Spidey y sus Sorprendentes Amigos,2,,1,,,,Marvel,Superhéroes,Infantil,1080p,Español,false,23:32,1412,2,assets/spidey/videoPreview_037_nNrS.webp,https://ok.ru/video/16755227232888,https://ok.ru/videoembed/16755227232888
2818,16755222514296,episode,Spidey y sus Sorprendentes Amigos,Spidey y sus Sorprendentes Amigos - Temporada 2 Episodio 4 - ,spidey-y-sus-sorprendentes-amigos,Spidey y sus Sorprendentes Amigos,2,,4,,,,Marvel,Superhéroes,Infantil,1080p,Español,false,24:05,1445,2,assets/spidey/videoPreview_017_nNrS.webp,https://ok.ru/video/16755222514296,https://ok.ru/videoembed/16755222514296
2819,16755216616056,episode,Spidey y sus Sorprendentes Amigos,Spidey y sus Sorprendentes Amigos - Temporada 2 Episodio 6 ,spidey-y-sus-sorprendentes-amigos,Spidey y sus Sorprendentes Amigos,2,,6,,,,Marvel,Superhéroes,Infantil,1080p,Español,false,24:05,1445,1,assets/spidey/videoPreview_035_nNrS.webp,https://ok.ru/video/16755216616056,https://ok.ru/videoembed/16755216616056
2820,16755215108728,episode,Spidey y sus Sorprendentes Amigos,Spidey y sus Sorprendentes Amigos - Temporada 2 Episodio 8 -,spidey-y-sus-sorprendentes-amigos,Spidey y sus Sorprendentes Amigos,2,,8,,,,Marvel,Superhéroes,Infantil,1080p,Español,false,23:47,1427,3,assets/spidey/videoPreview_033_nNrS.webp,https://ok.ru/video/16755215108728,https://ok.ru/videoembed/16755215108728
2821,16755211438712,episode,Spidey y sus Sorprendentes Amigos,Spidey y sus Sorprendentes Amigos - Temporada 2 Episodio 11 -,spidey-y-sus-sorprendentes-amigos,Spidey y sus Sorprendentes Amigos,2,,11,,,,Marvel,Superhéroes,Infantil,1080p,Español,false,23:40,1420,2,assets/spidey/videoPreview_022_nNrS.webp,https://ok.ru/video/16755211438712,https://ok.ru/videoembed/16755211438712
2822,16755209865848,episode,Spidey y sus Sorprendentes Amigos,Spidey y sus Sorprendentes Amigos - Temporada 2 Episodio 12,spidey-y-sus-sorprendentes-amigos,Spidey y sus Sorprendentes Amigos,2,,12,,,,Marvel,Superhéroes,Infantil,1080p,Español,false,24:05,1445,2,assets/spidey/videoPreview_016_nNrS.webp,https://ok.ru/video/16755209865848,https://ok.ru/videoembed/16755209865848
2823,16755200232056,episode,Spidey y sus Sorprendentes Amigos,Spidey y sus Sorprendentes Amigos - Temporada 2 Episodio 19 -,spidey-y-sus-sorprendentes-amigos,Spidey y sus Sorprendentes Amigos,2,,19,,,,Marvel,Superhéroes,Infantil,1080p,Español,false,23:22,1402,2,assets/spidey/videoPreview_032_nNrS.webp,https://ok.ru/video/16755200232056,https://ok.ru/videoembed/16755200232056
2824,16755197282936,episode,Spidey y sus Sorprendentes Amigos,Spidey y sus Sorprendentes Amigos - Temporada 2 Episodio 21 -,spidey-y-sus-sorprendentes-amigos,Spidey y sus Sorprendentes Amigos,2,,21,,,,Marvel,Superhéroes,Infantil,1080p,Español,false,24:05,1445,1,assets/spidey/videoPreview_012_nNrS.webp,https://ok.ru/video/16755197282936,https://ok.ru/videoembed/16755197282936
2825,16755194923640,episode,Spidey y sus Sorprendentes Amigos,Spidey y sus Sorprendentes Amigos - Temporada 2 Episodio 25 ,spidey-y-sus-sorprendentes-amigos,Spidey y sus Sorprendentes Amigos,2,,25,,,,Marvel,Superhéroes,Infantil,1080p,Español,false,23:33,1413,0,assets/spidey/videoPreview_019_nNrS.webp,https://ok.ru/video/16755194923640,https://ok.ru/videoembed/16755194923640
2826,16754417273464,episode,Spidey y sus Sorprendentes Amigos,Spidey y sus Sorprendentes Amigos - Temporada 2 Episodio 27 -,spidey-y-sus-sorprendentes-amigos,Spidey y sus Sorprendentes Amigos,2,,27,,,,Marvel,Superhéroes,Infantil,1080p,Español,false,24:05,1445,2,assets/spidey/videoPreview_007_nNrS.webp,https://ok.ru/video/16754417273464,https://ok.ru/videoembed/16754417273464
2827,16754413537912,episode,Spidey y sus Sorprendentes Amigos,Spidey y sus Sorprendentes Amigos - Temporada 2 Episodio 29 -,spidey-y-sus-sorprendentes-amigos,Spidey y sus Sorprendentes Amigos,2,,29,,,,Marvel,Superhéroes,Infantil,1080p,Español,false,24:05,1445,2,assets/spidey/videoPreview_004_nNrS.webp,https://ok.ru/video/16754413537912,https://ok.ru/videoembed/16754413537912
2828,16754409409144,episode,Spidey y sus Sorprendentes Amigos,Spidey y sus Sorprendentes Amigos - Temporada 3 Episodio 1 - ,spidey-y-sus-sorprendentes-amigos,Spidey y sus Sorprendentes Amigos,3,,1,,,,Marvel,Superhéroes,Infantil,1080p,Español,false,24:01,1441,2,assets/spidey/videoPreview_005_nNrS.webp,https://ok.ru/video/16754409409144,https://ok.ru/videoembed/16754409409144
2829,16754407770744,episode,Spidey y sus Sorprendentes Amigos,Spidey y sus Sorprendentes Amigos - Temporada 3 Episodio 2 - ,spidey-y-sus-sorprendentes-amigos,Spidey y sus Sorprendentes Amigos,3,,2,,,,Marvel,Superhéroes,Infantil,1080p,Español,false,24:05,1445,2,assets/spidey/videoPreview_013_nNrS.webp,https://ok.ru/video/16754407770744,https://ok.ru/videoembed/16754407770744
2830,16754406591096,episode,Spidey y sus Sorprendentes Amigos,Spidey y sus Sorprendentes Amigos - Temporada 3 Episodio 3 ,spidey-y-sus-sorprendentes-amigos,Spidey y sus Sorprendentes Amigos,3,,3,,,,Marvel,Superhéroes,Infantil,1080p,Español,false,23:36,1416,2,assets/spidey/videoPreview_009_nNrS.webp,https://ok.ru/video/16754406591096,https://ok.ru/videoembed/16754406591096
2831,16754402134648,episode,Spidey y sus Sorprendentes Amigos,Spidey y sus Sorprendentes Amigos - Temporada 3 Episodio 7 -,spidey-y-sus-sorprendentes-amigos,Spidey y sus Sorprendentes Amigos,3,,7,,,,Marvel,Superhéroes,Infantil,1080p,Español,false,24:05,1445,3,assets/spidey/videoPreview_003_nNrS.webp,https://ok.ru/video/16754402134648,https://ok.ru/videoembed/16754402134648
2832,16754396826232,episode,Spidey y sus Sorprendentes Amigos,Spidey y sus Sorprendentes Amigos - Temporada 3 Episodio 11 - ,spidey-y-sus-sorprendentes-amigos,Spidey y sus Sorprendentes Amigos,3,,11,,,,Marvel,Superhéroes,Infantil,1080p,Español,false,23:56,1436,1,assets/spidey/videoPreview_nNrS.webp,https://ok.ru/video/16754396826232,https://ok.ru/videoembed/16754396826232
2833,16754396301944,episode,Spidey y sus Sorprendentes Amigos,Spidey y sus Sorprendentes Amigos - Temporada 3 Episodio 12 -,spidey-y-sus-sorprendentes-amigos,Spidey y sus Sorprendentes Amigos,3,,12,,,,Marvel,Superhéroes,Infantil,1080p,Español,false,24:05,1445,1,assets/spidey/videoPreview_006_nNrS.webp,https://ok.ru/video/16754396301944,https://ok.ru/videoembed/16754396301944
2834,16754395581048,episode,Spidey y sus Sorprendentes Amigos,Spidey y sus Sorprendentes Amigos - Temporada 3 Episodio 13 -,spidey-y-sus-sorprendentes-amigos,Spidey y sus Sorprendentes Amigos,3,,13,,,,Marvel,Superhéroes,Infantil,1080p,Español,false,23:41,1421,1,assets/spidey/videoPreview_011_nNrS.webp,https://ok.ru/video/16754395581048,https://ok.ru/videoembed/16754395581048
2835,16754389027448,episode,Spidey y sus Sorprendentes Amigos,Spidey y sus Sorprendentes Amigos - Temporada 3 Episodio 14 -,spidey-y-sus-sorprendentes-amigos,Spidey y sus Sorprendentes Amigos,3,,14,,,,Marvel,Superhéroes,Infantil,1080p,Español,false,23:29,1409,1,assets/spidey/videoPreview_010_nNrS.webp,https://ok.ru/video/16754389027448,https://ok.ru/videoembed/16754389027448
2836,16754385750648,episode,Spidey y sus Sorprendentes Amigos,Spidey y sus Sorprendentes Amigos - Temporada 3 Episodio 16 - ,spidey-y-sus-sorprendentes-amigos,Spidey y sus Sorprendentes Amigos,3,,16,,,,Marvel,Superhéroes,Infantil,1080p,Español,false,23:33,1413,1,assets/spidey/videoPreview_002_nNrS.webp,https://ok.ru/video/16754385750648,https://ok.ru/videoembed/16754385750648
2837,16759003023992,episode,Spidey y sus Sorprendentes Amigos,Spidey Y Sus Sorprendentes Amigos - Temporada 3 Episodio 17 -,spidey-y-sus-sorprendentes-amigos,Spidey y sus Sorprendentes Amigos,3,,17,,,,Marvel,Superhéroes,Infantil,1080p,Español,false,24:08,1448,5,assets/spidey/videoPreview_008_nNrS.webp,https://ok.ru/video/16759003023992,https://ok.ru/videoembed/16759003023992
2838,16759002565240,episode,Spidey y sus Sorprendentes Amigos,Spidey Y Sus Sorprendentes Amigos - Temporada 3 Episodio 19 - ,spidey-y-sus-sorprendentes-amigos,Spidey y sus Sorprendentes Amigos,3,,19,,,,Marvel,Superhéroes,Infantil,1080p,Español,false,24:07,1447,4,assets/spidey/videoPreview_041_nNrS.webp,https://ok.ru/video/16759002565240,https://ok.ru/videoembed/16759002565240
2839,16759001975416,episode,Spidey y sus Sorprendentes Amigos,Spidey Y Sus Sorprendentes Amigos - Temporada 3 Episodio 20 -,spidey-y-sus-sorprendentes-amigos,Spidey y sus Sorprendentes Amigos,3,,20,,,,Marvel,Superhéroes,Infantil,1080p,Español,false,24:08,1448,4,assets/spidey/videoPreview_040_nNrS.webp,https://ok.ru/video/16759001975416,https://ok.ru/videoembed/16759001975416
2840,16759001647736,episode,Spidey y sus Sorprendentes Amigos,Spidey Y Sus Sorprendentes Amigos - Temporada 3 Episodio 23 -,spidey-y-sus-sorprendentes-amigos,Spidey y sus Sorprendentes Amigos,3,,23,,,,Marvel,Superhéroes,Infantil,1080p,Español,false,24:05,1445,3,assets/spidey/videoPreview_042_nNrS.webp,https://ok.ru/video/16759001647736,https://ok.ru/videoembed/16759001647736
2841,16759001320056,episode,Spidey y sus Sorprendentes Amigos,Spidey Y Sus Sorprendentes Amigos - Temporada 3 Episodio 24 -,spidey-y-sus-sorprendentes-amigos,Spidey y sus Sorprendentes Amigos,3,,24,,,,Marvel,Superhéroes,Infantil,1080p,Español,false,24:07,1447,4,assets/spidey/videoPreview_043_nNrS.webp,https://ok.ru/video/16759001320056,https://ok.ru/videoembed/16759001320056
2842,16759001254520,episode,Spidey y sus Sorprendentes Amigos,Spidey Y Sus Sorprendentes Amigos - Temporada 3 Episodio 25 -,spidey-y-sus-sorprendentes-amigos,Spidey y sus Sorprendentes Amigos,3,,25,,,,Marvel,Superhéroes,Infantil,1080p,Español,false,24:08,1448,4,assets/spidey/videoPreview_045_nNrS.webp,https://ok.ru/video/16759001254520,https://ok.ru/videoembed/16759001254520
2843,16759001123448,episode,Spidey y sus Sorprendentes Amigos,Spidey Y Sus Sorprendentes Amigos - Temporada 3 Episodio 26 -,spidey-y-sus-sorprendentes-amigos,Spidey y sus Sorprendentes Amigos,3,,26,,,,Marvel,Superhéroes,Infantil,1080p,Español,false,24:06,1446,3,assets/spidey/videoPreview_044_nNrS.webp,https://ok.ru/video/16759001123448,https://ok.ru/videoembed/16759001123448
2844,16758998239864,episode,Spidey y sus Sorprendentes Amigos,Spidey Y Sus Sorprendentes Amigos - Temporada 3 Episodio 29 -,spidey-y-sus-sorprendentes-amigos,Spidey y sus Sorprendentes Amigos,3,,29,,,,Marvel,Superhéroes,Infantil,1080p,Español,false,24:08,1448,3,assets/spidey/videoPreview_046_nNrS.webp,https://ok.ru/video/16758998239864,https://ok.ru/videoembed/16758998239864
2845,16758998108792,episode,Spidey y sus Sorprendentes Amigos,Spidey Y Sus Sorprendentes Amigos - Temporada 3 Episodio 30 -,spidey-y-sus-sorprendentes-amigos,Spidey y sus Sorprendentes Amigos,3,,30,,,,Marvel,Superhéroes,Infantil,1080p,Español,false,24:07,1447,4,assets/spidey/videoPreview_047_nNrS.webp,https://ok.ru/video/16758998108792,https://ok.ru/videoembed/16758998108792
2846,16758998043256,episode,Spidey y sus Sorprendentes Amigos,Spidey Y Sus Sorprendentes Amigos - Temporada 4 Episodio 1 -,spidey-y-sus-sorprendentes-amigos,Spidey y sus Sorprendentes Amigos,4,,1,,,,Marvel,Superhéroes,Infantil,1080p,Español,false,24:06,1446,2,assets/spidey/videoPreview_049_nNrS.webp,https://ok.ru/video/16758998043256,https://ok.ru/videoembed/16758998043256
2847,16758997846648,episode,Spidey y sus Sorprendentes Amigos,Spidey Y Sus Sorprendentes Amigos - Temporada 5 Episodio 1 -,spidey-y-sus-sorprendentes-amigos,Spidey y sus Sorprendentes Amigos,5,,1,,,,Marvel,Superhéroes,Infantil,1080p,Español,false,23:54,1434,4,assets/spidey/videoPreview_048_nNrS.webp,https://ok.ru/video/16758997846648,https://ok.ru/videoembed/16758997846648
2848,16758997650040,episode,Spidey y sus Sorprendentes Amigos,Spidey Y Sus Sorprendentes Amigos - Temporada 5 Episodio 2 -,spidey-y-sus-sorprendentes-amigos,Spidey y sus Sorprendentes Amigos,5,,2,,,,Marvel,Superhéroes,Infantil,1080p,Español,false,23:54,1434,1,assets/spidey/videoPreview_050_nNrS.webp,https://ok.ru/video/16758997650040,https://ok.ru/videoembed/16758997650040
